# Made in Blockbench 5.2.0-beta.1
mtllib continuous_casting_machine.mtl

o mesh
v 0.9889518749999999 3.189395625 -0.375
v 0.5 1.375 2
v 0.375 4 -2.53125
v 0.375 4 -2.78125
v 0.375 3.6875 -2.53125
v 0.375 3.6875 -2.78125
v 0.125 4 -2.53125
v 0.125 4 -2.78125
v 0.125 3.6875 -2.53125
v 0.125 3.6875 -2.78125
v -0.125 4 -2.53125
v -0.125 4 -2.78125
v -0.125 3.6875 -2.53125
v -0.125 3.6875 -2.78125
v -0.375 4 -2.53125
v -0.375 4 -2.78125
v -0.375 3.6875 -2.53125
v -0.375 3.6875 -2.78125
v 0.875 4 -2.53125
v 0.875 4 -2.78125
v 0.875 3.6875 -2.53125
v 0.875 3.6875 -2.78125
v 0.625 4 -2.53125
v 0.625 4 -2.78125
v 0.625 3.6875 -2.53125
v 0.625 3.6875 -2.78125
v 1.375 4 -2.53125
v 1.375 4 -2.78125
v 1.375 3.6875 -2.53125
v 1.375 3.6875 -2.78125
v 1.125 4 -2.53125
v 1.125 4 -2.78125
v 1.125 3.6875 -2.53125
v 1.125 3.6875 -2.78125
v 1.5 3.8125 -2.8125
v 1.5 3.8125 -3
v 1.5 3 -2.8125
v 1.5 3 -3
v -0.5 3.8125 -2.8125
v -0.5 3.8125 -3
v -0.5 3 -2.8125
v -0.5 3 -3
v 1.5 3.8125 -2.375
v 1.5 3.8125 -2.5625
v 1.5 3 -2.375
v 1.5 3 -2.5625
v -0.5 3.8125 -2.375
v -0.5 3.8125 -2.5625
v -0.5 3 -2.375
v -0.5 3 -2.5625
v 1.5 5 -2.8125
v 1.5 5 -3
v 1.5 4 -2.8125
v 1.5 4 -3
v 1 5 -2.8125
v 1 5 -3
v 1 4 -2.8125
v 1 4 -3
v 1.5 5 -2
v 1.5 5 -2.1875
v 1.5 4 -2
v 1.5 4 -2.1875
v 1 5 -2
v 1 5 -2.1875
v 1 4 -2
v 1 4 -2.1875
v 1 5 -2
v 1 5 -2.1875
v 1 4 -2
v 1 4 -2.1875
v 0 5 -2
v 0 5 -2.1875
v 0 4 -2
v 0 4 -2.1875
v 1 4.1875 -2.1875
v 1 4.1875 -2.8125
v 1 4 -2.1875
v 1 4 -2.8125
v 0 4.1875 -2.1875
v 0 4.1875 -2.8125
v 0 4 -2.1875
v 0 4 -2.8125
v 1 4.1875 -2.1875
v 1 4.1875 -2.8125
v 1 4 -2.1875
v 1 4 -2.8125
v 1.5 4.1875 -2.1875
v 1.5 4.1875 -2.8125
v 1.5 4 -2.1875
v 1.5 4 -2.8125
v 0 4.1875 -2.1875
v 0 4.1875 -2.8125
v 0 4 -2.1875
v 0 4 -2.8125
v -0.5 4.1875 -2.1875
v -0.5 4.1875 -2.8125
v -0.5 4 -2.1875
v -0.5 4 -2.8125
v 2 5 -2
v 2 5 -3
v 2 4 -2
v 2 4 -3
v 1.5 5 -2
v 1.5 5 -3
v 1.5 4 -2
v 1.5 4 -3
v -1 5 -2
v -1 5 -3
v -1 4 -2
v -1 4 -3
v -0.5 5 -2
v -0.5 5 -3
v -0.5 4 -2
v -0.5 4 -3
v -0.5 5 -2
v -0.5 5 -2.1875
v -0.5 4 -2
v -0.5 4 -2.1875
v 0 5 -2
v 0 5 -2.1875
v 0 4 -2
v 0 4 -2.1875
v -0.5 5 -2.8125
v -0.5 5 -3
v -0.5 4 -2.8125
v -0.5 4 -3
v 0 5 -2.8125
v 0 5 -3
v 0 4 -2.8125
v 0 4 -3
v 1 4 4
v 1 4 3.5
v 1 3 4
v 1 3 3.5
v 0 4 4
v 0 4 3.5
v 0 3 4
v 0 3 3.5
v 1 5 -2.8125
v 1 5 -3
v 1 4 -2.8125
v 1 4 -3
v 0 5 -2.8125
v 0 5 -3
v 0 4 -2.8125
v 0 4 -3
v 1 5 4
v 1 5 3
v 1 4 4
v 1 4 3
v 0 5 4
v 0 5 3
v 0 4 4
v 0 4 3
v 1 2 -2.5
v 1 2 -3
v 1 1 -2.5
v 1 1 -3
v 0 2 -2.5
v 0 2 -3
v 0 1 -2.5
v 0 1 -3
v 1 2 4
v 1 2 3
v 1 1 4
v 1 1 3
v 0 2 4
v 0 2 3
v 0 1 4
v 0 1 3
v 1 3.4375 1
v 1 3.4375 0.5
v 1 3.1875 1
v 1 3.1875 0.5
v 0 3.4375 1
v 0 3.4375 0.5
v 0 3.1875 1
v 0 3.1875 0.5
v 1 3.4375 0
v 1 3.4375 -0.5
v 1 3.1875 0
v 1 3.1875 -0.5
v 0 3.4375 0
v 0 3.4375 -0.5
v 0 3.1875 0
v 0 3.1875 -0.5
v 1 3.4375 3
v 1 3.4375 2.5
v 1 3.1875 3
v 1 3.1875 2.5
v 0 3.4375 3
v 0 3.4375 2.5
v 0 3.1875 3
v 0 3.1875 2.5
v 1 3.4375 2
v 1 3.4375 1.5
v 1 3.1875 2
v 1 3.1875 1.5
v 0 3.4375 2
v 0 3.4375 1.5
v 0 3.1875 2
v 0 3.1875 1.5
v 0.18782500000000002 3.3661725000000002 1.875
v 0.18782500000000002 3.3661725000000002 1.625
v 0.011048124999999964 3.189395625 1.875
v 0.011048124999999964 3.189395625 1.625
v -0.519281875 4.07327875 1.875
v -0.519281875 4.07327875 1.625
v -0.696058125 3.8965025 1.875
v -0.696058125 3.8965025 1.625
v 0.18782500000000002 3.3661725000000002 0.875
v 0.18782500000000002 3.3661725000000002 0.625
v 0.011048124999999964 3.189395625 0.875
v 0.011048124999999964 3.189395625 0.625
v -0.519281875 4.07327875 0.875
v -0.519281875 4.07327875 0.625
v -0.696058125 3.8965025 0.875
v -0.696058125 3.8965025 0.625
v 0.18782500000000002 3.3661725000000002 2.875
v 0.18782500000000002 3.3661725000000002 2.625
v 0.011048124999999964 3.189395625 2.875
v 0.011048124999999964 3.189395625 2.625
v -0.519281875 4.07327875 2.875
v -0.519281875 4.07327875 2.625
v -0.696058125 3.8965025 2.875
v -0.696058125 3.8965025 2.625
v 0.6875 3.8125 1
v 0.6875 3.8125 0
v 0.6875 3.4375 1
v 0.6875 3.4375 0
v 0.3125 3.8125 1
v 0.3125 3.8125 0
v 0.3125 3.4375 1
v 0.3125 3.4375 0
v 0.6875 3.8125 2
v 0.6875 3.8125 1
v 0.6875 3.4375 2
v 0.6875 3.4375 1
v 0.3125 3.8125 2
v 0.3125 3.8125 1
v 0.3125 3.4375 2
v 0.3125 3.4375 1
v 0.6875 3.8125 3
v 0.6875 3.8125 2
v 0.6875 3.4375 3
v 0.6875 3.4375 2
v 0.3125 3.8125 3
v 0.3125 3.8125 2
v 0.3125 3.4375 3
v 0.3125 3.4375 2
v 0.6875 4.5625 3
v 0.6875 4.5625 2.625
v 0.6875 3.8125 3
v 0.6875 3.8125 2.625
v 0.3125 4.5625 3
v 0.3125 4.5625 2.625
v 0.3125 3.8125 3
v 0.3125 3.8125 2.625
v 0.6875 3.8125 0
v 0.6875 3.8125 -0.4375
v 0.6875 3.4375 0
v 0.6875 3.4375 -0.4375
v 0.3125 3.8125 0
v 0.3125 3.8125 -0.4375
v 0.3125 3.4375 0
v 0.3125 3.4375 -0.4375
v 0.75 3.801000625 -0.45738812500000003
v 0.75 3.359059375 -0.89933
v 0.75 3.535835625 -0.19222312499999994
v 0.75 3.093894375 -0.6341649999999999
v 0.25 3.801000625 -0.45738812500000003
v 0.25 3.359059375 -0.89933
v 0.25 3.535835625 -0.19222312499999994
v 0.25 3.093894375 -0.6341649999999999
v 1.3125 3.356849375 -0.9015399999999998
v 1.3125 3.1800725 -1.0783162499999999
v 1.3125 3.091684375 -0.6363750000000001
v 1.3125 2.9149075 -0.8131512500000002
v -0.3125 3.356849375 -0.9015399999999998
v -0.3125 3.1800725 -1.0783162499999999
v -0.3125 3.091684375 -0.6363750000000001
v -0.3125 2.9149075 -0.8131512500000002
v 1.375 3.449753125 -0.9553075
v 1.375 3.330164375 -1.2440193750000001
v 1.375 3.276525625 -0.8835543750000001
v 1.375 3.156936875 -1.1722662499999998
v -0.375 3.449753125 -0.9553075
v -0.375 3.330164375 -1.2440193750000001
v -0.375 3.276525625 -0.8835543750000001
v -0.375 3.156936875 -1.1722662499999998
v 1.375 3.26641 -0.876895625
v 1.375 3.045439375 -1.09786625
v 1.375 3.1338274999999998 -0.7443131250000001
v 1.375 2.912856875 -0.9652837500000002
v -0.375 3.26641 -0.876895625
v -0.375 3.045439375 -1.09786625
v -0.375 3.1338274999999998 -0.7443131250000001
v -0.375 2.912856875 -0.9652837500000002
v 1.375 3.127640625 -0.7303168750000002
v 1.375 2.838928125 -0.8499056249999999
v 1.375 3.0558875 -0.5570893749999999
v 1.375 2.767175 -0.676678125
v -0.375 3.127640625 -0.7303168750000002
v -0.375 2.838928125 -0.8499056249999999
v -0.375 3.0558875 -0.5570893749999999
v -0.375 2.767175 -0.676678125
v 1.875 4.5 4
v 1.875 4.5 3
v 1.875 4 4
v 1.875 4 3
v 1.375 4.5 4
v 1.375 4.5 3
v 1.375 4 4
v 1.375 4 3
v 1.875 4 4
v 1.875 4 3
v 1.875 3 4
v 1.875 3 3
v 1.375 4 4
v 1.375 4 3
v 1.375 3 4
v 1.375 3 3
v 1.875 3 4
v 1.875 3 3
v 1.875 2 4
v 1.875 2 3
v 1.375 3 4
v 1.375 3 3
v 1.375 2 4
v 1.375 2 3
v 1.875 2 4
v 1.875 2 3
v 1.875 1.5 4
v 1.875 1.5 3
v 1.375 2 4
v 1.375 2 3
v 1.375 1.5 4
v 1.375 1.5 3
v -0.375 2 4
v -0.375 2 3
v -0.375 1.5 4
v -0.375 1.5 3
v -0.875 2 4
v -0.875 2 3
v -0.875 1.5 4
v -0.875 1.5 3
v -0.375 3 4
v -0.375 3 3
v -0.375 2 4
v -0.375 2 3
v -0.875 3 4
v -0.875 3 3
v -0.875 2 4
v -0.875 2 3
v -0.375 4 4
v -0.375 4 3
v -0.375 3 4
v -0.375 3 3
v -0.875 4 4
v -0.875 4 3
v -0.875 3 4
v -0.875 3 3
v -0.375 4.5 4
v -0.375 4.5 3
v -0.375 4 4
v -0.375 4 3
v -0.875 4.5 4
v -0.875 4.5 3
v -0.875 4 4
v -0.875 4 3
v 1.4375 4.14111875 -1.51358375
v 1.4375 4.494671875 -1.867136875
v 1.4375 3.787565 -1.867136875
v 1.4375 4.14111875 -2.2206900000000003
v -0.4375 4.14111875 -1.51358375
v -0.4375 4.494671875 -1.867136875
v -0.4375 3.787565 -1.867136875
v -0.4375 4.14111875 -2.2206900000000003
v 1.4375 3.601949375 -1.68152125
v 1.4375 3.955503125 -2.035075
v 1.4375 3.24839625 -2.035075
v 1.4375 3.601949375 -2.3886281250000003
v -0.4375 3.601949375 -1.68152125
v -0.4375 3.955503125 -2.035075
v -0.4375 3.24839625 -2.035075
v -0.4375 3.601949375 -2.3886281250000003
v -0.5 4.0625 2
v -0.5 4.0625 1
v -0.5 3.8125 2
v -0.5 3.8125 1
v -0.75 4.0625 2
v -0.75 4.0625 1
v -0.75 3.8125 2
v -0.75 3.8125 1
v -0.5 4.0625 1
v -0.5 4.0625 0
v -0.5 3.8125 1
v -0.5 3.8125 0
v -0.75 4.0625 1
v -0.75 4.0625 0
v -0.75 3.8125 1
v -0.75 3.8125 0
v -0.5 4.0625 3
v -0.5 4.0625 2
v -0.5 3.8125 3
v -0.5 3.8125 2
v -0.75 4.0625 3
v -0.75 4.0625 2
v -0.75 3.8125 3
v -0.75 3.8125 2
v 1.5 4.0625 2
v 1.5 4.0625 1
v 1.5 3.8125 2
v 1.5 3.8125 1
v 1.75 4.0625 2
v 1.75 4.0625 1
v 1.75 3.8125 2
v 1.75 3.8125 1
v 1.5 4.0625 3
v 1.5 4.0625 2
v 1.5 3.8125 3
v 1.5 3.8125 2
v 1.75 4.0625 3
v 1.75 4.0625 2
v 1.75 3.8125 3
v 1.75 3.8125 2
v 1.5 4.0625 0
v 1.5 4.0625 -1
v 1.5 3.8125 0
v 1.5 3.8125 -1
v 1.75 4.0625 0
v 1.75 4.0625 -1
v 1.75 3.8125 0
v 1.75 3.8125 -1
v 1.5 4.0625 1
v 1.5 4.0625 0
v 1.5 3.8125 1
v 1.5 3.8125 0
v 1.75 4.0625 1
v 1.75 4.0625 0
v 1.75 3.8125 1
v 1.75 3.8125 0
v 1.5 4.0625 -1
v 1.5 4.0625 -2
v 1.5 3.8125 -1
v 1.5 3.8125 -2
v 1.75 4.0625 -1
v 1.75 4.0625 -2
v 1.75 3.8125 -1
v 1.75 3.8125 -2
v 0.8121750000000001 3.3661725000000002 1.875
v 0.8121750000000001 3.3661725000000002 1.625
v 0.9889518749999999 3.189395625 1.875
v 0.9889518749999999 3.189395625 1.625
v 1.519281875 4.07327875 1.875
v 1.519281875 4.07327875 1.625
v 1.696058125 3.8965025 1.875
v 1.696058125 3.8965025 1.625
v 0.8121750000000001 3.3661725000000002 0.875
v 0.8121750000000001 3.3661725000000002 0.625
v 0.9889518749999999 3.189395625 0.875
v 0.9889518749999999 3.189395625 0.625
v 1.519281875 4.07327875 0.875
v 1.519281875 4.07327875 0.625
v 1.696058125 3.8965025 0.875
v 1.696058125 3.8965025 0.625
v 0.8121750000000001 3.3661725000000002 -0.125
v 0.8121750000000001 3.3661725000000002 -0.375
v 0.9889518749999999 3.189395625 -0.125
v 1.519281875 4.07327875 -0.125
v 1.519281875 4.07327875 -0.375
v 1.696058125 3.8965025 -0.125
v 1.696058125 3.8965025 -0.375
v 0.18782500000000002 3.3661725000000002 -0.125
v 0.18782500000000002 3.3661725000000002 -0.375
v 0.011048124999999964 3.189395625 -0.125
v 0.011048124999999964 3.189395625 -0.375
v -0.519281875 4.07327875 -0.125
v -0.519281875 4.07327875 -0.375
v -0.696058125 3.8965025 -0.125
v -0.696058125 3.8965025 -0.375
v -0.5 4.0625 -1
v -0.5 4.0625 -2
v -0.5 3.8125 -1
v -0.5 3.8125 -2
v -0.75 4.0625 -1
v -0.75 4.0625 -2
v -0.75 3.8125 -1
v -0.75 3.8125 -2
v -0.5 4.0625 0
v -0.5 4.0625 -1
v -0.5 3.8125 0
v -0.5 3.8125 -1
v -0.75 4.0625 0
v -0.75 4.0625 -1
v -0.75 3.8125 0
v -0.75 3.8125 -1
v 0.8121750000000001 3.3661725000000002 2.875
v 0.8121750000000001 3.3661725000000002 2.625
v 0.9889518749999999 3.189395625 2.875
v 0.9889518749999999 3.189395625 2.625
v 1.519281875 4.07327875 2.875
v 1.519281875 4.07327875 2.625
v 1.696058125 3.8965025 2.875
v 1.696058125 3.8965025 2.625
v 2 5 4
v 2 5 3
v 2 4.5 4
v 2 4.5 3
v 1 5 4
v 1 5 3
v 1 4.5 4
v 1 4.5 3
v 2 5 3
v 2 5 2
v 2 4.5 3
v 2 4.5 2
v 1 5 3
v 1 5 2
v 1 4.5 3
v 1 4.5 2
v 1 5 3
v 1 5 2
v 1 4.5 3
v 1 4.5 2
v 0 5 3
v 0 5 2
v 0 4.5 3
v 0 4.5 2
v 0 5 4
v 0 5 3
v 0 4.5 4
v 0 4.5 3
v -1 5 4
v -1 5 3
v -1 4.5 4
v -1 4.5 3
v 0 5 3
v 0 5 2
v 0 4.5 3
v 0 4.5 2
v -1 5 3
v -1 5 2
v -1 4.5 3
v -1 4.5 2
v 0 5 2
v 0 5 1
v 0 4.5 2
v 0 4.5 1
v -1 5 2
v -1 5 1
v -1 4.5 2
v -1 4.5 1
v 1 5 2
v 1 5 1
v 1 4.5 2
v 1 4.5 1
v 0 5 2
v 0 5 1
v 0 4.5 2
v 0 4.5 1
v 2 5 2
v 2 5 1
v 2 4.5 2
v 2 4.5 1
v 1 5 2
v 1 5 1
v 1 4.5 2
v 1 4.5 1
v 2 5 1
v 2 5 0
v 2 4.5 1
v 2 4.5 0
v 1 5 1
v 1 5 0
v 1 4.5 1
v 1 4.5 0
v 1 5 1
v 1 5 0
v 1 4.5 1
v 1 4.5 0
v 0 5 1
v 0 5 0
v 0 4.5 1
v 0 4.5 0
v 0 5 1
v 0 5 0
v 0 4.5 1
v 0 4.5 0
v -1 5 1
v -1 5 0
v -1 4.5 1
v -1 4.5 0
v 0 5 0
v 0 5 -1
v 0 4.5 0
v 0 4.5 -1
v -1 5 0
v -1 5 -1
v -1 4.5 0
v -1 4.5 -1
v 1 5 0
v 1 5 -1
v 1 4.5 0
v 1 4.5 -1
v 0 5 0
v 0 5 -1
v 0 4.5 0
v 0 4.5 -1
v 2 5 0
v 2 5 -1
v 2 4.5 0
v 2 4.5 -1
v 1 5 0
v 1 5 -1
v 1 4.5 0
v 1 4.5 -1
v 2 5 -1
v 2 5 -2
v 2 4.5 -1
v 2 4.5 -2
v 1 5 -1
v 1 5 -2
v 1 4.5 -1
v 1 4.5 -2
v 1 5 -1
v 1 5 -2
v 1 4.5 -1
v 1 4.5 -2
v 0 5 -1
v 0 5 -2
v 0 4.5 -1
v 0 4.5 -2
v 0 5 -1
v 0 5 -2
v 0 4.5 -1
v 0 4.5 -2
v -1 5 -1
v -1 5 -2
v -1 4.5 -1
v -1 4.5 -2
v 1.5 1.9375 1
v 1.5 1.9375 0.5
v 1.5 1.6875 1
v 1.5 1.6875 0.5
v 0.5 1.9375 1
v 0.5 1.9375 0.5
v 0.5 1.6875 1
v 0.5 1.6875 0.5
v 0.5 1.9375 1
v 0.5 1.9375 0.5
v 0.5 1.6875 1
v 0.5 1.6875 0.5
v -0.5 1.9375 1
v -0.5 1.9375 0.5
v -0.5 1.6875 1
v -0.5 1.6875 0.5
v 1.875 2 1
v 1.875 2 0.5
v 1.875 1 1
v 1.875 1 0.5
v 1.5 2 1
v 1.5 2 0.5
v 1.5 1 1
v 1.5 1 0.5
v 1.875 2.75 1
v 1.875 2.75 0.875
v 1.875 2 1
v 1.875 2 0.875
v 1.5 2.75 1
v 1.5 2.75 0.875
v 1.5 2 1
v 1.5 2 0.875
v -0.5 2.75 1
v -0.5 2.75 0.875
v -0.5 2 1
v -0.5 2 0.875
v -0.875 2.75 1
v -0.875 2.75 0.875
v -0.875 2 1
v -0.875 2 0.875
v -0.5625 2.7021643749999997 0.9904849999999996
v -0.5625 2.75 0.875
v -0.5625 1.89377 0.6556368749999999
v -0.5625 1.941605625 0.5401518750000003
v -0.8125 2.7021643749999997 0.9904849999999996
v -0.8125 2.75 0.875
v -0.8125 1.89377 0.6556368749999999
v -0.8125 1.941605625 0.5401518750000003
v 1.8125 2.7021643749999997 0.9904849999999996
v 1.8125 2.75 0.875
v 1.8125 1.89377 0.6556368749999999
v 1.8125 1.941605625 0.5401518750000003
v 1.5625 2.7021643749999997 0.9904849999999996
v 1.5625 2.75 0.875
v 1.5625 1.89377 0.6556368749999999
v 1.5625 1.941605625 0.5401518750000003
v -0.875 2 1
v -0.875 2 0.5
v -0.875 1 1
v -0.875 1 0.5
v -0.5 2 1
v -0.5 2 0.5
v -0.5 1 1
v -0.5 1 0.5
v 2 0.5 -1
v 2 0.5 -2
v 2 0 -1
v 2 0 -2
v 1 0.5 -1
v 1 0.5 -2
v 1 0 -1
v 1 0 -2
v 1 0.5 -1
v 1 0.5 -2
v 1 0 -1
v 1 0 -2
v 0 0.5 -1
v 0 0.5 -2
v 0 0 -1
v 0 0 -2
v 2 3 -2
v 2 3 -3
v 2 2 -2
v 2 2 -3
v 1.5 3 -2
v 1.5 3 -3
v 1.5 2 -2
v 1.5 2 -3
v 2 2 -2
v 2 2 -3
v 2 1 -2
v 2 1 -3
v 1.5 2 -2
v 1.5 2 -3
v 1.5 1 -2
v 1.5 1 -3
v 2 2 -1
v 2 2 -2
v 2 1 -1
v 2 1 -2
v 1.5 2 -1
v 1.5 2 -2
v 1.5 1 -1
v 1.5 1 -2
v -0.5 2 -1
v -0.5 2 -2
v -0.5 1 -1
v -0.5 1 -2
v -1 2 -1
v -1 2 -2
v -1 1 -1
v -1 1 -2
v -0.5 3 -2
v -0.5 3 -3
v -0.5 2 -2
v -0.5 2 -3
v -1 3 -2
v -1 3 -3
v -1 2 -2
v -1 2 -3
v -0.5 2 -2
v -0.5 2 -3
v -0.5 1 -2
v -0.5 1 -3
v -1 2 -2
v -1 2 -3
v -1 1 -2
v -1 1 -3
v 0 3.25 3.875
v 0 3.25 3.625
v 0 3 3.875
v 0 3 3.625
v -0.5 3.25 3.875
v -0.5 3.25 3.625
v -0.5 3 3.875
v -0.5 3 3.625
v 1.5 3.25 3.875
v 1.5 3.25 3.625
v 1.5 3 3.875
v 1.5 3 3.625
v 1 3.25 3.875
v 1 3.25 3.625
v 1 3 3.875
v 1 3 3.625
v 0 4 3.875
v 0 4 3.625
v 0 3.75 3.875
v 0 3.75 3.625
v -0.5 4 3.875
v -0.5 4 3.625
v -0.5 3.75 3.875
v -0.5 3.75 3.625
v 1.5 4 3.875
v 1.5 4 3.625
v 1.5 3.75 3.875
v 1.5 3.75 3.625
v 1 4 3.875
v 1 4 3.625
v 1 3.75 3.875
v 1 3.75 3.625
v -0.5 2.5 -1.5
v -0.5 2.5 -2
v -0.5 2 -1.5
v -0.5 2 -2
v -1 2.5 -1.5
v -1 2.5 -2
v -1 2 -1.5
v -1 2 -2
v 2 2.5 -1.5
v 2 2.5 -2
v 2 2 -1.5
v 2 2 -2
v 1.5 2.5 -1.5
v 1.5 2.5 -2
v 1.5 2 -1.5
v 1.5 2 -2
v 2 4 -2
v 2 4 -3
v 2 3 -2
v 2 3 -3
v 1.5 4 -2
v 1.5 4 -3
v 1.5 3 -2
v 1.5 3 -3
v -0.5 4 -2
v -0.5 4 -3
v -0.5 3 -2
v -0.5 3 -3
v -1 4 -2
v -1 4 -3
v -1 3 -2
v -1 3 -3
v 2 1.5 0
v 2 1.5 -1
v 2 1 0
v 2 1 -1
v 1.5 1.5 0
v 1.5 1.5 -1
v 1.5 1 0
v 1.5 1 -1
v 2 1 0
v 2 1 -1
v 2 0.5 0
v 2 0.5 -1
v 1.5 1 0
v 1.5 1 -1
v 1.5 0.5 0
v 1.5 0.5 -1
v 2 1 1
v 2 1 0
v 2 0.5 1
v 2 0.5 0
v 1.5 1 1
v 1.5 1 0
v 1.5 0.5 1
v 1.5 0.5 0
v 2 1 2
v 2 1 1
v 2 0.5 2
v 2 0.5 1
v 1.5 1 2
v 1.5 1 1
v 1.5 0.5 2
v 1.5 0.5 1
v 2 1 3
v 2 1 2
v 2 0.5 3
v 2 0.5 2
v 1.5 1 3
v 1.5 1 2
v 1.5 0.5 3
v 1.5 0.5 2
v 2 1 4
v 2 1 3
v 2 0.5 4
v 2 0.5 3
v 1 1 4
v 1 1 3
v 1 0.5 4
v 1 0.5 3
v 2 1.5 4
v 2 1.5 3
v 2 1 4
v 2 1 3
v 1 1.5 4
v 1 1.5 3
v 1 1 4
v 1 1 3
v 0 1.5 4
v 0 1.5 3
v 0 1 4
v 0 1 3
v -1 1.5 4
v -1 1.5 3
v -1 1 4
v -1 1 3
v 0 1.375 2
v 0 1.375 1
v 0 0.875 2
v 0 0.875 1
v -0.5 1.375 2
v -0.5 1.375 1
v -0.5 0.875 2
v -0.5 0.875 1
v 0.5 1.375 1
v 0.5 0.875 2
v 0.5 0.875 1
v 0 1.375 2
v 0 1.375 1
v 0 0.875 2
v 0 0.875 1
v 1 1.375 2
v 1 1.375 1
v 1 0.875 2
v 1 0.875 1
v 0.5 1.375 2
v 0.5 1.375 1
v 0.5 0.875 2
v 0.5 0.875 1
v 1.5 1.375 2
v 1.5 1.375 1
v 1.5 0.875 2
v 1.5 0.875 1
v 1 1.375 2
v 1 1.375 1
v 1 0.875 2
v 1 0.875 1
v 1.5 1.375 2.8125
v 1.5 1.375 2.5625
v 1.5 0.875 2.8125
v 1.5 0.875 2.5625
v 1 1.375 2.8125
v 1 1.375 2.5625
v 1 0.875 2.8125
v 1 0.875 2.5625
v 1 1.375 2.8125
v 1 1.375 2.5625
v 1 0.875 2.8125
v 1 0.875 2.5625
v 0.5 1.375 2.8125
v 0.5 1.375 2.5625
v 0.5 0.875 2.8125
v 0.5 0.875 2.5625
v 0.5 1.375 2.8125
v 0.5 1.375 2.5625
v 0.5 0.875 2.8125
v 0.5 0.875 2.5625
v 0 1.375 2.8125
v 0 1.375 2.5625
v 0 0.875 2.8125
v 0 0.875 2.5625
v 0 1.375 2.8125
v 0 1.375 2.5625
v 0 0.875 2.8125
v 0 0.875 2.5625
v -0.5 1.375 2.8125
v -0.5 1.375 2.5625
v -0.5 0.875 2.8125
v -0.5 0.875 2.5625
v 1.1546875 1.51875 2.628125
v 1.1546875 1.51875 2.565625
v 1.1546875 1.2687499999999998 2.628125
v 1.1546875 1.2687499999999998 2.565625
v 1.0921875 1.51875 2.628125
v 1.0921875 1.51875 2.565625
v 1.0921875 1.2687499999999998 2.628125
v 1.0921875 1.2687499999999998 2.565625
v 0.6546875000000001 1.51875 2.628125
v 0.6546875000000001 1.51875 2.565625
v 0.6546875000000001 1.2687499999999998 2.628125
v 0.6546875000000001 1.2687499999999998 2.565625
v 0.5921875000000001 1.51875 2.628125
v 0.5921875000000001 1.51875 2.565625
v 0.5921875000000001 1.2687499999999998 2.628125
v 0.5921875000000001 1.2687499999999998 2.565625
v 0.15468749999999998 1.51875 2.628125
v 0.15468749999999998 1.51875 2.565625
v 0.15468749999999998 1.2687499999999998 2.628125
v 0.15468749999999998 1.2687499999999998 2.565625
v 0.09218749999999998 1.51875 2.628125
v 0.09218749999999998 1.51875 2.565625
v 0.09218749999999998 1.2687499999999998 2.628125
v 0.09218749999999998 1.2687499999999998 2.565625
v -0.3453125 1.51875 2.628125
v -0.3453125 1.51875 2.565625
v -0.3453125 1.2687499999999998 2.628125
v -0.3453125 1.2687499999999998 2.565625
v -0.4078125 1.51875 2.628125
v -0.4078125 1.51875 2.565625
v -0.4078125 1.2687499999999998 2.628125
v -0.4078125 1.2687499999999998 2.565625
v 1.4375 1.5 1.8812499999999996
v 1.4375 1.5 1.1312499999999996
v 1.4375 1.375 1.8812499999999996
v 1.4375 1.375 1.1312499999999996
v 1.0625 1.5 1.8812499999999996
v 1.0625 1.5 1.1312499999999996
v 1.0625 1.375 1.8812499999999996
v 1.0625 1.375 1.1312499999999996
v 1.4375 2.0625 0.9375
v 1.4375 2.0625 0.5625
v 1.4375 1.9375 0.9375
v 1.4375 1.9375 0.5625
v 1.0625 2.0625 0.9375
v 1.0625 2.0625 0.5625
v 1.0625 1.9375 0.9375
v 1.0625 1.9375 0.5625
v 1.4375 2.220970625 1.2575824999999998
v 1.4375 1.955805625 0.9924175000000002
v 1.4375 1.8674175 1.6111356250000002
v 1.4375 1.6022525 1.3459706249999996
v 1.0625 2.220970625 1.2575824999999998
v 1.0625 1.955805625 0.9924175000000002
v 1.0625 1.8674175 1.6111356250000002
v 1.0625 1.6022525 1.3459706249999996
v 1.46875 2.33145625 1.19129125
v 1.46875 2.022096875 0.8819318750000003
v 1.46875 2.2430681249999997 1.2796793749999997
v 1.46875 1.93370875 0.9703206250000003
v 1.03125 2.33145625 1.19129125
v 1.03125 2.022096875 0.8819318750000003
v 1.03125 2.2430681249999997 1.2796793749999997
v 1.03125 1.93370875 0.9703206250000003
v -0.1875 1.690640625 1.6111356250000002
v -0.1875 1.6022525 1.5227475000000004
v -0.1875 1.4254756249999998 1.87630125
v -0.1875 1.3370875 1.7879125
v -0.3125 1.690640625 1.6111356250000002
v -0.3125 1.6022525 1.5227475000000004
v -0.3125 1.4254756249999998 1.87630125
v -0.3125 1.3370875 1.7879125
v 0.3125 1.690640625 1.6111356250000002
v 0.3125 1.6022525 1.5227475000000004
v 0.3125 1.4254756249999998 1.87630125
v 0.3125 1.3370875 1.7879125
v 0.1875 1.690640625 1.6111356250000002
v 0.1875 1.6022525 1.5227475000000004
v 0.1875 1.4254756249999998 1.87630125
v 0.1875 1.3370875 1.7879125
v 0.8125 1.690640625 1.6111356250000002
v 0.8125 1.6022525 1.5227475000000004
v 0.8125 1.4254756249999998 1.87630125
v 0.8125 1.3370875 1.7879125
v 0.6875 1.690640625 1.6111356250000002
v 0.6875 1.6022525 1.5227475000000004
v 0.6875 1.4254756249999998 1.87630125
v 0.6875 1.3370875 1.7879125
v 1.3125 1.690640625 1.6111356250000002
v 1.3125 1.6022525 1.5227475000000004
v 1.3125 1.4254756249999998 1.87630125
v 1.3125 1.3370875 1.7879125
v 1.1875 1.690640625 1.6111356250000002
v 1.1875 1.6022525 1.5227475000000004
v 1.1875 1.4254756249999998 1.87630125
v 1.1875 1.3370875 1.7879125
v 1.3125 2.486135625 0.8156406250000003
v 1.3125 2.3977475 0.7272524999999996
v 1.3125 2.220970625 1.080805625
v 1.3125 2.1325825 0.9924175000000002
v 1.1875 2.486135625 0.8156406250000003
v 1.1875 2.3977475 0.7272524999999996
v 1.1875 2.220970625 1.080805625
v 1.1875 2.1325825 0.9924175000000002
v 1.3109375 2.484375 0.8125
v 1.3109375 2.484375 0.6875
v 1.3109375 2.046875 0.8125
v 1.3109375 2.046875 0.6875
v 1.1859375 2.484375 0.8125
v 1.1859375 2.484375 0.6875
v 1.1859375 2.046875 0.8125
v 1.1859375 2.046875 0.6875
v 0.8109375000000001 2.484375 0.8125
v 0.8109375000000001 2.484375 0.6875
v 0.8109375000000001 2.046875 0.8125
v 0.8109375000000001 2.046875 0.6875
v 0.6859375000000001 2.484375 0.8125
v 0.6859375000000001 2.484375 0.6875
v 0.6859375000000001 2.046875 0.8125
v 0.6859375000000001 2.046875 0.6875
v 0.3109375 2.484375 0.8125
v 0.3109375 2.484375 0.6875
v 0.3109375 2.046875 0.8125
v 0.3109375 2.046875 0.6875
v 0.18593749999999998 2.484375 0.8125
v 0.18593749999999998 2.484375 0.6875
v 0.18593749999999998 2.046875 0.8125
v 0.18593749999999998 2.046875 0.6875
v -0.18906250000000002 2.484375 0.8125
v -0.18906250000000002 2.484375 0.6875
v -0.18906250000000002 2.046875 0.8125
v -0.18906250000000002 2.046875 0.6875
v -0.3140625 2.484375 0.8125
v -0.3140625 2.484375 0.6875
v -0.3140625 2.046875 0.8125
v -0.3140625 2.046875 0.6875
v 0.8125 2.486135625 0.8156406250000003
v 0.8125 2.3977475 0.7272524999999996
v 0.8125 2.220970625 1.080805625
v 0.8125 2.1325825 0.9924175000000002
v 0.6875 2.486135625 0.8156406250000003
v 0.6875 2.3977475 0.7272524999999996
v 0.6875 2.220970625 1.080805625
v 0.6875 2.1325825 0.9924175000000002
v 0.3125 2.486135625 0.8156406250000003
v 0.3125 2.3977475 0.7272524999999996
v 0.3125 2.220970625 1.080805625
v 0.3125 2.1325825 0.9924175000000002
v 0.1875 2.486135625 0.8156406250000003
v 0.1875 2.3977475 0.7272524999999996
v 0.1875 2.220970625 1.080805625
v 0.1875 2.1325825 0.9924175000000002
v -0.1875 2.486135625 0.8156406250000003
v -0.1875 2.3977475 0.7272524999999996
v -0.1875 2.220970625 1.080805625
v -0.1875 2.1325825 0.9924175000000002
v -0.3125 2.486135625 0.8156406250000003
v -0.3125 2.3977475 0.7272524999999996
v -0.3125 2.220970625 1.080805625
v -0.3125 2.1325825 0.9924175000000002
v -0.34375 2.59662125 1.014514375
v -0.34375 2.552426875 0.9703206250000003
v -0.34375 1.889514375 1.72162125
v -0.34375 1.845320625 1.677426875
v -0.40625 2.59662125 1.014514375
v -0.40625 2.552426875 0.9703206250000003
v -0.40625 1.889514375 1.72162125
v -0.40625 1.845320625 1.677426875
v -0.34375 1.903063125 1.7013449999999999
v -0.34375 1.845320625 1.677426875
v -0.34375 1.520379375 2.625224375
v -0.34375 1.4626368749999998 2.6013062500000004
v -0.40625 1.903063125 1.7013449999999999
v -0.40625 1.845320625 1.677426875
v -0.40625 1.520379375 2.625224375
v -0.40625 1.4626368749999998 2.6013062500000004
v 0.15625 1.903063125 1.7013449999999999
v 0.15625 1.845320625 1.677426875
v 0.15625 1.520379375 2.625224375
v 0.15625 1.4626368749999998 2.6013062500000004
v 0.09375 1.903063125 1.7013449999999999
v 0.09375 1.845320625 1.677426875
v 0.09375 1.520379375 2.625224375
v 0.09375 1.4626368749999998 2.6013062500000004
v 0.65625 1.903063125 1.7013449999999999
v 0.65625 1.845320625 1.677426875
v 0.65625 1.520379375 2.625224375
v 0.65625 1.4626368749999998 2.6013062500000004
v 0.59375 1.903063125 1.7013449999999999
v 0.59375 1.845320625 1.677426875
v 0.59375 1.520379375 2.625224375
v 0.59375 1.4626368749999998 2.6013062500000004
v 1.15625 1.903063125 1.7013449999999999
v 1.15625 1.845320625 1.677426875
v 1.15625 1.520379375 2.625224375
v 1.15625 1.4626368749999998 2.6013062500000004
v 1.09375 1.903063125 1.7013449999999999
v 1.09375 1.845320625 1.677426875
v 1.09375 1.520379375 2.625224375
v 1.09375 1.4626368749999998 2.6013062500000004
v 0.15625 2.59662125 1.014514375
v 0.15625 2.552426875 0.9703206250000003
v 0.15625 1.889514375 1.72162125
v 0.15625 1.845320625 1.677426875
v 0.09375 2.59662125 1.014514375
v 0.09375 2.552426875 0.9703206250000003
v 0.09375 1.889514375 1.72162125
v 0.09375 1.845320625 1.677426875
v 0.5 2.625 1
v 0.5 2.625 0.9375
v 0.5 2.5 1
v 0.5 2.5 0.9375
v -0.5 2.625 1
v -0.5 2.625 0.9375
v -0.5 2.5 1
v -0.5 2.5 0.9375
v 1.5 2.625 1
v 1.5 2.625 0.9375
v 1.5 2.5 1
v 1.5 2.5 0.9375
v 0.5 2.625 1
v 0.5 2.625 0.9375
v 0.5 2.5 1
v 0.5 2.5 0.9375
v 0.5 2.6875 0.9375
v 0.5 2.6875 0.875
v 0.5 2.4375 0.9375
v 0.5 2.4375 0.875
v -0.5 2.6875 0.9375
v -0.5 2.6875 0.875
v -0.5 2.4375 0.9375
v -0.5 2.4375 0.875
v 1.5 2.6875 0.9375
v 1.5 2.6875 0.875
v 1.5 2.4375 0.9375
v 1.5 2.4375 0.875
v 0.5 2.6875 0.9375
v 0.5 2.6875 0.875
v 0.5 2.4375 0.9375
v 0.5 2.4375 0.875
v 0.65625 2.59662125 1.014514375
v 0.65625 2.552426875 0.9703206250000003
v 0.65625 1.889514375 1.72162125
v 0.65625 1.845320625 1.677426875
v 0.59375 2.59662125 1.014514375
v 0.59375 2.552426875 0.9703206250000003
v 0.59375 1.889514375 1.72162125
v 0.59375 1.845320625 1.677426875
v 1.15625 2.59662125 1.014514375
v 1.15625 2.552426875 0.9703206250000003
v 1.15625 1.889514375 1.72162125
v 1.15625 1.845320625 1.677426875
v 1.09375 2.59662125 1.014514375
v 1.09375 2.552426875 0.9703206250000003
v 1.09375 1.889514375 1.72162125
v 1.09375 1.845320625 1.677426875
v 1.46875 1.889514375 1.6332331250000003
v 1.46875 1.580155625 1.3238737499999997
v 1.46875 1.80112625 1.72162125
v 1.46875 1.4917668750000002 1.4122618750000004
v 1.03125 1.889514375 1.6332331250000003
v 1.03125 1.580155625 1.3238737499999997
v 1.03125 1.80112625 1.72162125
v 1.03125 1.4917668750000002 1.4122618750000004
v 0.9375 2.220970625 1.2575824999999998
v 0.9375 1.955805625 0.9924175000000002
v 0.9375 1.8674175 1.6111356250000002
v 0.9375 1.6022525 1.3459706249999996
v 0.5625 2.220970625 1.2575824999999998
v 0.5625 1.955805625 0.9924175000000002
v 0.5625 1.8674175 1.6111356250000002
v 0.5625 1.6022525 1.3459706249999996
v 0.96875 2.33145625 1.19129125
v 0.96875 2.022096875 0.8819318750000003
v 0.96875 2.2430681249999997 1.2796793749999997
v 0.96875 1.93370875 0.9703206250000003
v 0.53125 2.33145625 1.19129125
v 0.53125 2.022096875 0.8819318750000003
v 0.53125 2.2430681249999997 1.2796793749999997
v 0.53125 1.93370875 0.9703206250000003
v 0.96875 1.889514375 1.6332331250000003
v 0.96875 1.580155625 1.3238737499999997
v 0.96875 1.80112625 1.72162125
v 0.96875 1.4917668750000002 1.4122618750000004
v 0.53125 1.889514375 1.6332331250000003
v 0.53125 1.580155625 1.3238737499999997
v 0.53125 1.80112625 1.72162125
v 0.53125 1.4917668750000002 1.4122618750000004
v 0.46875 1.889514375 1.6332331250000003
v 0.46875 1.580155625 1.3238737499999997
v 0.46875 1.80112625 1.72162125
v 0.46875 1.4917668750000002 1.4122618750000004
v 0.03125 1.889514375 1.6332331250000003
v 0.03125 1.580155625 1.3238737499999997
v 0.03125 1.80112625 1.72162125
v 0.03125 1.4917668750000002 1.4122618750000004
v 0.46875 2.33145625 1.19129125
v 0.46875 2.022096875 0.8819318750000003
v 0.46875 2.2430681249999997 1.2796793749999997
v 0.46875 1.93370875 0.9703206250000003
v 0.03125 2.33145625 1.19129125
v 0.03125 2.022096875 0.8819318750000003
v 0.03125 2.2430681249999997 1.2796793749999997
v 0.03125 1.93370875 0.9703206250000003
v 0.4375 2.220970625 1.2575824999999998
v 0.4375 1.955805625 0.9924175000000002
v 0.4375 1.8674175 1.6111356250000002
v 0.4375 1.6022525 1.3459706249999996
v 0.0625 2.220970625 1.2575824999999998
v 0.0625 1.955805625 0.9924175000000002
v 0.0625 1.8674175 1.6111356250000002
v 0.0625 1.6022525 1.3459706249999996
v -0.0625 2.220970625 1.2575824999999998
v -0.0625 1.955805625 0.9924175000000002
v -0.0625 1.8674175 1.6111356250000002
v -0.0625 1.6022525 1.3459706249999996
v -0.4375 2.220970625 1.2575824999999998
v -0.4375 1.955805625 0.9924175000000002
v -0.4375 1.8674175 1.6111356250000002
v -0.4375 1.6022525 1.3459706249999996
v -0.03125 2.33145625 1.19129125
v -0.03125 2.022096875 0.8819318750000003
v -0.03125 2.2430681249999997 1.2796793749999997
v -0.03125 1.93370875 0.9703206250000003
v -0.46875 2.33145625 1.19129125
v -0.46875 2.022096875 0.8819318750000003
v -0.46875 2.2430681249999997 1.2796793749999997
v -0.46875 1.93370875 0.9703206250000003
v -0.03125 1.889514375 1.6332331250000003
v -0.03125 1.580155625 1.3238737499999997
v -0.03125 1.80112625 1.72162125
v -0.03125 1.4917668750000002 1.4122618750000004
v -0.46875 1.889514375 1.6332331250000003
v -0.46875 1.580155625 1.3238737499999997
v -0.46875 1.80112625 1.72162125
v -0.46875 1.4917668750000002 1.4122618750000004
v 0.9375 2.0625 0.9375
v 0.9375 2.0625 0.5625
v 0.9375 1.9375 0.9375
v 0.9375 1.9375 0.5625
v 0.5625 2.0625 0.9375
v 0.5625 2.0625 0.5625
v 0.5625 1.9375 0.9375
v 0.5625 1.9375 0.5625
v 0.4375 2.0625 0.9375
v 0.4375 2.0625 0.5625
v 0.4375 1.9375 0.9375
v 0.4375 1.9375 0.5625
v 0.0625 2.0625 0.9375
v 0.0625 2.0625 0.5625
v 0.0625 1.9375 0.9375
v 0.0625 1.9375 0.5625
v -0.0625 2.0625 0.9375
v -0.0625 2.0625 0.5625
v -0.0625 1.9375 0.9375
v -0.0625 1.9375 0.5625
v -0.4375 2.0625 0.9375
v -0.4375 2.0625 0.5625
v -0.4375 1.9375 0.9375
v -0.4375 1.9375 0.5625
v 0.9375 1.5 1.8812499999999996
v 0.9375 1.5 1.1312499999999996
v 0.9375 1.375 1.8812499999999996
v 0.9375 1.375 1.1312499999999996
v 0.5625 1.5 1.8812499999999996
v 0.5625 1.5 1.1312499999999996
v 0.5625 1.375 1.8812499999999996
v 0.5625 1.375 1.1312499999999996
v 0.4375 1.5 1.8812499999999996
v 0.4375 1.5 1.1312499999999996
v 0.4375 1.375 1.8812499999999996
v 0.4375 1.375 1.1312499999999996
v 0.0625 1.5 1.8812499999999996
v 0.0625 1.5 1.1312499999999996
v 0.0625 1.375 1.8812499999999996
v 0.0625 1.375 1.1312499999999996
v -0.0625 1.5 1.8812499999999996
v -0.0625 1.5 1.1312499999999996
v -0.0625 1.375 1.8812499999999996
v -0.0625 1.375 1.1312499999999996
v -0.4375 1.5 1.8812499999999996
v -0.4375 1.5 1.1312499999999996
v -0.4375 1.375 1.8812499999999996
v -0.4375 1.375 1.1312499999999996
v 1 1 4
v 1 1 3
v 1 0.5 4
v 1 0.5 3
v 0 1 4
v 0 1 3
v 0 0.5 4
v 0 0.5 3
v -0.5 1 1
v -0.5 1 0
v -0.5 0.5 1
v -0.5 0.5 0
v -1 1 1
v -1 1 0
v -1 0.5 1
v -1 0.5 0
v -0.5 1 2
v -0.5 1 1
v -0.5 0.5 2
v -0.5 0.5 1
v -1 1 2
v -1 1 1
v -1 0.5 2
v -1 0.5 1
v -0.5 1 3
v -0.5 1 2
v -0.5 0.5 3
v -0.5 0.5 2
v -1 1 3
v -1 1 2
v -1 0.5 3
v -1 0.5 2
v 0 1 4
v 0 1 3
v 0 0.5 4
v 0 0.5 3
v -1 1 4
v -1 1 3
v -1 0.5 4
v -1 0.5 3
v 0.0009981249999999608 2.0009981249999997 3.9937500000000004
v 0.0009981249999999608 2.0009981249999997 3.0062499999999996
v 0.35455125 1.647445 3.9937500000000004
v 0.35455125 1.647445 3.0062499999999996
v -0.529331875 1.470668125 3.9937500000000004
v -0.529331875 1.470668125 3.0062499999999996
v -0.17577874999999998 1.117115 3.9937500000000004
v -0.17577874999999998 1.117115 3.0062499999999996
v 0.999001875 2.0009981249999997 3.9937500000000004
v 0.999001875 2.0009981249999997 3.0062499999999996
v 0.6454487499999999 1.647445 3.9937500000000004
v 0.6454487499999999 1.647445 3.0062499999999996
v 1.529331875 1.470668125 3.9937500000000004
v 1.529331875 1.470668125 3.0062499999999996
v 1.17577875 1.117115 3.9937500000000004
v 1.17577875 1.117115 3.0062499999999996
v -0.5 1 0
v -0.5 1 -1
v -0.5 0.5 0
v -0.5 0.5 -1
v -1 1 0
v -1 1 -1
v -1 0.5 0
v -1 0.5 -1
v -0.5 1 -1
v -0.5 1 -2
v -0.5 0.5 -1
v -0.5 0.5 -2
v -1 1 -1
v -1 1 -2
v -1 0.5 -1
v -1 0.5 -2
v 0 1 -2
v 0 1 -3
v 0 0.5 -2
v 0 0.5 -3
v -1 1 -2
v -1 1 -3
v -1 0.5 -2
v -1 0.5 -3
v 1 1 -2
v 1 1 -3
v 1 0.5 -2
v 1 0.5 -3
v 0 1 -2
v 0 1 -3
v 0 0.5 -2
v 0 0.5 -3
v 2 1 -1
v 2 1 -2
v 2 0.5 -1
v 2 0.5 -2
v 1.5 1 -1
v 1.5 1 -2
v 1.5 0.5 -1
v 1.5 0.5 -2
v 2 1 -2
v 2 1 -3
v 2 0.5 -2
v 2 0.5 -3
v 1 1 -2
v 1 1 -3
v 1 0.5 -2
v 1 0.5 -3
v -0.5 1.5 0
v -0.5 1.5 -1
v -0.5 1 0
v -0.5 1 -1
v -1 1.5 0
v -1 1.5 -1
v -1 1 0
v -1 1 -1
v 0 2 -2.5
v 0 2 -3
v 0 1 -2.5
v 0 1 -3
v -0.5 2 -2.5
v -0.5 2 -3
v -0.5 1 -2.5
v -0.5 1 -3
v 1.5 2 -2.5
v 1.5 2 -3
v 1.5 1 -2.5
v 1.5 1 -3
v 1 2 -2.5
v 1 2 -3
v 1 1 -2.5
v 1 1 -3
v 0.5 0.75 -1
v 0.5 0.75 -1.5
v 0.5 0.5 -1
v 0.5 0.5 -1.5
v -0.5 0.75 -1
v -0.5 0.75 -1.5
v -0.5 0.5 -1
v -0.5 0.5 -1.5
v 1.5 0.75 -1
v 1.5 0.75 -1.5
v 1.5 0.5 -1
v 1.5 0.5 -1.5
v 0.5 0.75 -1
v 0.5 0.75 -1.5
v 0.5 0.5 -1
v 0.5 0.5 -1.5
v 1.5 1 -1.5
v 1.5 1 -2
v 1.5 0.75 -1.5
v 1.5 0.75 -2
v 0.5 1 -1.5
v 0.5 1 -2
v 0.5 0.75 -1.5
v 0.5 0.75 -2
v 0.5 1 -1.5
v 0.5 1 -2
v 0.5 0.75 -1.5
v 0.5 0.75 -2
v -0.5 1 -1.5
v -0.5 1 -2
v -0.5 0.75 -1.5
v -0.5 0.75 -2
v 1.5 1.25 -2
v 1.5 1.25 -2.5
v 1.5 1 -2
v 1.5 1 -2.5
v 0.5 1.25 -2
v 0.5 1.25 -2.5
v 0.5 1 -2
v 0.5 1 -2.5
v 0.5 1.25 -2
v 0.5 1.25 -2.5
v 0.5 1 -2
v 0.5 1 -2.5
v -0.5 1.25 -2
v -0.5 1.25 -2.5
v -0.5 1 -2
v -0.5 1 -2.5
v 0 0.5 -1
v 0 0.5 -2
v 0 0 -1
v 0 0 -2
v -1 0.5 -1
v -1 0.5 -2
v -1 0 -1
v -1 0 -2
v 0 0.5 -2
v 0 0.5 -3
v 0 0 -2
v 0 0 -3
v -1 0.5 -2
v -1 0.5 -3
v -1 0 -2
v -1 0 -3
v 0 0.5 0
v 0 0.5 -1
v 0 0 0
v 0 0 -1
v -1 0.5 0
v -1 0.5 -1
v -1 0 0
v -1 0 -1
v 0 0.5 1
v 0 0.5 0
v 0 0 1
v 0 0 0
v -1 0.5 1
v -1 0.5 0
v -1 0 1
v -1 0 0
v 1 0.5 0
v 1 0.5 -1
v 1 0 0
v 1 0 -1
v 0 0.5 0
v 0 0.5 -1
v 0 0 0
v 0 0 -1
v 1 0.5 1
v 1 0.5 0
v 1 0 1
v 1 0 0
v 0 0.5 1
v 0 0.5 0
v 0 0 1
v 0 0 0
v 2 0.5 0
v 2 0.5 -1
v 2 0 0
v 2 0 -1
v 1 0.5 0
v 1 0.5 -1
v 1 0 0
v 1 0 -1
v 2 0.5 1
v 2 0.5 0
v 2 0 1
v 2 0 0
v 1 0.5 1
v 1 0.5 0
v 1 0 1
v 1 0 0
v 2 0.5 2
v 2 0.5 1
v 2 0 2
v 2 0 1
v 1 0.5 2
v 1 0.5 1
v 1 0 2
v 1 0 1
v 1 0.5 2
v 1 0.5 1
v 1 0 2
v 1 0 1
v 0 0.5 2
v 0 0.5 1
v 0 0 2
v 0 0 1
v 0 0.5 2
v 0 0.5 1
v 0 0 2
v 0 0 1
v -1 0.5 2
v -1 0.5 1
v -1 0 2
v -1 0 1
v 2 0.5 3
v 2 0.5 2
v 2 0 3
v 2 0 2
v 1 0.5 3
v 1 0.5 2
v 1 0 3
v 1 0 2
v 1 0.5 3
v 1 0.5 2
v 1 0 3
v 1 0 2
v 0 0.5 3
v 0 0.5 2
v 0 0 3
v 0 0 2
v 0 0.5 3
v 0 0.5 2
v 0 0 3
v 0 0 2
v -1 0.5 3
v -1 0.5 2
v -1 0 3
v -1 0 2
v 2 0.5 4
v 2 0.5 3
v 2 0 4
v 2 0 3
v 1 0.5 4
v 1 0.5 3
v 1 0 4
v 1 0 3
v 1 0.5 4
v 1 0.5 3
v 1 0 4
v 1 0 3
v 0 0.5 4
v 0 0.5 3
v 0 0 4
v 0 0 3
v 0 0.5 4
v 0 0.5 3
v 0 0 4
v 0 0 3
v -1 0.5 4
v -1 0.5 3
v -1 0 4
v -1 0 3
v 2 0.5 -2
v 2 0.5 -3
v 2 0 -2
v 2 0 -3
v 1 0.5 -2
v 1 0.5 -3
v 1 0 -2
v 1 0 -3
v 1 0.5 -2
v 1 0.5 -3
v 1 0 -2
v 1 0 -3
v 0 0.5 -2
v 0 0.5 -3
v 0 0 -2
v 0 0 -3
v 1.4375 1.973095 -0.8969793749999999
v 1.4375 2.11660125 -1.243434375
v 1.4375 1.742125 -0.9926499999999998
v 1.4375 1.885631875 -1.339105
v -0.4375 1.973095 -0.8969793749999999
v -0.4375 2.11660125 -1.243434375
v -0.4375 1.742125 -0.9926499999999998
v -0.4375 1.885631875 -1.339105
v 0.3125 2.781071875 -0.6992387500000001
v 0.3125 2.8289075 -0.8147237500000002
v 0.3125 1.8571925 -1.081921875
v 0.3125 1.9050275 -1.197406875
v 0.1875 2.781071875 -0.6992387500000001
v 0.1875 2.8289075 -0.8147237500000002
v 0.1875 1.8571925 -1.081921875
v 0.1875 1.9050275 -1.197406875
v 0.8125 2.781071875 -0.6992387500000001
v 0.8125 2.8289075 -0.8147237500000002
v 0.8125 1.8571925 -1.081921875
v 0.8125 1.9050275 -1.197406875
v 0.6875 2.781071875 -0.6992387500000001
v 0.6875 2.8289075 -0.8147237500000002
v 0.6875 1.8571925 -1.081921875
v 0.6875 1.9050275 -1.197406875
v 1.3125 2.781071875 -0.6992387500000001
v 1.3125 2.8289075 -0.8147237500000002
v 1.3125 1.8571925 -1.081921875
v 1.3125 1.9050275 -1.197406875
v 1.1875 2.781071875 -0.6992387500000001
v 1.1875 2.8289075 -0.8147237500000002
v 1.1875 1.8571925 -1.081921875
v 1.1875 1.9050275 -1.197406875
v -0.1875 2.781071875 -0.6992387500000001
v -0.1875 2.8289075 -0.8147237500000002
v -0.1875 1.8571925 -1.081921875
v -0.1875 1.9050275 -1.197406875
v -0.3125 2.781071875 -0.6992387500000001
v -0.3125 2.8289075 -0.8147237500000002
v -0.3125 1.8571925 -1.081921875
v -0.3125 1.9050275 -1.197406875
v 1.4375 2.220970625 -1.513864375
v 1.4375 2.486135625 -1.779029375
v 1.4375 2.044194375 -1.690640625
v 1.4375 2.309359375 -1.955805625
v -0.4375 2.220970625 -1.513864375
v -0.4375 2.486135625 -1.779029375
v -0.4375 2.044194375 -1.690640625
v -0.4375 2.309359375 -1.955805625
v 0.3125 2.9280775 -0.9835337499999999
v 0.3125 3.01646625 -1.0719225
v 0.3125 2.220970625 -1.690640625
v 0.3125 2.309359375 -1.779029375
v 0.1875 2.9280775 -0.9835337499999999
v 0.1875 3.01646625 -1.0719225
v 0.1875 2.220970625 -1.690640625
v 0.1875 2.309359375 -1.779029375
v 0.8125 2.9280775 -0.9835337499999999
v 0.8125 3.01646625 -1.0719225
v 0.8125 2.220970625 -1.690640625
v 0.8125 2.309359375 -1.779029375
v 0.6875 2.9280775 -0.9835337499999999
v 0.6875 3.01646625 -1.0719225
v 0.6875 2.220970625 -1.690640625
v 0.6875 2.309359375 -1.779029375
v 1.3125 2.9280775 -0.9835337499999999
v 1.3125 3.01646625 -1.0719225
v 1.3125 2.220970625 -1.690640625
v 1.3125 2.309359375 -1.779029375
v 1.1875 2.9280775 -0.9835337499999999
v 1.1875 3.01646625 -1.0719225
v 1.1875 2.220970625 -1.690640625
v 1.1875 2.309359375 -1.779029375
v -0.1875 2.9280775 -0.9835337499999999
v -0.1875 3.01646625 -1.0719225
v -0.1875 2.220970625 -1.690640625
v -0.1875 2.309359375 -1.779029375
v -0.3125 2.9280775 -0.9835337499999999
v -0.3125 3.01646625 -1.0719225
v -0.3125 2.220970625 -1.690640625
v -0.3125 2.309359375 -1.779029375
v 1.4375 2.7393606249999998 -1.93439125
v 1.4375 3.085815625 -2.0778974999999997
v 1.4375 2.64369 -2.16536125
v 1.4375 2.990145 -2.3088675
v -0.4375 2.7393606249999998 -1.93439125
v -0.4375 3.085815625 -2.0778974999999997
v -0.4375 2.64369 -2.16536125
v -0.4375 2.990145 -2.3088675
v 0.3125 3.18969375 -1.1738325
v 0.3125 3.30517875 -1.2216675000000001
v 0.3125 2.80701 -2.097711875
v 0.3125 2.922495 -2.1455475
v 0.1875 3.18969375 -1.1738325
v 0.1875 3.30517875 -1.2216675000000001
v 0.1875 2.80701 -2.097711875
v 0.1875 2.922495 -2.1455475
v 0.8125 3.18969375 -1.1738325
v 0.8125 3.30517875 -1.2216675000000001
v 0.8125 2.80701 -2.097711875
v 0.8125 2.922495 -2.1455475
v 0.6875 3.18969375 -1.1738325
v 0.6875 3.30517875 -1.2216675000000001
v 0.6875 2.80701 -2.097711875
v 0.6875 2.922495 -2.1455475
v 1.3125 3.18969375 -1.1738325
v 1.3125 3.30517875 -1.2216675000000001
v 1.3125 2.80701 -2.097711875
v 1.3125 2.922495 -2.1455475
v 1.1875 3.18969375 -1.1738325
v 1.1875 3.30517875 -1.2216675000000001
v 1.1875 2.80701 -2.097711875
v 1.1875 2.922495 -2.1455475
v -0.1875 3.18969375 -1.1738325
v -0.1875 3.30517875 -1.2216675000000001
v -0.1875 2.80701 -2.097711875
v -0.1875 2.922495 -2.1455475
v -0.3125 3.18969375 -1.1738325
v -0.3125 3.30517875 -1.2216675000000001
v -0.3125 2.80701 -2.097711875
v -0.3125 2.922495 -2.1455475
v 0.0625 1 1
v 0.0625 1 0
v 0.0625 0.5 1
v 0.0625 0.5 0
v -0.0625 1 1
v -0.0625 1 0
v -0.0625 0.5 1
v -0.0625 0.5 0
v 0.0625 1 2
v 0.0625 1 1
v 0.0625 0.5 2
v 0.0625 0.5 1
v -0.0625 1 2
v -0.0625 1 1
v -0.0625 0.5 2
v -0.0625 0.5 1
v 0.0625 1 0
v 0.0625 1 -1
v 0.0625 0.5 0
v 0.0625 0.5 -1
v -0.0625 1 0
v -0.0625 1 -1
v -0.0625 0.5 0
v -0.0625 0.5 -1
v 0.5625 1 1
v 0.5625 1 0
v 0.5625 0.5 1
v 0.5625 0.5 0
v 0.4375 1 1
v 0.4375 1 0
v 0.4375 0.5 1
v 0.4375 0.5 0
v 0.5625 1 2
v 0.5625 1 1
v 0.5625 0.5 2
v 0.5625 0.5 1
v 0.4375 1 2
v 0.4375 1 1
v 0.4375 0.5 2
v 0.4375 0.5 1
v 0.5625 1 0
v 0.5625 1 -1
v 0.5625 0.5 0
v 0.5625 0.5 -1
v 0.4375 1 0
v 0.4375 1 -1
v 0.4375 0.5 0
v 0.4375 0.5 -1
v 1.0625 1 1
v 1.0625 1 0
v 1.0625 0.5 1
v 1.0625 0.5 0
v 0.9375 1 1
v 0.9375 1 0
v 0.9375 0.5 1
v 0.9375 0.5 0
v 1.0625 1 2
v 1.0625 1 1
v 1.0625 0.5 2
v 1.0625 0.5 1
v 0.9375 1 2
v 0.9375 1 1
v 0.9375 0.5 2
v 0.9375 0.5 1
v 1.0625 1 3
v 1.0625 1 2
v 1.0625 0.5 3
v 1.0625 0.5 2
v 0.9375 1 3
v 0.9375 1 2
v 0.9375 0.5 3
v 0.9375 0.5 2
v 0.5625 1 3
v 0.5625 1 2
v 0.5625 0.5 3
v 0.5625 0.5 2
v 0.4375 1 3
v 0.4375 1 2
v 0.4375 0.5 3
v 0.4375 0.5 2
v 0.0625 1 3
v 0.0625 1 2
v 0.0625 0.5 3
v 0.0625 0.5 2
v -0.0625 1 3
v -0.0625 1 2
v -0.0625 0.5 3
v -0.0625 0.5 2
v 1.0625 1 0
v 1.0625 1 -1
v 1.0625 0.5 0
v 1.0625 0.5 -1
v 0.9375 1 0
v 0.9375 1 -1
v 0.9375 0.5 0
v 0.9375 0.5 -1
v 1.5 0.875 0.3125
v 1.5 0.875 0.0625
v 1.5 0.625 0.3125
v 1.5 0.625 0.0625
v -0.5 0.875 0.3125
v -0.5 0.875 0.0625
v -0.5 0.625 0.3125
v -0.5 0.625 0.0625
v 1.5 0.875 1.3125
v 1.5 0.875 1.0625
v 1.5 0.625 1.3125
v 1.5 0.625 1.0625
v -0.5 0.875 1.3125
v -0.5 0.875 1.0625
v -0.5 0.625 1.3125
v -0.5 0.625 1.0625
v 1.5 0.875 2.3125
v 1.5 0.875 2.0625
v 1.5 0.625 2.3125
v 1.5 0.625 2.0625
v -0.5 0.875 2.3125
v -0.5 0.875 2.0625
v -0.5 0.625 2.3125
v -0.5 0.625 2.0625
v 0.0625 1.5 -0.5625
v 0.0625 1.5 -0.9375
v 0.0625 1 -0.5625
v 0.0625 1 -0.9375
v -0.0625 1.5 -0.5625
v -0.0625 1.5 -0.9375
v -0.0625 1 -0.5625
v -0.0625 1 -0.9375
v 0.5625 1.5 -0.5625
v 0.5625 1.5 -0.9375
v 0.5625 1 -0.5625
v 0.5625 1 -0.9375
v 0.4375 1.5 -0.5625
v 0.4375 1.5 -0.9375
v 0.4375 1 -0.5625
v 0.4375 1 -0.9375
v 1.0625 1.5 -0.5625
v 1.0625 1.5 -0.9375
v 1.0625 1 -0.5625
v 1.0625 1 -0.9375
v 0.9375 1.5 -0.5625
v 0.9375 1.5 -0.9375
v 0.9375 1 -0.5625
v 0.9375 1 -0.9375
v 1.5 1.4375 -0.625
v 1.5 1.4375 -0.875
v 1.5 1.1875 -0.625
v 1.5 1.1875 -0.875
v -0.5 1.4375 -0.625
v -0.5 1.4375 -0.875
v -0.5 1.1875 -0.625
v -0.5 1.1875 -0.875
v 1.5 0.875 -0.625
v 1.5 0.875 -0.875
v 1.5 0.625 -0.625
v 1.5 0.625 -0.875
v -0.5 0.875 -0.625
v -0.5 0.875 -0.875
v -0.5 0.625 -0.625
v -0.5 0.625 -0.875
v 1.5 2.475820625 -2.7448506249999998
v 1.5 2.3801493750000002 -2.975820625
v 1.5 2.2448506249999998 -2.649179375
v 1.5 2.149179375 -2.8801493750000002
v -0.5 2.475820625 -2.7448506249999998
v -0.5 2.3801493750000002 -2.975820625
v -0.5 2.2448506249999998 -2.649179375
v -0.5 2.149179375 -2.8801493750000002
v 0.0625 3 -2.625
v 0.0625 3 -3
v 0.0625 2 -2.625
v 0.0625 2 -3
v -0.0625 3 -2.625
v -0.0625 3 -3
v -0.0625 2 -2.625
v -0.0625 2 -3
v 0.5625 3 -2.625
v 0.5625 3 -3
v 0.5625 2 -2.625
v 0.5625 2 -3
v 0.4375 3 -2.625
v 0.4375 3 -3
v 0.4375 2 -2.625
v 0.4375 2 -3
v 1.0625 3 -2.625
v 1.0625 3 -3
v 1.0625 2 -2.625
v 1.0625 2 -3
v 0.9375 3 -2.625
v 0.9375 3 -3
v 0.9375 2 -2.625
v 0.9375 2 -3
v 1.5 2.9375 -2.6875
v 1.5 2.9375 -2.9375
v 1.5 2.6875 -2.6875
v 1.5 2.6875 -2.9375
v -0.5 2.9375 -2.6875
v -0.5 2.9375 -2.9375
v -0.5 2.6875 -2.6875
v -0.5 2.6875 -2.9375
v -0.5 2.9375 -2.9375
v 1.5 2.9375 -2.9375
v 1.5 2.6875 -2.9375
v -0.5 2.6875 -2.9375
v 1.5 2.9375 -2.6875
v 1.5 2.6875 -2.6875
v -0.5 2.9375 -2.6875
v -0.5 2.6875 -2.6875
v -0.43125 1.25 -1.3125
v -0.43125 1.25 -1.6875
v -0.43125 0.75 -1.3125
v -0.43125 0.75 -1.6875
v -0.55625 1.25 -1.3125
v -0.55625 1.25 -1.6875
v -0.55625 0.75 -1.3125
v -0.55625 0.75 -1.6875
v 0.0625 1.25 -1.3125
v 0.0625 1.25 -1.6875
v 0.0625 0.75 -1.3125
v 0.0625 0.75 -1.6875
v -0.0625 1.25 -1.3125
v -0.0625 1.25 -1.6875
v -0.0625 0.75 -1.3125
v -0.0625 0.75 -1.6875
v 0.5625 1.25 -1.3125
v 0.5625 1.25 -1.6875
v 0.5625 0.75 -1.3125
v 0.5625 0.75 -1.6875
v 0.4375 1.25 -1.3125
v 0.4375 1.25 -1.6875
v 0.4375 0.75 -1.3125
v 0.4375 0.75 -1.6875
v 1.0625 1.25 -1.3125
v 1.0625 1.25 -1.6875
v 1.0625 0.75 -1.3125
v 1.0625 0.75 -1.6875
v 0.9375 1.25 -1.3125
v 0.9375 1.25 -1.6875
v 0.9375 0.75 -1.3125
v 0.9375 0.75 -1.6875
v 1.55625 1.25 -1.3125
v 1.55625 1.25 -1.6875
v 1.55625 0.75 -1.3125
v 1.55625 0.75 -1.6875
v 1.43125 1.25 -1.3125
v 1.43125 1.25 -1.6875
v 1.43125 0.75 -1.3125
v 1.43125 0.75 -1.6875
v 1.5 1.0676493749999998 -1.3366793750000001
v 1.5 1.1633206249999999 -1.567649375
v 1.5 0.8366793750000001 -1.4323506250000002
v 1.5 0.9323506250000002 -1.663320625
v -0.5 1.0676493749999998 -1.3366793750000001
v -0.5 1.1633206249999999 -1.567649375
v -0.5 0.8366793750000001 -1.4323506250000002
v -0.5 0.9323506250000002 -1.663320625
v -0.4375 1.75 -2
v -0.4375 1.75 -2.375
v -0.4375 1.25 -2
v -0.4375 1.25 -2.375
v -0.5625 1.75 -2
v -0.5625 1.75 -2.375
v -0.5625 1.25 -2
v -0.5625 1.25 -2.375
v 0.0625 1.75 -2
v 0.0625 1.75 -2.375
v 0.0625 1.25 -2
v 0.0625 1.25 -2.375
v -0.0625 1.75 -2
v -0.0625 1.75 -2.375
v -0.0625 1.25 -2
v -0.0625 1.25 -2.375
v 0.5625 1.75 -2
v 0.5625 1.75 -2.375
v 0.5625 1.25 -2
v 0.5625 1.25 -2.375
v 0.4375 1.75 -2
v 0.4375 1.75 -2.375
v 0.4375 1.25 -2
v 0.4375 1.25 -2.375
v 1.0625 1.75 -2
v 1.0625 1.75 -2.375
v 1.0625 1.25 -2
v 1.0625 1.25 -2.375
v 0.9375 1.75 -2
v 0.9375 1.75 -2.375
v 0.9375 1.25 -2
v 0.9375 1.25 -2.375
v 1.5625 1.75 -2
v 1.5625 1.75 -2.375
v 1.5625 1.25 -2
v 1.5625 1.25 -2.375
v 1.4375 1.75 -2
v 1.4375 1.75 -2.375
v 1.4375 1.25 -2
v 1.4375 1.25 -2.375
v 1.5 1.5 -2.010723125
v 1.5 1.676776875 -2.1875
v 1.5 1.3232231250000002 -2.1875
v 1.5 1.5 -2.364276875
v -0.5 1.5 -2.010723125
v -0.5 1.676776875 -2.1875
v -0.5 1.3232231250000002 -2.1875
v -0.5 1.5 -2.364276875
vt 0.65625 0.328125
vt 0.625 0.328125
vt 0.625 0.2890625
vt 0.65625 0.2890625
vt 0.65625 0.2890625
vt 0.65625 0.328125
vt 0.625 0.328125
vt 0.625 0.2890625
vt 0.625 0.2890625
vt 0.65625 0.2890625
vt 0.65625 0.3203125
vt 0.625 0.3203125
vt 0.65625 0.2890625
vt 0.65625 0.3203125
vt 0.625 0.3203125
vt 0.625 0.2890625
vt 0.65625 0.2890625
vt 0.65625 0.328125
vt 0.625 0.328125
vt 0.625 0.2890625
vt 0.65625 0.328125
vt 0.625 0.328125
vt 0.625 0.2890625
vt 0.65625 0.2890625
vt 0.65625 0.328125
vt 0.625 0.328125
vt 0.625 0.2890625
vt 0.65625 0.2890625
vt 0.65625 0.2890625
vt 0.65625 0.328125
vt 0.625 0.328125
vt 0.625 0.2890625
vt 0.625 0.2890625
vt 0.65625 0.2890625
vt 0.65625 0.3203125
vt 0.625 0.3203125
vt 0.65625 0.2890625
vt 0.65625 0.3203125
vt 0.625 0.3203125
vt 0.625 0.2890625
vt 0.65625 0.2890625
vt 0.65625 0.328125
vt 0.625 0.328125
vt 0.625 0.2890625
vt 0.65625 0.328125
vt 0.625 0.328125
vt 0.625 0.2890625
vt 0.65625 0.2890625
vt 0.65625 0.328125
vt 0.625 0.328125
vt 0.625 0.2890625
vt 0.65625 0.2890625
vt 0.65625 0.2890625
vt 0.65625 0.328125
vt 0.625 0.328125
vt 0.625 0.2890625
vt 0.625 0.2890625
vt 0.65625 0.2890625
vt 0.65625 0.3203125
vt 0.625 0.3203125
vt 0.65625 0.2890625
vt 0.65625 0.3203125
vt 0.625 0.3203125
vt 0.625 0.2890625
vt 0.65625 0.2890625
vt 0.65625 0.328125
vt 0.625 0.328125
vt 0.625 0.2890625
vt 0.65625 0.328125
vt 0.625 0.328125
vt 0.625 0.2890625
vt 0.65625 0.2890625
vt 0.65625 0.328125
vt 0.625 0.328125
vt 0.625 0.2890625
vt 0.65625 0.2890625
vt 0.65625 0.2890625
vt 0.65625 0.328125
vt 0.625 0.328125
vt 0.625 0.2890625
vt 0.625 0.2890625
vt 0.65625 0.2890625
vt 0.65625 0.3203125
vt 0.625 0.3203125
vt 0.65625 0.2890625
vt 0.65625 0.3203125
vt 0.625 0.3203125
vt 0.625 0.2890625
vt 0.65625 0.2890625
vt 0.65625 0.328125
vt 0.625 0.328125
vt 0.625 0.2890625
vt 0.65625 0.328125
vt 0.625 0.328125
vt 0.625 0.2890625
vt 0.65625 0.2890625
vt 0.453125 0.625
vt 0.4296875 0.625
vt 0.4296875 0.5234375
vt 0.453125 0.5234375
vt 0.453125 0.5234375
vt 0.453125 0.625
vt 0.4296875 0.625
vt 0.4296875 0.5234375
vt 0.375 0.5
vt 0.625 0.5
vt 0.625 0.5234375
vt 0.375 0.5234375
vt 0.625 0.5
vt 0.625 0.5234375
vt 0.375 0.5234375
vt 0.375 0.5
vt 0.625 0.5234375
vt 0.625 0.625
vt 0.375 0.625
vt 0.375 0.5234375
vt 0.625 0.625
vt 0.375 0.625
vt 0.375 0.5234375
vt 0.625 0.5234375
vt 0.453125 0.625
vt 0.4296875 0.625
vt 0.4296875 0.5234375
vt 0.453125 0.5234375
vt 0.453125 0.5234375
vt 0.453125 0.625
vt 0.4296875 0.625
vt 0.4296875 0.5234375
vt 0.375 0.5
vt 0.625 0.5
vt 0.625 0.5234375
vt 0.375 0.5234375
vt 0.625 0.5
vt 0.625 0.5234375
vt 0.375 0.5234375
vt 0.375 0.5
vt 0.625 0.5234375
vt 0.625 0.625
vt 0.375 0.625
vt 0.375 0.5234375
vt 0.625 0.625
vt 0.375 0.625
vt 0.375 0.5234375
vt 0.625 0.5234375
vt 0.734375 0.75
vt 0.7109375 0.75
vt 0.7109375 0.625
vt 0.734375 0.625
vt 0.734375 0.625
vt 0.734375 0.75
vt 0.7109375 0.75
vt 0.7109375 0.625
vt 0.8125 0.9375
vt 0.75 0.9375
vt 0.75 0.9140625
vt 0.8125 0.9140625
vt 0.8125 0.9140625
vt 0.8125 0.9375
vt 0.75 0.9375
vt 0.75 0.9140625
vt 0.6875 0.625
vt 0.6875 0.75
vt 0.625 0.75
vt 0.625 0.625
vt 0.75 0.75
vt 0.6875 0.75
vt 0.6875 0.625
vt 0.75 0.625
vt 0.734375 0.75
vt 0.7109375 0.75
vt 0.7109375 0.625
vt 0.734375 0.625
vt 0.734375 0.625
vt 0.734375 0.75
vt 0.7109375 0.75
vt 0.7109375 0.625
vt 0.75 0.9140625
vt 0.8125 0.9140625
vt 0.8125 0.9375
vt 0.75 0.9375
vt 0.75 0.671875
vt 0.75 0.6953125
vt 0.6875 0.6953125
vt 0.6875 0.671875
vt 0.6875 0.625
vt 0.6875 0.75
vt 0.625 0.75
vt 0.625 0.625
vt 0.75 0.75
vt 0.6875 0.75
vt 0.6875 0.625
vt 0.75 0.625
vt 0.703125 0.75
vt 0.6796875 0.75
vt 0.6796875 0.625
vt 0.703125 0.625
vt 0.703125 0.625
vt 0.703125 0.75
vt 0.6796875 0.75
vt 0.6796875 0.625
vt 0.75 0.9140625
vt 0.875 0.9140625
vt 0.875 0.9375
vt 0.75 0.9375
vt 0.75 0.640625
vt 0.75 0.6640625
vt 0.625 0.6640625
vt 0.625 0.640625
vt 0.75 0.625
vt 0.75 0.75
vt 0.625 0.75
vt 0.625 0.625
vt 0.75 0.75
vt 0.625 0.75
vt 0.625 0.625
vt 0.75 0.625
vt 0.8515625 0.9375
vt 0.7734375 0.9375
vt 0.7734375 0.9140625
vt 0.8515625 0.9140625
vt 0.8515625 0.9140625
vt 0.8515625 0.9375
vt 0.7734375 0.9375
vt 0.7734375 0.9140625
vt 0.875 0.6484375
vt 1 0.6484375
vt 1 0.7265625
vt 0.875 0.7265625
vt 1 0.6484375
vt 1 0.7265625
vt 0.875 0.7265625
vt 0.875 0.6484375
vt 0.875 0.9140625
vt 0.875 0.9375
vt 0.75 0.9375
vt 0.75 0.9140625
vt 0.875 0.9375
vt 0.75 0.9375
vt 0.75 0.9140625
vt 0.875 0.9140625
vt 0.7734375 0.9140625
vt 0.7734375 0.9375
vt 0.8515625 0.9375
vt 0.8515625 0.9140625
vt 0.7734375 0.9375
vt 0.8515625 0.9375
vt 0.8515625 0.9140625
vt 0.7734375 0.9140625
vt 1 0.7265625
vt 1 0.6484375
vt 0.9375 0.6484375
vt 0.9375 0.7265625
vt 0.9375 0.7265625
vt 1 0.7265625
vt 1 0.6484375
vt 0.9375 0.6484375
vt 0.78125 0.9375
vt 0.84375 0.9375
vt 0.84375 0.9140625
vt 0.78125 0.9140625
vt 0.78125 0.9140625
vt 0.78125 0.9375
vt 0.84375 0.9375
vt 0.84375 0.9140625
vt 0.8515625 0.9375
vt 0.7734375 0.9375
vt 0.7734375 0.9140625
vt 0.8515625 0.9140625
vt 0.8515625 0.9140625
vt 0.8515625 0.9375
vt 0.7734375 0.9375
vt 0.7734375 0.9140625
vt 0.9375 0.6484375
vt 1 0.6484375
vt 1 0.7265625
vt 0.9375 0.7265625
vt 1 0.6484375
vt 1 0.7265625
vt 0.9375 0.7265625
vt 0.9375 0.6484375
vt 0.84375 0.9140625
vt 0.84375 0.9375
vt 0.78125 0.9375
vt 0.78125 0.9140625
vt 0.84375 0.9375
vt 0.78125 0.9375
vt 0.78125 0.9140625
vt 0.84375 0.9140625
vt 0.75 0.75
vt 0.625 0.75
vt 0.625 0.625
vt 0.75 0.625
vt 0.75 0.625
vt 0.75 0.75
vt 0.625 0.75
vt 0.625 0.625
vt 0.625 0.6875
vt 0.625 0.625
vt 0.75 0.625
vt 0.75 0.6875
vt 0.09375 0.875
vt 0.09375 1
vt 0.03125 1
vt 0.03125 0.875
vt 0.75 0.625
vt 0.75 0.75
vt 0.6875 0.75
vt 0.6875 0.625
vt 0.6875 0.75
vt 0.625 0.75
vt 0.625 0.625
vt 0.6875 0.625
vt 0.625 0.625
vt 0.625 0.75
vt 0.75 0.75
vt 0.75 0.625
vt 0.625 0.75
vt 0.75 0.75
vt 0.75 0.625
vt 0.625 0.625
vt 0.75 0.625
vt 0.625 0.625
vt 0.625 0.6875
vt 0.75 0.6875
vt 0.03125 1
vt 0.09375 1
vt 0.09375 0.875
vt 0.03125 0.875
vt 0.6875 0.75
vt 0.75 0.75
vt 0.75 0.625
vt 0.6875 0.625
vt 0.625 0.625
vt 0.625 0.75
vt 0.6875 0.75
vt 0.6875 0.625
vt 0.7109375 0.625
vt 0.7109375 0.75
vt 0.734375 0.75
vt 0.734375 0.625
vt 0.7109375 0.75
vt 0.734375 0.75
vt 0.734375 0.625
vt 0.7109375 0.625
vt 0.8125 0.9375
vt 0.8125 0.9140625
vt 0.75 0.9140625
vt 0.75 0.9375
vt 0.6875 0.6953125
vt 0.75 0.6953125
vt 0.75 0.671875
vt 0.6875 0.671875
vt 0.625 0.75
vt 0.6875 0.75
vt 0.6875 0.625
vt 0.625 0.625
vt 0.6875 0.625
vt 0.6875 0.75
vt 0.75 0.75
vt 0.75 0.625
vt 0.7109375 0.625
vt 0.7109375 0.75
vt 0.734375 0.75
vt 0.734375 0.625
vt 0.7109375 0.75
vt 0.734375 0.75
vt 0.734375 0.625
vt 0.7109375 0.625
vt 0.75 0.9140625
vt 0.75 0.9375
vt 0.8125 0.9375
vt 0.8125 0.9140625
vt 0.75 0.9375
vt 0.8125 0.9375
vt 0.8125 0.9140625
vt 0.75 0.9140625
vt 0.625 0.75
vt 0.6875 0.75
vt 0.6875 0.625
vt 0.625 0.625
vt 0.6875 0.625
vt 0.6875 0.75
vt 0.75 0.75
vt 0.75 0.625
vt 0.125 1
vt 0.125 0.9375
vt 0.25 0.9375
vt 0.25 1
vt 0.125 0.9375
vt 0.25 0.9375
vt 0.25 1
vt 0.125 1
vt 0.125 0.9375
vt 0.25 0.9375
vt 0.25 1
vt 0.125 1
vt 0.125 1
vt 0.125 0.9375
vt 0.25 0.9375
vt 0.25 1
vt 0.5 0.625
vt 0.5 0.75
vt 0.375 0.75
vt 0.375 0.625
vt 0.5 1
vt 0.375 1
vt 0.375 0.875
vt 0.5 0.875
vt 0.578125 0.75
vt 0.5546875 0.75
vt 0.5546875 0.625
vt 0.578125 0.625
vt 0.578125 0.625
vt 0.578125 0.75
vt 0.5546875 0.75
vt 0.5546875 0.625
vt 0.875 0.9375
vt 0.75 0.9375
vt 0.75 0.9140625
vt 0.875 0.9140625
vt 0.875 0.9140625
vt 0.875 0.9375
vt 0.75 0.9375
vt 0.75 0.9140625
vt 0.875 0.625
vt 0.875 0.75
vt 0.75 0.75
vt 0.75 0.625
vt 0.625 0.75
vt 0.5 0.75
vt 0.5 0.625
vt 0.625 0.625
vt 0.5 1
vt 0.375 1
vt 0.375 0.875
vt 0.5 0.875
vt 0.5 0.875
vt 0.5 1
vt 0.375 1
vt 0.375 0.875
vt 0.125 0.125
vt 0.25 0.125
vt 0.25 0.25
vt 0.125 0.25
vt 0.5 0.875
vt 0.5 1
vt 0.375 1
vt 0.375 0.875
vt 1 0.75
vt 1 0.875
vt 0.875 0.875
vt 0.875 0.75
vt 0.5 1
vt 0.375 1
vt 0.375 0.875
vt 0.5 0.875
vt 0.46875 1
vt 0.40625 1
vt 0.40625 0.875
vt 0.46875 0.875
vt 0.46875 0.875
vt 0.46875 1
vt 0.40625 1
vt 0.40625 0.875
vt 0.125 0.9375
vt 0.25 0.9375
vt 0.25 1
vt 0.125 1
vt 0.5 0.90625
vt 0.5 0.96875
vt 0.375 0.96875
vt 0.375 0.90625
vt 0.5 0.875
vt 0.5 1
vt 0.375 1
vt 0.375 0.875
vt 0.625 0.875
vt 0.5 0.875
vt 0.5 0.75
vt 0.625 0.75
vt 0.5 1
vt 0.375 1
vt 0.375 0.875
vt 0.5 0.875
vt 0.5 0.875
vt 0.5 1
vt 0.375 1
vt 0.375 0.875
vt 1 0.875
vt 1 1
vt 0.875 1
vt 0.875 0.875
vt 0.5 0.875
vt 0.5 1
vt 0.375 1
vt 0.375 0.875
vt 0.875 0.75
vt 0.875 0.875
vt 0.75 0.875
vt 0.75 0.75
vt 1 0.875
vt 1 1
vt 0.875 1
vt 0.875 0.875
vt 0.46875 0.328125
vt 0.40625 0.328125
vt 0.40625 0.296875
vt 0.46875 0.296875
vt 0.46875 0.296875
vt 0.46875 0.328125
vt 0.40625 0.328125
vt 0.40625 0.296875
vt 0.5 0.296875
vt 0.625 0.296875
vt 0.625 0.359375
vt 0.5 0.359375
vt 0.625 0.296875
vt 0.625 0.359375
vt 0.5 0.359375
vt 0.5 0.296875
vt 0.5 0.296875
vt 0.5 0.328125
vt 0.375 0.328125
vt 0.375 0.296875
vt 0.5 0.328125
vt 0.375 0.328125
vt 0.375 0.296875
vt 0.5 0.296875
vt 0.46875 0.328125
vt 0.40625 0.328125
vt 0.40625 0.296875
vt 0.46875 0.296875
vt 0.46875 0.296875
vt 0.46875 0.328125
vt 0.40625 0.328125
vt 0.40625 0.296875
vt 0.5 0.296875
vt 0.625 0.296875
vt 0.625 0.359375
vt 0.5 0.359375
vt 0.625 0.296875
vt 0.625 0.359375
vt 0.5 0.359375
vt 0.5 0.296875
vt 0.5 0.296875
vt 0.5 0.328125
vt 0.375 0.328125
vt 0.375 0.296875
vt 0.5 0.328125
vt 0.375 0.328125
vt 0.375 0.296875
vt 0.5 0.296875
vt 0.46875 0.328125
vt 0.40625 0.328125
vt 0.40625 0.296875
vt 0.46875 0.296875
vt 0.46875 0.296875
vt 0.46875 0.328125
vt 0.40625 0.328125
vt 0.40625 0.296875
vt 0.5 0.296875
vt 0.625 0.296875
vt 0.625 0.359375
vt 0.5 0.359375
vt 0.625 0.296875
vt 0.625 0.359375
vt 0.5 0.359375
vt 0.5 0.296875
vt 0.5 0.296875
vt 0.5 0.328125
vt 0.375 0.328125
vt 0.375 0.296875
vt 0.5 0.328125
vt 0.375 0.328125
vt 0.375 0.296875
vt 0.5 0.296875
vt 0.46875 0.328125
vt 0.40625 0.328125
vt 0.40625 0.296875
vt 0.46875 0.296875
vt 0.46875 0.296875
vt 0.46875 0.328125
vt 0.40625 0.328125
vt 0.40625 0.296875
vt 0.5 0.296875
vt 0.625 0.296875
vt 0.625 0.359375
vt 0.5 0.359375
vt 0.625 0.296875
vt 0.625 0.359375
vt 0.5 0.359375
vt 0.5 0.296875
vt 0.5 0.296875
vt 0.5 0.328125
vt 0.375 0.328125
vt 0.375 0.296875
vt 0.5 0.328125
vt 0.375 0.328125
vt 0.375 0.296875
vt 0.5 0.296875
vt 0.453125 0.328125
vt 0.421875 0.328125
vt 0.421875 0.296875
vt 0.453125 0.296875
vt 0.453125 0.296875
vt 0.453125 0.328125
vt 0.421875 0.328125
vt 0.421875 0.296875
vt 0.375 0.328125
vt 0.5 0.328125
vt 0.5 0.359375
vt 0.375 0.359375
vt 0.5 0.265625
vt 0.5 0.296875
vt 0.375 0.296875
vt 0.375 0.265625
vt 0.5 0.296875
vt 0.5 0.328125
vt 0.375 0.328125
vt 0.375 0.296875
vt 0.5 0.328125
vt 0.375 0.328125
vt 0.375 0.296875
vt 0.5 0.296875
vt 0.453125 0.328125
vt 0.421875 0.328125
vt 0.421875 0.296875
vt 0.453125 0.296875
vt 0.453125 0.296875
vt 0.453125 0.328125
vt 0.421875 0.328125
vt 0.421875 0.296875
vt 0.375 0.328125
vt 0.5 0.328125
vt 0.5 0.359375
vt 0.375 0.359375
vt 0.5 0.265625
vt 0.5 0.296875
vt 0.375 0.296875
vt 0.375 0.265625
vt 0.5 0.296875
vt 0.5 0.328125
vt 0.375 0.328125
vt 0.375 0.296875
vt 0.5 0.328125
vt 0.375 0.328125
vt 0.375 0.296875
vt 0.5 0.296875
vt 0.453125 0.328125
vt 0.421875 0.328125
vt 0.421875 0.296875
vt 0.453125 0.296875
vt 0.453125 0.296875
vt 0.453125 0.328125
vt 0.421875 0.328125
vt 0.421875 0.296875
vt 0.375 0.328125
vt 0.5 0.328125
vt 0.5 0.359375
vt 0.375 0.359375
vt 0.5 0.265625
vt 0.5 0.296875
vt 0.375 0.296875
vt 0.375 0.265625
vt 0.5 0.296875
vt 0.5 0.328125
vt 0.375 0.328125
vt 0.375 0.296875
vt 0.5 0.328125
vt 0.375 0.328125
vt 0.375 0.296875
vt 0.5 0.296875
vt 0.671875 0.4140625
vt 0.796875 0.4140625
vt 0.796875 0.3671875
vt 0.671875 0.3671875
vt 0.796875 0.3671875
vt 0.796875 0.4140625
vt 0.671875 0.4140625
vt 0.671875 0.3671875
vt 0.796875 0.4140625
vt 0.796875 0.3671875
vt 0.671875 0.3671875
vt 0.671875 0.4140625
vt 0.671875 0.3671875
vt 0.796875 0.3671875
vt 0.796875 0.4140625
vt 0.671875 0.4140625
vt 0.7578125 0.3671875
vt 0.7578125 0.4140625
vt 0.7109375 0.4140625
vt 0.7109375 0.3671875
vt 0.7578125 0.4140625
vt 0.7109375 0.4140625
vt 0.7109375 0.3671875
vt 0.7578125 0.3671875
vt 0.671875 0.4140625
vt 0.796875 0.4140625
vt 0.796875 0.3671875
vt 0.671875 0.3671875
vt 0.796875 0.3671875
vt 0.796875 0.4140625
vt 0.671875 0.4140625
vt 0.671875 0.3671875
vt 0.796875 0.4140625
vt 0.796875 0.3671875
vt 0.671875 0.3671875
vt 0.671875 0.4140625
vt 0.671875 0.3671875
vt 0.796875 0.3671875
vt 0.796875 0.4140625
vt 0.671875 0.4140625
vt 0.7578125 0.3671875
vt 0.7578125 0.4140625
vt 0.7109375 0.4140625
vt 0.7109375 0.3671875
vt 0.7578125 0.4140625
vt 0.7109375 0.4140625
vt 0.7109375 0.3671875
vt 0.7578125 0.3671875
vt 0.671875 0.4140625
vt 0.796875 0.4140625
vt 0.796875 0.3671875
vt 0.671875 0.3671875
vt 0.796875 0.3671875
vt 0.796875 0.4140625
vt 0.671875 0.4140625
vt 0.671875 0.3671875
vt 0.796875 0.4140625
vt 0.796875 0.3671875
vt 0.671875 0.3671875
vt 0.671875 0.4140625
vt 0.671875 0.3671875
vt 0.796875 0.3671875
vt 0.796875 0.4140625
vt 0.671875 0.4140625
vt 0.7578125 0.3671875
vt 0.7578125 0.4140625
vt 0.7109375 0.4140625
vt 0.7109375 0.3671875
vt 0.7578125 0.4140625
vt 0.7109375 0.4140625
vt 0.7109375 0.3671875
vt 0.7578125 0.3671875
vt 0.671875 0.4140625
vt 0.671875 0.3671875
vt 0.765625 0.3671875
vt 0.765625 0.4140625
vt 0.765625 0.4140625
vt 0.671875 0.4140625
vt 0.671875 0.3671875
vt 0.765625 0.3671875
vt 0.671875 0.3671875
vt 0.71875 0.3671875
vt 0.71875 0.4140625
vt 0.671875 0.4140625
vt 0.71875 0.3671875
vt 0.71875 0.4140625
vt 0.671875 0.4140625
vt 0.671875 0.3671875
vt 0.765625 0.4140625
vt 0.671875 0.4140625
vt 0.671875 0.3671875
vt 0.765625 0.3671875
vt 0.671875 0.3671875
vt 0.671875 0.4140625
vt 0.765625 0.4140625
vt 0.765625 0.3671875
vt 0.7421875 0.4140625
vt 0.796875 0.4140625
vt 0.796875 0.3671875
vt 0.7421875 0.3671875
vt 0.796875 0.3671875
vt 0.796875 0.4140625
vt 0.7421875 0.4140625
vt 0.7421875 0.3671875
vt 0.796875 0.3671875
vt 0.796875 0.4140625
vt 0.7421875 0.4140625
vt 0.7421875 0.3671875
vt 0.796875 0.4140625
vt 0.7421875 0.4140625
vt 0.7421875 0.3671875
vt 0.796875 0.3671875
vt 0.7890625 0.3671875
vt 0.7890625 0.4140625
vt 0.7421875 0.4140625
vt 0.7421875 0.3671875
vt 0.7890625 0.4140625
vt 0.7421875 0.4140625
vt 0.7421875 0.3671875
vt 0.7890625 0.3671875
vt 0.875 0.4140625
vt 0.796875 0.4140625
vt 0.796875 0.3671875
vt 0.875 0.3671875
vt 0.796875 0.3671875
vt 0.796875 0.4140625
vt 0.875 0.4140625
vt 0.875 0.3671875
vt 0.671875 0.3671875
vt 0.671875 0.3046875
vt 0.75 0.3046875
vt 0.75 0.3671875
vt 0.75 0.3046875
vt 0.671875 0.3046875
vt 0.671875 0.3671875
vt 0.75 0.3671875
vt 0.7421875 0.3671875
vt 0.7421875 0.4140625
vt 0.6796875 0.4140625
vt 0.6796875 0.3671875
vt 0.7421875 0.4140625
vt 0.6796875 0.4140625
vt 0.6796875 0.3671875
vt 0.7421875 0.3671875
vt 0.671875 0.5625
vt 0.640625 0.5625
vt 0.640625 0.515625
vt 0.671875 0.515625
vt 0.640625 0.515625
vt 0.640625 0.5625
vt 0.671875 0.5625
vt 0.671875 0.515625
vt 0.671875 0.484375
vt 0.875 0.484375
vt 0.875 0.515625
vt 0.671875 0.515625
vt 0.875 0.484375
vt 0.875 0.515625
vt 0.671875 0.515625
vt 0.671875 0.484375
vt 0.875 0.515625
vt 0.875 0.5625
vt 0.671875 0.5625
vt 0.671875 0.515625
vt 0.875 0.5625
vt 0.671875 0.5625
vt 0.671875 0.515625
vt 0.875 0.515625
vt 0.9140625 0.4375
vt 0.9140625 0.4765625
vt 0.890625 0.4765625
vt 0.890625 0.4375
vt 0.9140625 0.4765625
vt 0.890625 0.4765625
vt 0.890625 0.4375
vt 0.9140625 0.4375
vt 0.671875 0.4375
vt 0.890625 0.4375
vt 0.890625 0.4765625
vt 0.671875 0.4765625
vt 0.890625 0.4375
vt 0.890625 0.4765625
vt 0.671875 0.4765625
vt 0.671875 0.4375
vt 0.890625 0.4140625
vt 0.890625 0.4375
vt 0.671875 0.4375
vt 0.671875 0.4140625
vt 0.890625 0.4375
vt 0.671875 0.4375
vt 0.671875 0.4140625
vt 0.890625 0.4140625
vt 0.9140625 0.4375
vt 0.9140625 0.4765625
vt 0.890625 0.4765625
vt 0.890625 0.4375
vt 0.9140625 0.4765625
vt 0.890625 0.4765625
vt 0.890625 0.4375
vt 0.9140625 0.4375
vt 0.671875 0.4375
vt 0.890625 0.4375
vt 0.890625 0.4765625
vt 0.671875 0.4765625
vt 0.890625 0.4375
vt 0.890625 0.4765625
vt 0.671875 0.4765625
vt 0.671875 0.4375
vt 0.890625 0.4140625
vt 0.890625 0.4375
vt 0.671875 0.4375
vt 0.671875 0.4140625
vt 0.890625 0.4375
vt 0.671875 0.4375
vt 0.671875 0.4140625
vt 0.890625 0.4140625
vt 0.9140625 0.4375
vt 0.9140625 0.4765625
vt 0.890625 0.4765625
vt 0.890625 0.4375
vt 0.9140625 0.4765625
vt 0.890625 0.4765625
vt 0.890625 0.4375
vt 0.9140625 0.4375
vt 0.671875 0.4375
vt 0.890625 0.4375
vt 0.890625 0.4765625
vt 0.671875 0.4765625
vt 0.890625 0.4375
vt 0.890625 0.4765625
vt 0.671875 0.4765625
vt 0.671875 0.4375
vt 0.890625 0.4140625
vt 0.890625 0.4375
vt 0.671875 0.4375
vt 0.671875 0.4140625
vt 0.890625 0.4375
vt 0.671875 0.4375
vt 0.671875 0.4140625
vt 0.890625 0.4140625
vt 1 0.9375
vt 0.875 0.9375
vt 0.875 0.875
vt 1 0.875
vt 1 0.875
vt 1 0.9375
vt 0.875 0.9375
vt 0.875 0.875
vt 1 0.875
vt 1 0.9375
vt 0.875 0.9375
vt 0.875 0.875
vt 1 0.9375
vt 0.875 0.9375
vt 0.875 0.875
vt 1 0.875
vt 1 0.875
vt 1 0.9375
vt 0.9375 0.9375
vt 0.9375 0.875
vt 0.9375 0.9375
vt 0.875 0.9375
vt 0.875 0.875
vt 0.9375 0.875
vt 1 1
vt 0.875 1
vt 0.875 0.875
vt 1 0.875
vt 1 0.875
vt 1 1
vt 0.875 1
vt 0.875 0.875
vt 0.90625 0.875
vt 0.96875 0.875
vt 0.96875 1
vt 0.90625 1
vt 0.96875 0.875
vt 0.96875 1
vt 0.90625 1
vt 0.90625 0.875
vt 1 0.875
vt 1 1
vt 0.9375 1
vt 0.9375 0.875
vt 0.9375 1
vt 0.875 1
vt 0.875 0.875
vt 0.9375 0.875
vt 1 1
vt 0.875 1
vt 0.875 0.875
vt 1 0.875
vt 1 0.875
vt 1 1
vt 0.875 1
vt 0.875 0.875
vt 0.90625 0.875
vt 0.96875 0.875
vt 0.96875 1
vt 0.90625 1
vt 0.96875 0.875
vt 0.96875 1
vt 0.90625 1
vt 0.90625 0.875
vt 1 0.875
vt 1 1
vt 0.9375 1
vt 0.9375 0.875
vt 0.9375 1
vt 0.875 1
vt 0.875 0.875
vt 0.9375 0.875
vt 1 1
vt 0.875 1
vt 0.875 0.9375
vt 1 0.9375
vt 1 0.9375
vt 1 1
vt 0.875 1
vt 0.875 0.9375
vt 0.90625 0.875
vt 0.96875 0.875
vt 0.96875 1
vt 0.90625 1
vt 0.96875 0.875
vt 0.96875 1
vt 0.90625 1
vt 0.90625 0.875
vt 1 0.9375
vt 1 1
vt 0.9375 1
vt 0.9375 0.9375
vt 0.9375 1
vt 0.875 1
vt 0.875 0.9375
vt 0.9375 0.9375
vt 1 1
vt 0.875 1
vt 0.875 0.9375
vt 1 0.9375
vt 1 0.9375
vt 1 1
vt 0.875 1
vt 0.875 0.9375
vt 0.90625 0.875
vt 0.96875 0.875
vt 0.96875 1
vt 0.90625 1
vt 0.96875 0.875
vt 0.96875 1
vt 0.90625 1
vt 0.90625 0.875
vt 0.9375 0.9375
vt 0.9375 1
vt 0.875 1
vt 0.875 0.9375
vt 1 1
vt 0.9375 1
vt 0.9375 0.9375
vt 1 0.9375
vt 1 1
vt 0.875 1
vt 0.875 0.875
vt 1 0.875
vt 1 0.875
vt 1 1
vt 0.875 1
vt 0.875 0.875
vt 0.90625 0.875
vt 0.96875 0.875
vt 0.96875 1
vt 0.90625 1
vt 0.96875 0.875
vt 0.96875 1
vt 0.90625 1
vt 0.90625 0.875
vt 0.9375 0.875
vt 0.9375 1
vt 0.875 1
vt 0.875 0.875
vt 1 1
vt 0.9375 1
vt 0.9375 0.875
vt 1 0.875
vt 1 1
vt 0.875 1
vt 0.875 0.875
vt 1 0.875
vt 1 0.875
vt 1 1
vt 0.875 1
vt 0.875 0.875
vt 0.90625 0.875
vt 0.96875 0.875
vt 0.96875 1
vt 0.90625 1
vt 0.96875 0.875
vt 0.96875 1
vt 0.90625 1
vt 0.90625 0.875
vt 0.9375 0.875
vt 0.9375 1
vt 0.875 1
vt 0.875 0.875
vt 1 1
vt 0.9375 1
vt 0.9375 0.875
vt 1 0.875
vt 1 0.9375
vt 0.875 0.9375
vt 0.875 0.875
vt 1 0.875
vt 1 0.875
vt 1 0.9375
vt 0.875 0.9375
vt 0.875 0.875
vt 1 0.875
vt 1 0.9375
vt 0.875 0.9375
vt 0.875 0.875
vt 1 0.9375
vt 0.875 0.9375
vt 0.875 0.875
vt 1 0.875
vt 0.9375 0.875
vt 0.9375 0.9375
vt 0.875 0.9375
vt 0.875 0.875
vt 1 0.9375
vt 0.9375 0.9375
vt 0.9375 0.875
vt 1 0.875
vt 0.671875 0.5
vt 0.609375 0.5
vt 0.609375 0.4375
vt 0.671875 0.4375
vt 0.671875 0.4375
vt 0.671875 0.5
vt 0.609375 0.5
vt 0.609375 0.4375
vt 0.375 0.4375
vt 0.609375 0.4375
vt 0.609375 0.5
vt 0.375 0.5
vt 0.609375 0.4375
vt 0.609375 0.5
vt 0.375 0.5
vt 0.375 0.4375
vt 0.609375 0.4375
vt 0.609375 0.5
vt 0.375 0.5
vt 0.375 0.4375
vt 0.609375 0.5
vt 0.375 0.5
vt 0.375 0.4375
vt 0.609375 0.4375
vt 0.671875 0.5
vt 0.609375 0.5
vt 0.609375 0.4375
vt 0.671875 0.4375
vt 0.671875 0.4375
vt 0.671875 0.5
vt 0.609375 0.5
vt 0.609375 0.4375
vt 0.375 0.4375
vt 0.609375 0.4375
vt 0.609375 0.5
vt 0.375 0.5
vt 0.609375 0.4375
vt 0.609375 0.5
vt 0.375 0.5
vt 0.375 0.4375
vt 0.609375 0.4375
vt 0.609375 0.5
vt 0.375 0.5
vt 0.375 0.4375
vt 0.609375 0.5
vt 0.375 0.5
vt 0.375 0.4375
vt 0.609375 0.4375
vt 0.5 0.328125
vt 0.375 0.328125
vt 0.375 0.296875
vt 0.5 0.296875
vt 0.5 0.296875
vt 0.5 0.328125
vt 0.375 0.328125
vt 0.375 0.296875
vt 0.375 0.359375
vt 0.375 0.328125
vt 0.5 0.328125
vt 0.5 0.359375
vt 0.375 0.265625
vt 0.5 0.265625
vt 0.5 0.296875
vt 0.375 0.296875
vt 0.453125 0.296875
vt 0.453125 0.328125
vt 0.421875 0.328125
vt 0.421875 0.296875
vt 0.453125 0.328125
vt 0.421875 0.328125
vt 0.421875 0.296875
vt 0.453125 0.296875
vt 0.5 0.328125
vt 0.375 0.328125
vt 0.375 0.296875
vt 0.5 0.296875
vt 0.5 0.296875
vt 0.5 0.328125
vt 0.375 0.328125
vt 0.375 0.296875
vt 0.375 0.359375
vt 0.375 0.328125
vt 0.5 0.328125
vt 0.5 0.359375
vt 0.375 0.265625
vt 0.5 0.265625
vt 0.5 0.296875
vt 0.375 0.296875
vt 0.453125 0.296875
vt 0.453125 0.328125
vt 0.421875 0.328125
vt 0.421875 0.296875
vt 0.453125 0.328125
vt 0.421875 0.328125
vt 0.421875 0.296875
vt 0.453125 0.296875
vt 0.5 0.328125
vt 0.375 0.328125
vt 0.375 0.296875
vt 0.5 0.296875
vt 0.5 0.296875
vt 0.5 0.328125
vt 0.375 0.328125
vt 0.375 0.296875
vt 0.375 0.359375
vt 0.375 0.328125
vt 0.5 0.328125
vt 0.5 0.359375
vt 0.375 0.265625
vt 0.5 0.265625
vt 0.5 0.296875
vt 0.375 0.296875
vt 0.453125 0.296875
vt 0.453125 0.328125
vt 0.421875 0.328125
vt 0.421875 0.296875
vt 0.453125 0.328125
vt 0.421875 0.328125
vt 0.421875 0.296875
vt 0.453125 0.296875
vt 0.5 0.296875
vt 0.5 0.328125
vt 0.375 0.328125
vt 0.375 0.296875
vt 0.5 0.328125
vt 0.375 0.328125
vt 0.375 0.296875
vt 0.5 0.296875
vt 0.5 0.359375
vt 0.375 0.359375
vt 0.375 0.328125
vt 0.5 0.328125
vt 0.5 0.265625
vt 0.5 0.296875
vt 0.375 0.296875
vt 0.375 0.265625
vt 0.453125 0.328125
vt 0.421875 0.328125
vt 0.421875 0.296875
vt 0.453125 0.296875
vt 0.453125 0.296875
vt 0.453125 0.328125
vt 0.421875 0.328125
vt 0.421875 0.296875
vt 0.5 0.296875
vt 0.5 0.328125
vt 0.375 0.328125
vt 0.375 0.296875
vt 0.5 0.328125
vt 0.375 0.328125
vt 0.375 0.296875
vt 0.5 0.296875
vt 0.5 0.359375
vt 0.375 0.359375
vt 0.375 0.328125
vt 0.5 0.328125
vt 0.5 0.265625
vt 0.5 0.296875
vt 0.375 0.296875
vt 0.375 0.265625
vt 0.453125 0.328125
vt 0.421875 0.328125
vt 0.421875 0.296875
vt 0.453125 0.296875
vt 0.453125 0.296875
vt 0.453125 0.328125
vt 0.421875 0.328125
vt 0.421875 0.296875
vt 0.5 0.296875
vt 0.5 0.328125
vt 0.375 0.328125
vt 0.375 0.296875
vt 0.5 0.328125
vt 0.375 0.328125
vt 0.375 0.296875
vt 0.5 0.296875
vt 0.5 0.359375
vt 0.375 0.359375
vt 0.375 0.328125
vt 0.5 0.328125
vt 0.5 0.265625
vt 0.5 0.296875
vt 0.375 0.296875
vt 0.375 0.265625
vt 0.453125 0.328125
vt 0.421875 0.328125
vt 0.421875 0.296875
vt 0.453125 0.296875
vt 0.453125 0.296875
vt 0.453125 0.328125
vt 0.421875 0.328125
vt 0.421875 0.296875
vt 0.5 0.296875
vt 0.5 0.328125
vt 0.375 0.328125
vt 0.375 0.296875
vt 0.5 0.328125
vt 0.375 0.328125
vt 0.375 0.296875
vt 0.5 0.296875
vt 0.5 0.359375
vt 0.375 0.359375
vt 0.375 0.328125
vt 0.5 0.328125
vt 0.5 0.265625
vt 0.5 0.296875
vt 0.375 0.296875
vt 0.375 0.265625
vt 0.453125 0.328125
vt 0.421875 0.328125
vt 0.421875 0.296875
vt 0.453125 0.296875
vt 0.453125 0.296875
vt 0.453125 0.328125
vt 0.421875 0.328125
vt 0.421875 0.296875
vt 0.5 0.296875
vt 0.5 0.328125
vt 0.375 0.328125
vt 0.375 0.296875
vt 0.5 0.328125
vt 0.375 0.328125
vt 0.375 0.296875
vt 0.5 0.296875
vt 0.5 0.359375
vt 0.375 0.359375
vt 0.375 0.328125
vt 0.5 0.328125
vt 0.5 0.265625
vt 0.5 0.296875
vt 0.375 0.296875
vt 0.375 0.265625
vt 0.453125 0.328125
vt 0.421875 0.328125
vt 0.421875 0.296875
vt 0.453125 0.296875
vt 0.453125 0.296875
vt 0.453125 0.328125
vt 0.421875 0.328125
vt 0.421875 0.296875
vt 0.453125 0.296875
vt 0.453125 0.328125
vt 0.421875 0.328125
vt 0.421875 0.296875
vt 0.453125 0.328125
vt 0.421875 0.328125
vt 0.421875 0.296875
vt 0.453125 0.296875
vt 0.375 0.359375
vt 0.375 0.328125
vt 0.5 0.328125
vt 0.5 0.359375
vt 0.5 0.296875
vt 0.375 0.296875
vt 0.375 0.265625
vt 0.5 0.265625
vt 0.5 0.328125
vt 0.375 0.328125
vt 0.375 0.296875
vt 0.5 0.296875
vt 0.5 0.296875
vt 0.5 0.328125
vt 0.375 0.328125
vt 0.375 0.296875
vt 0.453125 0.296875
vt 0.453125 0.328125
vt 0.421875 0.328125
vt 0.421875 0.296875
vt 0.453125 0.328125
vt 0.421875 0.328125
vt 0.421875 0.296875
vt 0.453125 0.296875
vt 0.375 0.359375
vt 0.375 0.328125
vt 0.5 0.328125
vt 0.5 0.359375
vt 0.5 0.296875
vt 0.375 0.296875
vt 0.375 0.265625
vt 0.5 0.265625
vt 0.5 0.328125
vt 0.375 0.328125
vt 0.375 0.296875
vt 0.5 0.296875
vt 0.5 0.296875
vt 0.5 0.328125
vt 0.375 0.328125
vt 0.375 0.296875
vt 0.453125 0.296875
vt 0.453125 0.328125
vt 0.421875 0.328125
vt 0.421875 0.296875
vt 0.453125 0.328125
vt 0.421875 0.328125
vt 0.421875 0.296875
vt 0.453125 0.296875
vt 0.375 0.359375
vt 0.375 0.328125
vt 0.5 0.328125
vt 0.5 0.359375
vt 0.5 0.296875
vt 0.375 0.296875
vt 0.375 0.265625
vt 0.5 0.265625
vt 0.5 0.328125
vt 0.375 0.328125
vt 0.375 0.296875
vt 0.5 0.296875
vt 0.5 0.296875
vt 0.5 0.328125
vt 0.375 0.328125
vt 0.375 0.296875
vt 0.453125 0.328125
vt 0.421875 0.328125
vt 0.421875 0.296875
vt 0.453125 0.296875
vt 0.453125 0.296875
vt 0.453125 0.328125
vt 0.421875 0.328125
vt 0.421875 0.296875
vt 0.375 0.328125
vt 0.5 0.328125
vt 0.5 0.359375
vt 0.375 0.359375
vt 0.5 0.265625
vt 0.5 0.296875
vt 0.375 0.296875
vt 0.375 0.265625
vt 0.5 0.296875
vt 0.5 0.328125
vt 0.375 0.328125
vt 0.375 0.296875
vt 0.5 0.328125
vt 0.375 0.328125
vt 0.375 0.296875
vt 0.5 0.296875
vt 0.5 0.328125
vt 0.375 0.328125
vt 0.375 0.296875
vt 0.5 0.296875
vt 0.5 0.296875
vt 0.5 0.328125
vt 0.375 0.328125
vt 0.375 0.296875
vt 0.375 0.359375
vt 0.375 0.328125
vt 0.5 0.328125
vt 0.5 0.359375
vt 0.375 0.265625
vt 0.5 0.265625
vt 0.5 0.296875
vt 0.375 0.296875
vt 0.453125 0.296875
vt 0.453125 0.328125
vt 0.421875 0.328125
vt 0.421875 0.296875
vt 0.453125 0.328125
vt 0.421875 0.328125
vt 0.421875 0.296875
vt 0.453125 0.296875
vt 0.5 0.328125
vt 0.375 0.328125
vt 0.375 0.296875
vt 0.5 0.296875
vt 0.5 0.296875
vt 0.5 0.328125
vt 0.375 0.328125
vt 0.375 0.296875
vt 0.375 0.359375
vt 0.375 0.328125
vt 0.5 0.328125
vt 0.5 0.359375
vt 0.375 0.265625
vt 0.5 0.265625
vt 0.5 0.296875
vt 0.375 0.296875
vt 0.453125 0.296875
vt 0.453125 0.328125
vt 0.421875 0.328125
vt 0.421875 0.296875
vt 0.453125 0.328125
vt 0.421875 0.328125
vt 0.421875 0.296875
vt 0.453125 0.296875
vt 0.453125 0.296875
vt 0.453125 0.328125
vt 0.421875 0.328125
vt 0.421875 0.296875
vt 0.453125 0.328125
vt 0.421875 0.328125
vt 0.421875 0.296875
vt 0.453125 0.296875
vt 0.375 0.359375
vt 0.375 0.328125
vt 0.5 0.328125
vt 0.5 0.359375
vt 0.5 0.296875
vt 0.375 0.296875
vt 0.375 0.265625
vt 0.5 0.265625
vt 0.5 0.328125
vt 0.375 0.328125
vt 0.375 0.296875
vt 0.5 0.296875
vt 0.5 0.296875
vt 0.5 0.328125
vt 0.375 0.328125
vt 0.375 0.296875
vt 0.125 1
vt 0 1
vt 0 0.9375
vt 0.125 0.9375
vt 0.125 0.9375
vt 0.125 1
vt 0 1
vt 0 0.9375
vt 0.25 0.125
vt 0.375 0.125
vt 0.375 0.25
vt 0.25 0.25
vt 0.375 0.125
vt 0.375 0.25
vt 0.25 0.25
vt 0.25 0.125
vt 0.125 0.9375
vt 0.125 1
vt 0 1
vt 0 0.9375
vt 0.125 1
vt 0 1
vt 0 0.9375
vt 0.125 0.9375
vt 0.125 1
vt 0 1
vt 0 0.9375
vt 0.125 0.9375
vt 0.125 0.9375
vt 0.125 1
vt 0 1
vt 0 0.9375
vt 0.25 0.25
vt 0.375 0.25
vt 0.375 0.375
vt 0.25 0.375
vt 0.375 0.25
vt 0.375 0.375
vt 0.25 0.375
vt 0.25 0.25
vt 0.125 0.9375
vt 0.125 1
vt 0 1
vt 0 0.9375
vt 0.125 1
vt 0 1
vt 0 0.9375
vt 0.125 0.9375
vt 0.125 1
vt 0 1
vt 0 0.9375
vt 0.125 0.9375
vt 0.125 0.9375
vt 0.125 1
vt 0 1
vt 0 0.9375
vt 0.125 0.25
vt 0.25 0.25
vt 0.25 0.375
vt 0.125 0.375
vt 0.25 0.25
vt 0.25 0.375
vt 0.125 0.375
vt 0.125 0.25
vt 0.125 0.9375
vt 0.125 1
vt 0 1
vt 0 0.9375
vt 0.125 1
vt 0 1
vt 0 0.9375
vt 0.125 0.9375
vt 0.125 1
vt 0 1
vt 0 0.9375
vt 0.125 0.9375
vt 0.125 0.9375
vt 0.125 1
vt 0 1
vt 0 0.9375
vt 0 0.125
vt 0.125 0.125
vt 0.125 0.25
vt 0 0.25
vt 0.5 0.875
vt 0.5 1
vt 0.375 1
vt 0.375 0.875
vt 0.125 0.9375
vt 0.125 1
vt 0 1
vt 0 0.9375
vt 0.125 1
vt 0 1
vt 0 0.9375
vt 0.125 0.9375
vt 0.125 1
vt 0 1
vt 0 0.9375
vt 0.125 0.9375
vt 0.125 0.9375
vt 0.125 1
vt 0 1
vt 0 0.9375
vt 0 0.25
vt 0.125 0.25
vt 0.125 0.375
vt 0 0.375
vt 0.125 0.25
vt 0.125 0.375
vt 0 0.375
vt 0 0.25
vt 0.125 0.9375
vt 0.125 1
vt 0 1
vt 0 0.9375
vt 0.125 1
vt 0 1
vt 0 0.9375
vt 0.125 0.9375
vt 0.125 1
vt 0 1
vt 0 0.9375
vt 0.125 0.9375
vt 0.125 0.9375
vt 0.125 1
vt 0 1
vt 0 0.9375
vt 0 0.25
vt 0.125 0.25
vt 0.125 0.375
vt 0 0.375
vt 0.125 0.25
vt 0.125 0.375
vt 0 0.375
vt 0 0.25
vt 0.125 0.9375
vt 0.125 1
vt 0 1
vt 0 0.9375
vt 0.125 1
vt 0 1
vt 0 0.9375
vt 0.125 0.9375
vt 0.125 0.875
vt 0 0.875
vt 0 0.8125
vt 0.125 0.8125
vt 0.125 0.8125
vt 0.125 0.875
vt 0 0.875
vt 0 0.8125
vt 0.125 0.25
vt 0.25 0.25
vt 0.25 0.375
vt 0.125 0.375
vt 0.25 0.25
vt 0.25 0.375
vt 0.125 0.375
vt 0.125 0.25
vt 0.125 0.8125
vt 0.125 0.875
vt 0 0.875
vt 0 0.8125
vt 0.125 0.875
vt 0 0.875
vt 0 0.8125
vt 0.125 0.8125
vt 0.125 1
vt 0 1
vt 0 0.9375
vt 0.125 0.9375
vt 0.125 0.9375
vt 0.125 1
vt 0 1
vt 0 0.9375
vt 0.25 0.25
vt 0.375 0.25
vt 0.375 0.375
vt 0.25 0.375
vt 0.375 0.25
vt 0.375 0.375
vt 0.25 0.375
vt 0.25 0.25
vt 0.125 0.9375
vt 0.125 1
vt 0 1
vt 0 0.9375
vt 0.125 1
vt 0 1
vt 0 0.9375
vt 0.125 0.9375
vt 0.125 1
vt 0 1
vt 0 0.9375
vt 0.125 0.9375
vt 0.125 0.9375
vt 0.125 1
vt 0 1
vt 0 0.9375
vt 0.25 0.25
vt 0.375 0.25
vt 0.375 0.375
vt 0.25 0.375
vt 0.375 0.25
vt 0.375 0.375
vt 0.25 0.375
vt 0.25 0.25
vt 0.125 0.9375
vt 0.125 1
vt 0 1
vt 0 0.9375
vt 0.125 1
vt 0 1
vt 0 0.9375
vt 0.125 0.9375
vt 0.125 1
vt 0 1
vt 0 0.9375
vt 0.125 0.9375
vt 0.125 0.9375
vt 0.125 1
vt 0 1
vt 0 0.9375
vt 0.125 0.25
vt 0.25 0.25
vt 0.25 0.375
vt 0.125 0.375
vt 0.25 0.25
vt 0.25 0.375
vt 0.125 0.375
vt 0.125 0.25
vt 0.125 0.9375
vt 0.125 1
vt 0 1
vt 0 0.9375
vt 0.125 1
vt 0 1
vt 0 0.9375
vt 0.125 0.9375
vt 0.125 1
vt 0 1
vt 0 0.9375
vt 0.125 0.9375
vt 0.125 0.9375
vt 0.125 1
vt 0 1
vt 0 0.9375
vt 0 0.25
vt 0.125 0.25
vt 0.125 0.375
vt 0 0.375
vt 0.125 0.25
vt 0.125 0.375
vt 0 0.375
vt 0 0.25
vt 0.125 0.9375
vt 0.125 1
vt 0 1
vt 0 0.9375
vt 0.125 1
vt 0 1
vt 0 0.9375
vt 0.125 0.9375
vt 0.125 1
vt 0 1
vt 0 0.9375
vt 0.125 0.9375
vt 0.125 0.9375
vt 0.125 1
vt 0 1
vt 0 0.9375
vt 0 0.25
vt 0.125 0.25
vt 0.125 0.375
vt 0 0.375
vt 0.125 0.25
vt 0.125 0.375
vt 0 0.375
vt 0 0.25
vt 0.125 0.9375
vt 0.125 1
vt 0 1
vt 0 0.9375
vt 0.125 1
vt 0 1
vt 0 0.9375
vt 0.125 0.9375
vt 0.125 1
vt 0 1
vt 0 0.9375
vt 0.125 0.9375
vt 0.125 0.9375
vt 0.125 1
vt 0 1
vt 0 0.9375
vt 0.125 0.25
vt 0.25 0.25
vt 0.25 0.375
vt 0.125 0.375
vt 0.25 0.25
vt 0.25 0.375
vt 0.125 0.375
vt 0.125 0.25
vt 0.125 0.9375
vt 0.125 1
vt 0 1
vt 0 0.9375
vt 0.125 1
vt 0 1
vt 0 0.9375
vt 0.125 0.9375
vt 0.125 1
vt 0 1
vt 0 0.9375
vt 0.125 0.9375
vt 0.125 0.9375
vt 0.125 1
vt 0 1
vt 0 0.9375
vt 0.25 0.25
vt 0.375 0.25
vt 0.375 0.375
vt 0.25 0.375
vt 0.375 0.25
vt 0.375 0.375
vt 0.25 0.375
vt 0.25 0.25
vt 0.125 0.9375
vt 0.125 1
vt 0 1
vt 0 0.9375
vt 0.125 1
vt 0 1
vt 0 0.9375
vt 0.125 0.9375
vt 0.125 1
vt 0 1
vt 0 0.9375
vt 0.125 0.9375
vt 0.125 0.9375
vt 0.125 1
vt 0 1
vt 0 0.9375
vt 0.25 0.375
vt 0.375 0.375
vt 0.375 0.5
vt 0.25 0.5
vt 0.375 0.375
vt 0.375 0.5
vt 0.25 0.5
vt 0.25 0.375
vt 0.125 0.9375
vt 0.125 1
vt 0 1
vt 0 0.9375
vt 0.125 1
vt 0 1
vt 0 0.9375
vt 0.125 0.9375
vt 0.125 1
vt 0 1
vt 0 0.9375
vt 0.125 0.9375
vt 0.125 0.9375
vt 0.125 1
vt 0 1
vt 0 0.9375
vt 0.125 0.375
vt 0.25 0.375
vt 0.25 0.5
vt 0.125 0.5
vt 0.25 0.375
vt 0.25 0.5
vt 0.125 0.5
vt 0.125 0.375
vt 0.125 0.9375
vt 0.125 1
vt 0 1
vt 0 0.9375
vt 0.125 1
vt 0 1
vt 0 0.9375
vt 0.125 0.9375
vt 0.125 1
vt 0 1
vt 0 0.9375
vt 0.125 0.9375
vt 0.125 0.9375
vt 0.125 1
vt 0 1
vt 0 0.9375
vt 0 0.375
vt 0.125 0.375
vt 0.125 0.5
vt 0 0.5
vt 0.125 0.375
vt 0.125 0.5
vt 0 0.5
vt 0 0.375
vt 0.125 0.9375
vt 0.125 1
vt 0 1
vt 0 0.9375
vt 0.125 1
vt 0 1
vt 0 0.9375
vt 0.125 0.9375
vt 0.46875 0.328125
vt 0.40625 0.328125
vt 0.40625 0.296875
vt 0.46875 0.296875
vt 0.46875 0.296875
vt 0.46875 0.328125
vt 0.40625 0.328125
vt 0.40625 0.296875
vt 0.5 0.296875
vt 0.625 0.296875
vt 0.625 0.359375
vt 0.5 0.359375
vt 0.625 0.296875
vt 0.625 0.359375
vt 0.5 0.359375
vt 0.5 0.296875
vt 0.5 0.296875
vt 0.5 0.328125
vt 0.375 0.328125
vt 0.375 0.296875
vt 0.5 0.328125
vt 0.375 0.328125
vt 0.375 0.296875
vt 0.5 0.296875
vt 0.46875 0.328125
vt 0.40625 0.328125
vt 0.40625 0.296875
vt 0.46875 0.296875
vt 0.46875 0.296875
vt 0.46875 0.328125
vt 0.40625 0.328125
vt 0.40625 0.296875
vt 0.5 0.296875
vt 0.625 0.296875
vt 0.625 0.359375
vt 0.5 0.359375
vt 0.625 0.296875
vt 0.625 0.359375
vt 0.5 0.359375
vt 0.5 0.296875
vt 0.5 0.296875
vt 0.5 0.328125
vt 0.375 0.328125
vt 0.375 0.296875
vt 0.5 0.328125
vt 0.375 0.328125
vt 0.375 0.296875
vt 0.5 0.296875
vt 0.4375 0.265625
vt 0.375 0.265625
vt 0.375 0.140625
vt 0.4375 0.140625
vt 0.4375 0.140625
vt 0.4375 0.265625
vt 0.375 0.265625
vt 0.375 0.140625
vt 0.484375 0.203125
vt 0.53125 0.203125
vt 0.53125 0.265625
vt 0.484375 0.265625
vt 0.53125 0.203125
vt 0.53125 0.265625
vt 0.484375 0.265625
vt 0.484375 0.203125
vt 0.484375 0.140625
vt 0.484375 0.265625
vt 0.4375 0.265625
vt 0.4375 0.140625
vt 0.578125 0.265625
vt 0.53125 0.265625
vt 0.53125 0.140625
vt 0.578125 0.140625
vt 1 0.53125
vt 0.984375 0.53125
vt 0.984375 0.4375
vt 1 0.4375
vt 1 0.4375
vt 1 0.53125
vt 0.984375 0.53125
vt 0.984375 0.4375
vt 0.875 0.484375
vt 0.921875 0.484375
vt 0.921875 0.5
vt 0.875 0.5
vt 0.921875 0.484375
vt 0.921875 0.5
vt 0.875 0.5
vt 0.875 0.484375
vt 1 0.53125
vt 1 0.625
vt 0.953125 0.625
vt 0.953125 0.53125
vt 0.953125 0.625
vt 1 0.625
vt 1 0.53125
vt 0.953125 0.53125
vt 1 0.53125
vt 0.984375 0.53125
vt 0.984375 0.4375
vt 1 0.4375
vt 1 0.4375
vt 1 0.53125
vt 0.984375 0.53125
vt 0.984375 0.4375
vt 0.875 0.484375
vt 0.921875 0.484375
vt 0.921875 0.5
vt 0.875 0.5
vt 0.921875 0.484375
vt 0.921875 0.5
vt 0.875 0.5
vt 0.875 0.484375
vt 0.953125 0.53125
vt 0.953125 0.625
vt 1 0.625
vt 1 0.53125
vt 1 0.625
vt 0.953125 0.625
vt 0.953125 0.53125
vt 1 0.53125
vt 0.4921875 0.328125
vt 0.4921875 0.3125
vt 0.3828125 0.3125
vt 0.3828125 0.328125
vt 0.3828125 0.3125
vt 0.4921875 0.3125
vt 0.4921875 0.328125
vt 0.3828125 0.328125
vt 0.4453125 0.1953125
vt 0.4765625 0.1953125
vt 0.4765625 0.2109375
vt 0.4453125 0.2109375
vt 0.4765625 0.1953125
vt 0.4765625 0.2109375
vt 0.4453125 0.2109375
vt 0.4453125 0.1953125
vt 0.4921875 0.296875
vt 0.3828125 0.296875
vt 0.3828125 0.265625
vt 0.4921875 0.265625
vt 0.3828125 0.359375
vt 0.3828125 0.328125
vt 0.4921875 0.328125
vt 0.4921875 0.359375
vt 0.4921875 0.328125
vt 0.4921875 0.3125
vt 0.3828125 0.3125
vt 0.3828125 0.328125
vt 0.3828125 0.3125
vt 0.4921875 0.3125
vt 0.4921875 0.328125
vt 0.3828125 0.328125
vt 0.4453125 0.1953125
vt 0.4765625 0.1953125
vt 0.4765625 0.2109375
vt 0.4453125 0.2109375
vt 0.4765625 0.1953125
vt 0.4765625 0.2109375
vt 0.4453125 0.2109375
vt 0.4453125 0.1953125
vt 0.4921875 0.296875
vt 0.3828125 0.296875
vt 0.3828125 0.265625
vt 0.4921875 0.265625
vt 0.3828125 0.359375
vt 0.3828125 0.328125
vt 0.4921875 0.328125
vt 0.4921875 0.359375
vt 0.4375 0.140625
vt 0.4375 0.265625
vt 0.375 0.265625
vt 0.375 0.140625
vt 0.4375 0.265625
vt 0.375 0.265625
vt 0.375 0.140625
vt 0.4375 0.140625
vt 0.484375 0.265625
vt 0.484375 0.203125
vt 0.53125 0.203125
vt 0.53125 0.265625
vt 0.53125 0.265625
vt 0.484375 0.265625
vt 0.484375 0.203125
vt 0.53125 0.203125
vt 0.4375 0.265625
vt 0.484375 0.265625
vt 0.484375 0.140625
vt 0.4375 0.140625
vt 0.578125 0.140625
vt 0.578125 0.265625
vt 0.53125 0.265625
vt 0.53125 0.140625
vt 0.25 0.9375
vt 0.125 0.9375
vt 0.125 0.875
vt 0.25 0.875
vt 0.25 0.875
vt 0.25 0.9375
vt 0.125 0.9375
vt 0.125 0.875
vt 0 0.625
vt 0.125 0.625
vt 0.125 0.75
vt 0 0.75
vt 0.375 0.625
vt 0.375 0.75
vt 0.25 0.75
vt 0.25 0.625
vt 0.25 0.875
vt 0.25 0.9375
vt 0.125 0.9375
vt 0.125 0.875
vt 0.25 0.9375
vt 0.125 0.9375
vt 0.125 0.875
vt 0.25 0.875
vt 0.25 0.9375
vt 0.125 0.9375
vt 0.125 0.875
vt 0.25 0.875
vt 0.25 0.875
vt 0.25 0.9375
vt 0.125 0.9375
vt 0.125 0.875
vt 0.125 0.625
vt 0.25 0.625
vt 0.25 0.75
vt 0.125 0.75
vt 0.25 0.625
vt 0.25 0.75
vt 0.125 0.75
vt 0.125 0.625
vt 0.25 0.875
vt 0.25 0.9375
vt 0.125 0.9375
vt 0.125 0.875
vt 0.25 0.9375
vt 0.125 0.9375
vt 0.125 0.875
vt 0.25 0.875
vt 1 1
vt 0.875 1
vt 0.875 0.875
vt 1 0.875
vt 0.5 0.875
vt 0.5 1
vt 0.375 1
vt 0.375 0.875
vt 0.90625 0.875
vt 0.96875 0.875
vt 0.96875 1
vt 0.90625 1
vt 0.96875 0.875
vt 0.96875 1
vt 0.90625 1
vt 0.90625 0.875
vt 1 0.875
vt 1 1
vt 0.9375 1
vt 0.9375 0.875
vt 0.9375 1
vt 0.875 1
vt 0.875 0.875
vt 0.9375 0.875
vt 0.75 1
vt 0.625 1
vt 0.625 0.875
vt 0.75 0.875
vt 0.125 0.875
vt 0.125 1
vt 0 1
vt 0 0.875
vt 0.03125 0.875
vt 0.09375 0.875
vt 0.09375 1
vt 0.03125 1
vt 0.09375 0.875
vt 0.09375 1
vt 0.03125 1
vt 0.03125 0.875
vt 0.09375 0.875
vt 0.09375 1
vt 0.03125 1
vt 0.03125 0.875
vt 0.4375 0.875
vt 0.375 0.875
vt 0.375 0.75
vt 0.4375 0.75
vt 0.625 1
vt 0.5 1
vt 0.5 0.875
vt 0.625 0.875
vt 0.5 0.875
vt 0.5 1
vt 0.375 1
vt 0.375 0.875
vt 0.125 1
vt 0.125 0.9375
vt 0.25 0.9375
vt 0.25 1
vt 0.125 0.9375
vt 0.25 0.9375
vt 0.25 1
vt 0.125 1
vt 0.125 0.9375
vt 0.25 0.9375
vt 0.25 1
vt 0.125 1
vt 0.25 0.9375
vt 0.25 1
vt 0.125 1
vt 0.125 0.9375
vt 0.5 1
vt 0.375 1
vt 0.375 0.875
vt 0.5 0.875
vt 0.5 0.875
vt 0.5 1
vt 0.625 1
vt 0.625 0.875
vt 0.125 1
vt 0.125 0.9375
vt 0.25 0.9375
vt 0.25 1
vt 0.125 0.9375
vt 0.25 0.9375
vt 0.25 1
vt 0.125 1
vt 0.125 0.9375
vt 0.25 0.9375
vt 0.25 1
vt 0.125 1
vt 0.4375 1
vt 0.375 1
vt 0.375 0.875
vt 0.4375 0.875
vt 0.5 1
vt 0.375 1
vt 0.375 0.875
vt 0.5 0.875
vt 1 0.875
vt 1 1
vt 0.875 1
vt 0.875 0.875
vt 0.90625 0.875
vt 0.96875 0.875
vt 0.96875 1
vt 0.90625 1
vt 0.96875 0.875
vt 0.96875 1
vt 0.90625 1
vt 0.90625 0.875
vt 0.9375 0.875
vt 0.9375 1
vt 0.875 1
vt 0.875 0.875
vt 1 1
vt 0.9375 1
vt 0.9375 0.875
vt 1 0.875
vt 0.625 1
vt 0.75 1
vt 0.75 0.875
vt 0.625 0.875
vt 0.625 0.875
vt 0.625 1
vt 0.75 1
vt 0.75 0.875
vt 0.125 1
vt 0.125 0.9375
vt 0.25 0.9375
vt 0.25 1
vt 0.125 0.9375
vt 0.25 0.9375
vt 0.25 1
vt 0.125 1
vt 0.125 0.9375
vt 0.25 0.9375
vt 0.25 1
vt 0.125 1
vt 0.75 0.875
vt 0.6875 0.875
vt 0.6875 0.75
vt 0.75 0.75
vt 0.859375 1
vt 0.828125 1
vt 0.828125 0.96875
vt 0.859375 0.96875
vt 0.859375 0.96875
vt 0.859375 1
vt 0.828125 1
vt 0.828125 0.96875
vt 0.8125 0.9375
vt 0.875 0.9375
vt 0.875 0.96875
vt 0.8125 0.96875
vt 0.875 0.9375
vt 0.875 0.96875
vt 0.8125 0.96875
vt 0.8125 0.9375
vt 0.875 0.96875
vt 0.875 1
vt 0.8125 1
vt 0.8125 0.96875
vt 0.875 1
vt 0.8125 1
vt 0.8125 0.96875
vt 0.875 0.96875
vt 0.859375 1
vt 0.828125 1
vt 0.828125 0.96875
vt 0.859375 0.96875
vt 0.859375 0.96875
vt 0.859375 1
vt 0.828125 1
vt 0.828125 0.96875
vt 0.8125 0.9375
vt 0.875 0.9375
vt 0.875 0.96875
vt 0.8125 0.96875
vt 0.875 0.9375
vt 0.875 0.96875
vt 0.8125 0.96875
vt 0.8125 0.9375
vt 0.875 0.96875
vt 0.875 1
vt 0.8125 1
vt 0.8125 0.96875
vt 0.875 1
vt 0.8125 1
vt 0.8125 0.96875
vt 0.875 0.96875
vt 0.859375 1
vt 0.828125 1
vt 0.828125 0.96875
vt 0.859375 0.96875
vt 0.859375 0.96875
vt 0.859375 1
vt 0.828125 1
vt 0.828125 0.96875
vt 0.8125 0.9375
vt 0.875 0.9375
vt 0.875 0.96875
vt 0.8125 0.96875
vt 0.875 0.9375
vt 0.875 0.96875
vt 0.8125 0.96875
vt 0.8125 0.9375
vt 0.875 0.96875
vt 0.875 1
vt 0.8125 1
vt 0.8125 0.96875
vt 0.875 1
vt 0.8125 1
vt 0.8125 0.96875
vt 0.875 0.96875
vt 0.859375 1
vt 0.828125 1
vt 0.828125 0.96875
vt 0.859375 0.96875
vt 0.859375 0.96875
vt 0.859375 1
vt 0.828125 1
vt 0.828125 0.96875
vt 0.8125 0.9375
vt 0.875 0.9375
vt 0.875 0.96875
vt 0.8125 0.96875
vt 0.875 0.9375
vt 0.875 0.96875
vt 0.8125 0.96875
vt 0.8125 0.9375
vt 0.875 0.96875
vt 0.875 1
vt 0.8125 1
vt 0.8125 0.96875
vt 0.875 1
vt 0.8125 1
vt 0.8125 0.96875
vt 0.875 0.96875
vt 0.34375 1
vt 0.28125 1
vt 0.28125 0.9375
vt 0.34375 0.9375
vt 0.8125 0.9375
vt 0.8125 1
vt 0.75 1
vt 0.75 0.9375
vt 0.15625 1
vt 0.15625 0.9375
vt 0.21875 0.9375
vt 0.21875 1
vt 0.8125 0.9375
vt 0.8125 1
vt 0.75 1
vt 0.75 0.9375
vt 0.15625 0.9375
vt 0.21875 0.9375
vt 0.21875 1
vt 0.15625 1
vt 0.34375 1
vt 0.28125 1
vt 0.28125 0.9375
vt 0.34375 0.9375
vt 0.8125 1
vt 0.75 1
vt 0.75 0.9375
vt 0.8125 0.9375
vt 0.34375 0.9375
vt 0.34375 1
vt 0.28125 1
vt 0.28125 0.9375
vt 0.15625 1
vt 0.15625 0.9375
vt 0.21875 0.9375
vt 0.21875 1
vt 0.8125 0.9375
vt 0.8125 1
vt 0.75 1
vt 0.75 0.9375
vt 0.15625 0.9375
vt 0.21875 0.9375
vt 0.21875 1
vt 0.15625 1
vt 0.8125 1
vt 0.75 1
vt 0.75 0.9375
vt 0.8125 0.9375
vt 1 1
vt 0.875 1
vt 0.875 0.875
vt 1 0.875
vt 0.5 0.875
vt 0.5 1
vt 0.375 1
vt 0.375 0.875
vt 0.90625 0.875
vt 0.96875 0.875
vt 0.96875 1
vt 0.90625 1
vt 0.96875 0.875
vt 0.96875 1
vt 0.90625 1
vt 0.90625 0.875
vt 1 0.875
vt 1 1
vt 0.9375 1
vt 0.9375 0.875
vt 0.9375 1
vt 0.875 1
vt 0.875 0.875
vt 0.9375 0.875
vt 0.5 1
vt 0.375 1
vt 0.375 0.875
vt 0.5 0.875
vt 1 0.875
vt 1 1
vt 0.875 1
vt 0.875 0.875
vt 0.90625 0.875
vt 0.96875 0.875
vt 0.96875 1
vt 0.90625 1
vt 0.96875 0.875
vt 0.96875 1
vt 0.90625 1
vt 0.90625 0.875
vt 0.9375 0.875
vt 0.9375 1
vt 0.875 1
vt 0.875 0.875
vt 1 1
vt 0.9375 1
vt 0.9375 0.875
vt 1 0.875
vt 0.375 1
vt 0.25 1
vt 0.25 0.9375
vt 0.375 0.9375
vt 0.375 0.9375
vt 0.375 1
vt 0.25 1
vt 0.25 0.9375
vt 0.125 1
vt 0.125 0.9375
vt 0.25 0.9375
vt 0.25 1
vt 0.125 0.9375
vt 0.25 0.9375
vt 0.25 1
vt 0.125 1
vt 0.15625 0.9375
vt 0.21875 0.9375
vt 0.21875 1
vt 0.15625 1
vt 0.21875 1
vt 0.15625 1
vt 0.15625 0.9375
vt 0.21875 0.9375
vt 0.125 1
vt 0 1
vt 0 0.9375
vt 0.125 0.9375
vt 0.125 0.9375
vt 0.125 1
vt 0 1
vt 0 0.9375
vt 0.125 1
vt 0.125 0.9375
vt 0.25 0.9375
vt 0.25 1
vt 0.125 0.9375
vt 0.25 0.9375
vt 0.25 1
vt 0.125 1
vt 0.09375 0.9375
vt 0.09375 1
vt 0.03125 1
vt 0.03125 0.9375
vt 0.09375 1
vt 0.03125 1
vt 0.03125 0.9375
vt 0.09375 0.9375
vt 1 0.4140625
vt 0.875 0.4140625
vt 0.875 0.3515625
vt 1 0.3515625
vt 0.125 0.9375
vt 0.125 1
vt 0 1
vt 0 0.9375
vt 0.125 1
vt 0.125 0.9375
vt 0.25 0.9375
vt 0.25 1
vt 0.125 0.9375
vt 0.25 0.9375
vt 0.25 1
vt 0.125 1
vt 0.09375 0.9375
vt 0.09375 1
vt 0.03125 1
vt 0.03125 0.9375
vt 0.09375 1
vt 0.03125 1
vt 0.03125 0.9375
vt 0.09375 0.9375
vt 0.125 1
vt 0 1
vt 0 0.9375
vt 0.125 0.9375
vt 0.125 0.9375
vt 0.125 1
vt 0 1
vt 0 0.9375
vt 0.125 1
vt 0.125 0.9375
vt 0.25 0.9375
vt 0.25 1
vt 0.125 0.9375
vt 0.25 0.9375
vt 0.25 1
vt 0.125 1
vt 0.09375 0.9375
vt 0.09375 1
vt 0.03125 1
vt 0.03125 0.9375
vt 0.09375 1
vt 0.03125 1
vt 0.03125 0.9375
vt 0.09375 0.9375
vt 0.125 1
vt 0 1
vt 0 0.9375
vt 0.125 0.9375
vt 0.125 0.9375
vt 0.125 1
vt 0 1
vt 0 0.9375
vt 0.125 1
vt 0.125 0.9375
vt 0.25 0.9375
vt 0.25 1
vt 0.125 0.9375
vt 0.25 0.9375
vt 0.25 1
vt 0.125 1
vt 0.09375 0.9375
vt 0.09375 1
vt 0.03125 1
vt 0.03125 0.9375
vt 0.09375 1
vt 0.03125 1
vt 0.03125 0.9375
vt 0.09375 0.9375
vt 0.125 1
vt 0 1
vt 0 0.9375
vt 0.125 0.9375
vt 0.125 0.9375
vt 0.125 1
vt 0 1
vt 0 0.9375
vt 0.125 0.875
vt 0.25 0.875
vt 0.25 1
vt 0.125 1
vt 0.25 0.875
vt 0.25 1
vt 0.125 1
vt 0.125 0.875
vt 0.125 0.9375
vt 0.125 1
vt 0 1
vt 0 0.9375
vt 0.125 1
vt 0 1
vt 0 0.9375
vt 0.125 0.9375
vt 0.375 1
vt 0.25 1
vt 0.25 0.9375
vt 0.375 0.9375
vt 0.375 0.9375
vt 0.375 1
vt 0.25 1
vt 0.25 0.9375
vt 0.375 0.875
vt 0.5 0.875
vt 0.5 1
vt 0.375 1
vt 0.5 0.875
vt 0.5 1
vt 0.375 1
vt 0.375 0.875
vt 0.375 0.9375
vt 0.375 1
vt 0.25 1
vt 0.25 0.9375
vt 0.375 1
vt 0.25 1
vt 0.25 0.9375
vt 0.375 0.9375
vt 0.375 1
vt 0.25 1
vt 0.25 0.9375
vt 0.375 0.9375
vt 0.375 0.9375
vt 0.375 1
vt 0.25 1
vt 0.25 0.9375
vt 0.375 0.875
vt 0.5 0.875
vt 0.5 1
vt 0.375 1
vt 0.5 0.875
vt 0.5 1
vt 0.375 1
vt 0.375 0.875
vt 0.375 0.9375
vt 0.375 1
vt 0.25 1
vt 0.25 0.9375
vt 0.375 1
vt 0.25 1
vt 0.25 0.9375
vt 0.375 0.9375
vt 0.703125 0.265625
vt 0.578125 0.265625
vt 0.578125 0.203125
vt 0.703125 0.203125
vt 0.703125 0.203125
vt 0.703125 0.265625
vt 0.578125 0.265625
vt 0.578125 0.203125
vt 0.578125 0.203125
vt 0.578125 0.140625
vt 0.703125 0.140625
vt 0.703125 0.203125
vt 0.125 0.9375
vt 0.25 0.9375
vt 0.25 1
vt 0.125 1
vt 0.859375 0.3046875
vt 0.859375 0.3671875
vt 0.796875 0.3671875
vt 0.796875 0.3046875
vt 0.859375 0.3671875
vt 0.796875 0.3671875
vt 0.796875 0.3046875
vt 0.859375 0.3046875
vt 0.703125 0.265625
vt 0.578125 0.265625
vt 0.578125 0.203125
vt 0.703125 0.203125
vt 0.703125 0.203125
vt 0.703125 0.265625
vt 0.578125 0.265625
vt 0.578125 0.203125
vt 0.578125 0.203125
vt 0.578125 0.140625
vt 0.703125 0.140625
vt 0.703125 0.203125
vt 0.125 0.9375
vt 0.25 0.9375
vt 0.25 1
vt 0.125 1
vt 0.859375 0.3046875
vt 0.859375 0.3671875
vt 0.796875 0.3671875
vt 0.796875 0.3046875
vt 0.859375 0.3671875
vt 0.796875 0.3671875
vt 0.796875 0.3046875
vt 0.859375 0.3046875
vt 0.703125 0.265625
vt 0.578125 0.265625
vt 0.578125 0.203125
vt 0.703125 0.203125
vt 0.703125 0.203125
vt 0.703125 0.265625
vt 0.578125 0.265625
vt 0.578125 0.203125
vt 0.578125 0.203125
vt 0.578125 0.140625
vt 0.703125 0.140625
vt 0.703125 0.203125
vt 0.125 0.9375
vt 0.25 0.9375
vt 0.25 1
vt 0.125 1
vt 0.859375 0.3046875
vt 0.859375 0.3671875
vt 0.796875 0.3671875
vt 0.796875 0.3046875
vt 0.859375 0.3671875
vt 0.796875 0.3671875
vt 0.796875 0.3046875
vt 0.859375 0.3046875
vt 0.703125 0.265625
vt 0.578125 0.265625
vt 0.578125 0.203125
vt 0.703125 0.203125
vt 0.703125 0.203125
vt 0.703125 0.265625
vt 0.578125 0.265625
vt 0.578125 0.203125
vt 0.578125 0.203125
vt 0.578125 0.140625
vt 0.703125 0.140625
vt 0.703125 0.203125
vt 0.125 0.9375
vt 0.25 0.9375
vt 0.25 1
vt 0.125 1
vt 0.859375 0.3046875
vt 0.859375 0.3671875
vt 0.796875 0.3671875
vt 0.796875 0.3046875
vt 0.859375 0.3671875
vt 0.796875 0.3671875
vt 0.796875 0.3046875
vt 0.859375 0.3046875
vt 0.625 0.265625
vt 0.625 0.296875
vt 0.5625 0.296875
vt 0.5625 0.265625
vt 0.5625 0.265625
vt 0.625 0.265625
vt 0.625 0.296875
vt 0.5625 0.296875
vt 0.5625 0.296875
vt 0.5 0.296875
vt 0.5 0.265625
vt 0.5625 0.265625
vt 0.5 0.296875
vt 0.5 0.265625
vt 0.5625 0.265625
vt 0.5625 0.296875
vt 0.859375 0.3046875
vt 0.859375 0.3671875
vt 0.796875 0.3671875
vt 0.796875 0.3046875
vt 0.859375 0.3671875
vt 0.796875 0.3671875
vt 0.796875 0.3046875
vt 0.859375 0.3046875
vt 0.625 0.265625
vt 0.625 0.296875
vt 0.5625 0.296875
vt 0.5625 0.265625
vt 0.5625 0.265625
vt 0.625 0.265625
vt 0.625 0.296875
vt 0.5625 0.296875
vt 0.5625 0.296875
vt 0.5 0.296875
vt 0.5 0.265625
vt 0.5625 0.265625
vt 0.5 0.296875
vt 0.5 0.265625
vt 0.5625 0.265625
vt 0.5625 0.296875
vt 0.859375 0.3046875
vt 0.859375 0.3671875
vt 0.796875 0.3671875
vt 0.796875 0.3046875
vt 0.859375 0.3671875
vt 0.796875 0.3671875
vt 0.796875 0.3046875
vt 0.859375 0.3046875
vt 0.625 0.265625
vt 0.625 0.296875
vt 0.5625 0.296875
vt 0.5625 0.265625
vt 0.5625 0.265625
vt 0.625 0.265625
vt 0.625 0.296875
vt 0.5625 0.296875
vt 0.5625 0.296875
vt 0.5 0.296875
vt 0.5 0.265625
vt 0.5625 0.265625
vt 0.5 0.296875
vt 0.5 0.265625
vt 0.5625 0.265625
vt 0.5625 0.296875
vt 0.859375 0.3046875
vt 0.859375 0.3671875
vt 0.796875 0.3671875
vt 0.796875 0.3046875
vt 0.859375 0.3671875
vt 0.796875 0.3671875
vt 0.796875 0.3046875
vt 0.859375 0.3046875
vt 0.625 0.265625
vt 0.625 0.296875
vt 0.5625 0.296875
vt 0.5625 0.265625
vt 0.5625 0.265625
vt 0.625 0.265625
vt 0.625 0.296875
vt 0.5625 0.296875
vt 0.5625 0.296875
vt 0.5 0.296875
vt 0.5 0.265625
vt 0.5625 0.265625
vt 0.5 0.296875
vt 0.5 0.265625
vt 0.5625 0.265625
vt 0.5625 0.296875
vt 0.859375 0.3046875
vt 0.859375 0.3671875
vt 0.796875 0.3671875
vt 0.796875 0.3046875
vt 0.859375 0.3671875
vt 0.796875 0.3671875
vt 0.796875 0.3046875
vt 0.859375 0.3046875
vt 0.8046875 0.8828125
vt 0.8046875 0.890625
vt 0.7734375 0.890625
vt 0.7734375 0.8828125
vt 0.7734375 0.890625
vt 0.8046875 0.890625
vt 0.8046875 0.8984375
vt 0.7734375 0.8984375
vt 0.7578125 0.8984375
vt 0.7578125 0.890625
vt 0.765625 0.890625
vt 0.765625 0.8984375
vt 0.75 0.890625
vt 0.7578125 0.890625
vt 0.7578125 0.8984375
vt 0.75 0.8984375
vt 0.7734375 0.890625
vt 0.8046875 0.890625
vt 0.8046875 0.8984375
vt 0.7734375 0.8984375
vt 0.8046875 0.8828125
vt 0.8046875 0.890625
vt 0.7734375 0.890625
vt 0.7734375 0.8828125
vt 0.8046875 0.8828125
vt 0.8046875 0.890625
vt 0.7734375 0.890625
vt 0.7734375 0.8828125
vt 0.7734375 0.890625
vt 0.8046875 0.890625
vt 0.8046875 0.8984375
vt 0.7734375 0.8984375
vt 0.7578125 0.8984375
vt 0.7578125 0.890625
vt 0.765625 0.890625
vt 0.765625 0.8984375
vt 0.75 0.890625
vt 0.7578125 0.890625
vt 0.7578125 0.8984375
vt 0.75 0.8984375
vt 0.7734375 0.890625
vt 0.8046875 0.890625
vt 0.8046875 0.8984375
vt 0.7734375 0.8984375
vt 0.8046875 0.8828125
vt 0.8046875 0.890625
vt 0.7734375 0.890625
vt 0.7734375 0.8828125
vt 0.8046875 0.8828125
vt 0.8046875 0.890625
vt 0.7734375 0.890625
vt 0.7734375 0.8828125
vt 0.7734375 0.890625
vt 0.8046875 0.890625
vt 0.8046875 0.8984375
vt 0.7734375 0.8984375
vt 0.7578125 0.8984375
vt 0.7578125 0.890625
vt 0.765625 0.890625
vt 0.765625 0.8984375
vt 0.75 0.890625
vt 0.7578125 0.890625
vt 0.7578125 0.8984375
vt 0.75 0.8984375
vt 0.7734375 0.890625
vt 0.8046875 0.890625
vt 0.8046875 0.8984375
vt 0.7734375 0.8984375
vt 0.8046875 0.8828125
vt 0.8046875 0.890625
vt 0.7734375 0.890625
vt 0.7734375 0.8828125
vt 0.8046875 0.8828125
vt 0.8046875 0.890625
vt 0.7734375 0.890625
vt 0.7734375 0.8828125
vt 0.7734375 0.890625
vt 0.8046875 0.890625
vt 0.8046875 0.8984375
vt 0.7734375 0.8984375
vt 0.7578125 0.8984375
vt 0.7578125 0.890625
vt 0.765625 0.890625
vt 0.765625 0.8984375
vt 0.75 0.890625
vt 0.7578125 0.890625
vt 0.7578125 0.8984375
vt 0.75 0.8984375
vt 0.7734375 0.890625
vt 0.8046875 0.890625
vt 0.8046875 0.8984375
vt 0.7734375 0.8984375
vt 0.8046875 0.8828125
vt 0.8046875 0.890625
vt 0.7734375 0.890625
vt 0.7734375 0.8828125
vt 0.5625 0.25
vt 0.5625 0.15625
vt 0.578125 0.15625
vt 0.578125 0.25
vt 0.53125 0.15625
vt 0.546875 0.15625
vt 0.546875 0.25
vt 0.53125 0.25
vt 0.53125 0.15625
vt 0.578125 0.15625
vt 0.578125 0.25
vt 0.53125 0.25
vt 0.578125 0.15625
vt 0.578125 0.25
vt 0.53125 0.25
vt 0.53125 0.15625
vt 0.578125 0.2421875
vt 0.578125 0.2578125
vt 0.53125 0.2578125
vt 0.53125 0.2421875
vt 0.578125 0.1640625
vt 0.53125 0.1640625
vt 0.53125 0.1484375
vt 0.578125 0.1484375
vt 0.796875 0.3203125
vt 0.75 0.3203125
vt 0.75 0.3046875
vt 0.796875 0.3046875
vt 0.796875 0.3046875
vt 0.796875 0.3203125
vt 0.75 0.3203125
vt 0.75 0.3046875
vt 0.75 0.3203125
vt 0.796875 0.3203125
vt 0.796875 0.3671875
vt 0.75 0.3671875
vt 0.796875 0.3203125
vt 0.796875 0.3671875
vt 0.75 0.3671875
vt 0.75 0.3203125
vt 0.796875 0.3046875
vt 0.796875 0.3203125
vt 0.75 0.3203125
vt 0.75 0.3046875
vt 0.796875 0.3203125
vt 0.75 0.3203125
vt 0.75 0.3046875
vt 0.796875 0.3046875
vt 0.671875 0.4375
vt 0.625 0.4375
vt 0.625 0.375
vt 0.671875 0.375
vt 0.671875 0.375
vt 0.671875 0.4375
vt 0.625 0.4375
vt 0.625 0.375
vt 0.625 0.328125
vt 0.671875 0.328125
vt 0.671875 0.375
vt 0.625 0.375
vt 0.671875 0.328125
vt 0.671875 0.375
vt 0.625 0.375
vt 0.625 0.328125
vt 0.671875 0.375
vt 0.671875 0.4375
vt 0.625 0.4375
vt 0.625 0.375
vt 0.671875 0.4375
vt 0.625 0.4375
vt 0.625 0.375
vt 0.671875 0.375
vt 0.96875 0.484375
vt 0.9140625 0.484375
vt 0.9140625 0.46875
vt 0.96875 0.46875
vt 0.96875 0.46875
vt 0.96875 0.484375
vt 0.9140625 0.484375
vt 0.9140625 0.46875
vt 0.9140625 0.4140625
vt 0.96875 0.4140625
vt 0.96875 0.46875
vt 0.9140625 0.46875
vt 0.96875 0.4140625
vt 0.96875 0.46875
vt 0.9140625 0.46875
vt 0.9140625 0.4140625
vt 0.96875 0.46875
vt 0.96875 0.484375
vt 0.9140625 0.484375
vt 0.9140625 0.46875
vt 0.96875 0.484375
vt 0.9140625 0.484375
vt 0.9140625 0.46875
vt 0.96875 0.46875
vt 0.8125 0.8984375
vt 0.8125 0.9140625
vt 0.765625 0.9140625
vt 0.765625 0.8984375
vt 0.765625 0.8984375
vt 0.8125 0.8984375
vt 0.8125 0.9140625
vt 0.765625 0.9140625
vt 0.75 0.9140625
vt 0.75 0.8984375
vt 0.765625 0.8984375
vt 0.765625 0.9140625
vt 0.75 0.8984375
vt 0.765625 0.8984375
vt 0.765625 0.9140625
vt 0.75 0.9140625
vt 0.765625 0.8984375
vt 0.8125 0.8984375
vt 0.8125 0.9140625
vt 0.765625 0.9140625
vt 0.8125 0.8984375
vt 0.8125 0.9140625
vt 0.765625 0.9140625
vt 0.765625 0.8984375
vt 0.8125 0.8984375
vt 0.8125 0.9140625
vt 0.765625 0.9140625
vt 0.765625 0.8984375
vt 0.765625 0.8984375
vt 0.8125 0.8984375
vt 0.8125 0.9140625
vt 0.765625 0.9140625
vt 0.75 0.9140625
vt 0.75 0.8984375
vt 0.765625 0.8984375
vt 0.765625 0.9140625
vt 0.75 0.8984375
vt 0.765625 0.8984375
vt 0.765625 0.9140625
vt 0.75 0.9140625
vt 0.765625 0.8984375
vt 0.8125 0.8984375
vt 0.8125 0.9140625
vt 0.765625 0.9140625
vt 0.8125 0.8984375
vt 0.8125 0.9140625
vt 0.765625 0.9140625
vt 0.765625 0.8984375
vt 0.8125 0.8984375
vt 0.8125 0.9140625
vt 0.765625 0.9140625
vt 0.765625 0.8984375
vt 0.765625 0.8984375
vt 0.8125 0.8984375
vt 0.8125 0.9140625
vt 0.765625 0.9140625
vt 0.75 0.9140625
vt 0.75 0.8984375
vt 0.765625 0.8984375
vt 0.765625 0.9140625
vt 0.75 0.8984375
vt 0.765625 0.8984375
vt 0.765625 0.9140625
vt 0.75 0.9140625
vt 0.765625 0.8984375
vt 0.8125 0.8984375
vt 0.8125 0.9140625
vt 0.765625 0.9140625
vt 0.8125 0.8984375
vt 0.8125 0.9140625
vt 0.765625 0.9140625
vt 0.765625 0.8984375
vt 0.8125 0.8984375
vt 0.8125 0.9140625
vt 0.765625 0.9140625
vt 0.765625 0.8984375
vt 0.765625 0.8984375
vt 0.8125 0.8984375
vt 0.8125 0.9140625
vt 0.765625 0.9140625
vt 0.75 0.9140625
vt 0.75 0.8984375
vt 0.765625 0.8984375
vt 0.765625 0.9140625
vt 0.75 0.8984375
vt 0.765625 0.8984375
vt 0.765625 0.9140625
vt 0.75 0.9140625
vt 0.765625 0.8984375
vt 0.8125 0.8984375
vt 0.8125 0.9140625
vt 0.765625 0.9140625
vt 0.8125 0.8984375
vt 0.8125 0.9140625
vt 0.765625 0.9140625
vt 0.765625 0.8984375
vt 0.8125 0.8984375
vt 0.8125 0.9140625
vt 0.765625 0.9140625
vt 0.765625 0.8984375
vt 0.765625 0.8984375
vt 0.8125 0.8984375
vt 0.8125 0.9140625
vt 0.765625 0.9140625
vt 0.75 0.9140625
vt 0.75 0.8984375
vt 0.765625 0.8984375
vt 0.765625 0.9140625
vt 0.75 0.8984375
vt 0.765625 0.8984375
vt 0.765625 0.9140625
vt 0.75 0.9140625
vt 0.765625 0.8984375
vt 0.8125 0.8984375
vt 0.8125 0.9140625
vt 0.765625 0.9140625
vt 0.8125 0.8984375
vt 0.8125 0.9140625
vt 0.765625 0.9140625
vt 0.765625 0.8984375
vt 0.8203125 0.8984375
vt 0.8203125 0.9140625
vt 0.765625 0.9140625
vt 0.765625 0.8984375
vt 0.765625 0.8984375
vt 0.8203125 0.8984375
vt 0.8203125 0.9140625
vt 0.765625 0.9140625
vt 0.75 0.8984375
vt 0.765625 0.8984375
vt 0.765625 0.9140625
vt 0.75 0.9140625
vt 0.765625 0.8984375
vt 0.765625 0.9140625
vt 0.75 0.9140625
vt 0.75 0.8984375
vt 0.765625 0.8984375
vt 0.8203125 0.8984375
vt 0.8203125 0.9140625
vt 0.765625 0.9140625
vt 0.8203125 0.8984375
vt 0.8203125 0.9140625
vt 0.765625 0.9140625
vt 0.765625 0.8984375
vt 0.8203125 0.8984375
vt 0.8203125 0.9140625
vt 0.765625 0.9140625
vt 0.765625 0.8984375
vt 0.765625 0.8984375
vt 0.8203125 0.8984375
vt 0.8203125 0.9140625
vt 0.765625 0.9140625
vt 0.75 0.8984375
vt 0.765625 0.8984375
vt 0.765625 0.9140625
vt 0.75 0.9140625
vt 0.765625 0.8984375
vt 0.765625 0.9140625
vt 0.75 0.9140625
vt 0.75 0.8984375
vt 0.765625 0.8984375
vt 0.8203125 0.8984375
vt 0.8203125 0.9140625
vt 0.765625 0.9140625
vt 0.8203125 0.8984375
vt 0.8203125 0.9140625
vt 0.765625 0.9140625
vt 0.765625 0.8984375
vt 0.8203125 0.8984375
vt 0.8203125 0.9140625
vt 0.765625 0.9140625
vt 0.765625 0.8984375
vt 0.765625 0.8984375
vt 0.8203125 0.8984375
vt 0.8203125 0.9140625
vt 0.765625 0.9140625
vt 0.75 0.8984375
vt 0.765625 0.8984375
vt 0.765625 0.9140625
vt 0.75 0.9140625
vt 0.765625 0.8984375
vt 0.765625 0.9140625
vt 0.75 0.9140625
vt 0.75 0.8984375
vt 0.765625 0.8984375
vt 0.8203125 0.8984375
vt 0.8203125 0.9140625
vt 0.765625 0.9140625
vt 0.8203125 0.8984375
vt 0.8203125 0.9140625
vt 0.765625 0.9140625
vt 0.765625 0.8984375
vt 0.8203125 0.8984375
vt 0.8203125 0.9140625
vt 0.765625 0.9140625
vt 0.765625 0.8984375
vt 0.765625 0.8984375
vt 0.8203125 0.8984375
vt 0.8203125 0.9140625
vt 0.765625 0.9140625
vt 0.75 0.8984375
vt 0.765625 0.8984375
vt 0.765625 0.9140625
vt 0.75 0.9140625
vt 0.765625 0.8984375
vt 0.765625 0.9140625
vt 0.75 0.9140625
vt 0.75 0.8984375
vt 0.765625 0.8984375
vt 0.8203125 0.8984375
vt 0.8203125 0.9140625
vt 0.765625 0.9140625
vt 0.8203125 0.8984375
vt 0.8203125 0.9140625
vt 0.765625 0.9140625
vt 0.765625 0.8984375
vt 0.8125 0.8984375
vt 0.8125 0.9140625
vt 0.765625 0.9140625
vt 0.765625 0.8984375
vt 0.765625 0.8984375
vt 0.8125 0.8984375
vt 0.8125 0.9140625
vt 0.765625 0.9140625
vt 0.75 0.9140625
vt 0.75 0.8984375
vt 0.765625 0.8984375
vt 0.765625 0.9140625
vt 0.75 0.8984375
vt 0.765625 0.8984375
vt 0.765625 0.9140625
vt 0.75 0.9140625
vt 0.765625 0.8984375
vt 0.8125 0.8984375
vt 0.8125 0.9140625
vt 0.765625 0.9140625
vt 0.8125 0.8984375
vt 0.8125 0.9140625
vt 0.765625 0.9140625
vt 0.765625 0.8984375
vt 0.8125 0.8984375
vt 0.8125 0.9140625
vt 0.765625 0.9140625
vt 0.765625 0.8984375
vt 0.765625 0.8984375
vt 0.8125 0.8984375
vt 0.8125 0.9140625
vt 0.765625 0.9140625
vt 0.75 0.9140625
vt 0.75 0.8984375
vt 0.765625 0.8984375
vt 0.765625 0.9140625
vt 0.75 0.8984375
vt 0.765625 0.8984375
vt 0.765625 0.9140625
vt 0.75 0.9140625
vt 0.765625 0.8984375
vt 0.8125 0.8984375
vt 0.8125 0.9140625
vt 0.765625 0.9140625
vt 0.8125 0.8984375
vt 0.8125 0.9140625
vt 0.765625 0.9140625
vt 0.765625 0.8984375
vt 0.8125 0.8984375
vt 0.8125 0.9140625
vt 0.765625 0.9140625
vt 0.765625 0.8984375
vt 0.765625 0.8984375
vt 0.8125 0.8984375
vt 0.8125 0.9140625
vt 0.765625 0.9140625
vt 0.75 0.9140625
vt 0.75 0.8984375
vt 0.765625 0.8984375
vt 0.765625 0.9140625
vt 0.75 0.8984375
vt 0.765625 0.8984375
vt 0.765625 0.9140625
vt 0.75 0.9140625
vt 0.765625 0.8984375
vt 0.8125 0.8984375
vt 0.8125 0.9140625
vt 0.765625 0.9140625
vt 0.8125 0.8984375
vt 0.8125 0.9140625
vt 0.765625 0.9140625
vt 0.765625 0.8984375
vt 0.75 0.8828125
vt 0.75 0.875
vt 0.875 0.875
vt 0.875 0.8828125
vt 0.875 0.8828125
vt 0.75 0.8828125
vt 0.75 0.875
vt 0.875 0.875
vt 0.8203125 0.875
vt 0.8203125 0.8828125
vt 0.8125 0.8828125
vt 0.8125 0.875
vt 0.8203125 0.8828125
vt 0.8125 0.8828125
vt 0.8125 0.875
vt 0.8203125 0.875
vt 0.875 0.8828125
vt 0.75 0.8828125
vt 0.75 0.875
vt 0.875 0.875
vt 0.75 0.8828125
vt 0.75 0.875
vt 0.875 0.875
vt 0.875 0.8828125
vt 0.75 0.8828125
vt 0.75 0.875
vt 0.875 0.875
vt 0.875 0.8828125
vt 0.875 0.8828125
vt 0.75 0.8828125
vt 0.75 0.875
vt 0.875 0.875
vt 0.8203125 0.875
vt 0.8203125 0.8828125
vt 0.8125 0.8828125
vt 0.8125 0.875
vt 0.8203125 0.8828125
vt 0.8125 0.8828125
vt 0.8125 0.875
vt 0.8203125 0.875
vt 0.875 0.8828125
vt 0.75 0.8828125
vt 0.75 0.875
vt 0.875 0.875
vt 0.75 0.8828125
vt 0.75 0.875
vt 0.875 0.875
vt 0.875 0.8828125
vt 0.75 0.8828125
vt 0.75 0.875
vt 0.875 0.875
vt 0.875 0.8828125
vt 0.875 0.8828125
vt 0.75 0.8828125
vt 0.75 0.875
vt 0.875 0.875
vt 0.8203125 0.875
vt 0.8203125 0.8828125
vt 0.8125 0.8828125
vt 0.8125 0.875
vt 0.8203125 0.8828125
vt 0.8125 0.8828125
vt 0.8125 0.875
vt 0.8203125 0.875
vt 0.875 0.8828125
vt 0.75 0.8828125
vt 0.75 0.875
vt 0.875 0.875
vt 0.75 0.8828125
vt 0.75 0.875
vt 0.875 0.875
vt 0.875 0.8828125
vt 0.75 0.8828125
vt 0.75 0.875
vt 0.875 0.875
vt 0.875 0.8828125
vt 0.875 0.8828125
vt 0.75 0.8828125
vt 0.75 0.875
vt 0.875 0.875
vt 0.8203125 0.875
vt 0.8203125 0.8828125
vt 0.8125 0.8828125
vt 0.8125 0.875
vt 0.8203125 0.8828125
vt 0.8125 0.8828125
vt 0.8125 0.875
vt 0.8203125 0.875
vt 0.875 0.8828125
vt 0.75 0.8828125
vt 0.75 0.875
vt 0.875 0.875
vt 0.75 0.8828125
vt 0.75 0.875
vt 0.875 0.875
vt 0.875 0.8828125
vt 0.75 0.8828125
vt 0.75 0.875
vt 0.875 0.875
vt 0.875 0.8828125
vt 0.875 0.8828125
vt 0.75 0.8828125
vt 0.75 0.875
vt 0.875 0.875
vt 0.8203125 0.875
vt 0.8203125 0.8828125
vt 0.8125 0.8828125
vt 0.8125 0.875
vt 0.8203125 0.8828125
vt 0.8125 0.8828125
vt 0.8125 0.875
vt 0.8203125 0.875
vt 0.875 0.8828125
vt 0.75 0.8828125
vt 0.75 0.875
vt 0.875 0.875
vt 0.75 0.8828125
vt 0.75 0.875
vt 0.875 0.875
vt 0.875 0.8828125
vt 0.75 0.8828125
vt 0.75 0.875
vt 0.875 0.875
vt 0.875 0.8828125
vt 0.875 0.8828125
vt 0.75 0.8828125
vt 0.75 0.875
vt 0.875 0.875
vt 0.8203125 0.875
vt 0.8203125 0.8828125
vt 0.8125 0.8828125
vt 0.8125 0.875
vt 0.8203125 0.8828125
vt 0.8125 0.8828125
vt 0.8125 0.875
vt 0.8203125 0.875
vt 0.875 0.8828125
vt 0.75 0.8828125
vt 0.75 0.875
vt 0.875 0.875
vt 0.75 0.8828125
vt 0.75 0.875
vt 0.875 0.875
vt 0.875 0.8828125
vt 0.8203125 0.8984375
vt 0.8125 0.8984375
vt 0.8125 0.8828125
vt 0.8203125 0.8828125
vt 0.8125 0.8828125
vt 0.8125 0.8984375
vt 0.8046875 0.8984375
vt 0.8046875 0.8828125
vt 0.75 0.875
vt 0.875 0.875
vt 0.875 0.8828125
vt 0.75 0.8828125
vt 0.875 0.875
vt 0.875 0.8828125
vt 0.75 0.8828125
vt 0.75 0.875
vt 0.875 0.8828125
vt 0.875 0.8984375
vt 0.75 0.8984375
vt 0.75 0.8828125
vt 0.875 0.8984375
vt 0.75 0.8984375
vt 0.75 0.8828125
vt 0.875 0.8828125
vt 0.8203125 0.8984375
vt 0.8125 0.8984375
vt 0.8125 0.8828125
vt 0.8203125 0.8828125
vt 0.8125 0.8828125
vt 0.8125 0.8984375
vt 0.8046875 0.8984375
vt 0.8046875 0.8828125
vt 0.75 0.875
vt 0.875 0.875
vt 0.875 0.8828125
vt 0.75 0.8828125
vt 0.875 0.875
vt 0.875 0.8828125
vt 0.75 0.8828125
vt 0.75 0.875
vt 0.875 0.8828125
vt 0.875 0.8984375
vt 0.75 0.8984375
vt 0.75 0.8828125
vt 0.875 0.8984375
vt 0.75 0.8984375
vt 0.75 0.8828125
vt 0.875 0.8828125
vt 0.4765625 0.2109375
vt 0.4765625 0.203125
vt 0.4453125 0.203125
vt 0.4453125 0.2109375
vt 0.4453125 0.203125
vt 0.4765625 0.203125
vt 0.4765625 0.1953125
vt 0.4453125 0.1953125
vt 0.4453125 0.140625
vt 0.4453125 0.265625
vt 0.453125 0.265625
vt 0.453125 0.140625
vt 0.46875 0.265625
vt 0.4765625 0.265625
vt 0.4765625 0.140625
vt 0.46875 0.140625
vt 0.4453125 0.265625
vt 0.4765625 0.265625
vt 0.4765625 0.140625
vt 0.4453125 0.140625
vt 0.4765625 0.265625
vt 0.4765625 0.140625
vt 0.4453125 0.140625
vt 0.4453125 0.265625
vt 0.4765625 0.2109375
vt 0.4765625 0.203125
vt 0.4453125 0.203125
vt 0.4453125 0.2109375
vt 0.4453125 0.203125
vt 0.4765625 0.203125
vt 0.4765625 0.1953125
vt 0.4453125 0.1953125
vt 0.4453125 0.140625
vt 0.4453125 0.265625
vt 0.453125 0.265625
vt 0.453125 0.140625
vt 0.46875 0.265625
vt 0.4765625 0.265625
vt 0.4765625 0.140625
vt 0.46875 0.140625
vt 0.4453125 0.265625
vt 0.4765625 0.265625
vt 0.4765625 0.140625
vt 0.4453125 0.140625
vt 0.4765625 0.265625
vt 0.4765625 0.140625
vt 0.4453125 0.140625
vt 0.4453125 0.265625
vt 0.75 0.8828125
vt 0.75 0.875
vt 0.875 0.875
vt 0.875 0.8828125
vt 0.875 0.8828125
vt 0.75 0.8828125
vt 0.75 0.875
vt 0.875 0.875
vt 0.8203125 0.875
vt 0.8203125 0.8828125
vt 0.8125 0.8828125
vt 0.8125 0.875
vt 0.8203125 0.8828125
vt 0.8125 0.8828125
vt 0.8125 0.875
vt 0.8203125 0.875
vt 0.875 0.8828125
vt 0.75 0.8828125
vt 0.75 0.875
vt 0.875 0.875
vt 0.75 0.8828125
vt 0.75 0.875
vt 0.875 0.875
vt 0.875 0.8828125
vt 0.75 0.8828125
vt 0.75 0.875
vt 0.875 0.875
vt 0.875 0.8828125
vt 0.875 0.8828125
vt 0.75 0.8828125
vt 0.75 0.875
vt 0.875 0.875
vt 0.8203125 0.875
vt 0.8203125 0.8828125
vt 0.8125 0.8828125
vt 0.8125 0.875
vt 0.8203125 0.8828125
vt 0.8125 0.8828125
vt 0.8125 0.875
vt 0.8203125 0.875
vt 0.875 0.8828125
vt 0.75 0.8828125
vt 0.75 0.875
vt 0.875 0.875
vt 0.75 0.8828125
vt 0.75 0.875
vt 0.875 0.875
vt 0.875 0.8828125
vt 0.96875 0.484375
vt 0.9140625 0.484375
vt 0.9140625 0.46875
vt 0.96875 0.46875
vt 0.96875 0.46875
vt 0.96875 0.484375
vt 0.9140625 0.484375
vt 0.9140625 0.46875
vt 0.9140625 0.4140625
vt 0.96875 0.4140625
vt 0.96875 0.46875
vt 0.9140625 0.46875
vt 0.96875 0.4140625
vt 0.96875 0.46875
vt 0.9140625 0.46875
vt 0.9140625 0.4140625
vt 0.96875 0.46875
vt 0.96875 0.484375
vt 0.9140625 0.484375
vt 0.9140625 0.46875
vt 0.96875 0.484375
vt 0.9140625 0.484375
vt 0.9140625 0.46875
vt 0.96875 0.46875
vt 0.671875 0.4375
vt 0.625 0.4375
vt 0.625 0.375
vt 0.671875 0.375
vt 0.671875 0.375
vt 0.671875 0.4375
vt 0.625 0.4375
vt 0.625 0.375
vt 0.625 0.328125
vt 0.671875 0.328125
vt 0.671875 0.375
vt 0.625 0.375
vt 0.671875 0.328125
vt 0.671875 0.375
vt 0.625 0.375
vt 0.625 0.328125
vt 0.671875 0.375
vt 0.671875 0.4375
vt 0.625 0.4375
vt 0.625 0.375
vt 0.671875 0.4375
vt 0.625 0.4375
vt 0.625 0.375
vt 0.671875 0.375
vt 0.96875 0.484375
vt 0.9140625 0.484375
vt 0.9140625 0.46875
vt 0.96875 0.46875
vt 0.96875 0.46875
vt 0.96875 0.484375
vt 0.9140625 0.484375
vt 0.9140625 0.46875
vt 0.9140625 0.4140625
vt 0.96875 0.4140625
vt 0.96875 0.46875
vt 0.9140625 0.46875
vt 0.96875 0.4140625
vt 0.96875 0.46875
vt 0.9140625 0.46875
vt 0.9140625 0.4140625
vt 0.96875 0.46875
vt 0.96875 0.484375
vt 0.9140625 0.484375
vt 0.9140625 0.46875
vt 0.96875 0.484375
vt 0.9140625 0.484375
vt 0.9140625 0.46875
vt 0.96875 0.46875
vt 0.96875 0.484375
vt 0.9140625 0.484375
vt 0.9140625 0.46875
vt 0.96875 0.46875
vt 0.96875 0.46875
vt 0.96875 0.484375
vt 0.9140625 0.484375
vt 0.9140625 0.46875
vt 0.9140625 0.4140625
vt 0.96875 0.4140625
vt 0.96875 0.46875
vt 0.9140625 0.46875
vt 0.96875 0.4140625
vt 0.96875 0.46875
vt 0.9140625 0.46875
vt 0.9140625 0.4140625
vt 0.96875 0.46875
vt 0.96875 0.484375
vt 0.9140625 0.484375
vt 0.9140625 0.46875
vt 0.96875 0.484375
vt 0.9140625 0.484375
vt 0.9140625 0.46875
vt 0.96875 0.46875
vt 0.96875 0.484375
vt 0.9140625 0.484375
vt 0.9140625 0.46875
vt 0.96875 0.46875
vt 0.96875 0.46875
vt 0.96875 0.484375
vt 0.9140625 0.484375
vt 0.9140625 0.46875
vt 0.9140625 0.4140625
vt 0.96875 0.4140625
vt 0.96875 0.46875
vt 0.9140625 0.46875
vt 0.96875 0.4140625
vt 0.96875 0.46875
vt 0.9140625 0.46875
vt 0.9140625 0.4140625
vt 0.96875 0.46875
vt 0.96875 0.484375
vt 0.9140625 0.484375
vt 0.9140625 0.46875
vt 0.96875 0.484375
vt 0.9140625 0.484375
vt 0.9140625 0.46875
vt 0.96875 0.46875
vt 0.96875 0.484375
vt 0.9140625 0.484375
vt 0.9140625 0.46875
vt 0.96875 0.46875
vt 0.96875 0.46875
vt 0.96875 0.484375
vt 0.9140625 0.484375
vt 0.9140625 0.46875
vt 0.9140625 0.4140625
vt 0.96875 0.4140625
vt 0.96875 0.46875
vt 0.9140625 0.46875
vt 0.96875 0.4140625
vt 0.96875 0.46875
vt 0.9140625 0.46875
vt 0.9140625 0.4140625
vt 0.96875 0.46875
vt 0.96875 0.484375
vt 0.9140625 0.484375
vt 0.9140625 0.46875
vt 0.96875 0.484375
vt 0.9140625 0.484375
vt 0.9140625 0.46875
vt 0.96875 0.46875
vt 0.671875 0.4375
vt 0.625 0.4375
vt 0.625 0.375
vt 0.671875 0.375
vt 0.671875 0.375
vt 0.671875 0.4375
vt 0.625 0.4375
vt 0.625 0.375
vt 0.625 0.328125
vt 0.671875 0.328125
vt 0.671875 0.375
vt 0.625 0.375
vt 0.671875 0.328125
vt 0.671875 0.375
vt 0.625 0.375
vt 0.625 0.328125
vt 0.671875 0.375
vt 0.671875 0.4375
vt 0.625 0.4375
vt 0.625 0.375
vt 0.671875 0.4375
vt 0.625 0.4375
vt 0.625 0.375
vt 0.671875 0.375
vt 0.671875 0.4375
vt 0.625 0.4375
vt 0.625 0.375
vt 0.671875 0.375
vt 0.671875 0.375
vt 0.671875 0.4375
vt 0.625 0.4375
vt 0.625 0.375
vt 0.625 0.328125
vt 0.671875 0.328125
vt 0.671875 0.375
vt 0.625 0.375
vt 0.671875 0.328125
vt 0.671875 0.375
vt 0.625 0.375
vt 0.625 0.328125
vt 0.671875 0.375
vt 0.671875 0.4375
vt 0.625 0.4375
vt 0.625 0.375
vt 0.671875 0.4375
vt 0.625 0.4375
vt 0.625 0.375
vt 0.671875 0.375
vt 0.96875 0.484375
vt 0.9140625 0.484375
vt 0.9140625 0.46875
vt 0.96875 0.46875
vt 0.96875 0.46875
vt 0.96875 0.484375
vt 0.9140625 0.484375
vt 0.9140625 0.46875
vt 0.9140625 0.4140625
vt 0.96875 0.4140625
vt 0.96875 0.46875
vt 0.9140625 0.46875
vt 0.96875 0.4140625
vt 0.96875 0.46875
vt 0.9140625 0.46875
vt 0.9140625 0.4140625
vt 0.96875 0.46875
vt 0.96875 0.484375
vt 0.9140625 0.484375
vt 0.9140625 0.46875
vt 0.96875 0.484375
vt 0.9140625 0.484375
vt 0.9140625 0.46875
vt 0.96875 0.46875
vt 0.96875 0.484375
vt 0.9140625 0.484375
vt 0.9140625 0.46875
vt 0.96875 0.46875
vt 0.96875 0.46875
vt 0.96875 0.484375
vt 0.9140625 0.484375
vt 0.9140625 0.46875
vt 0.9140625 0.4140625
vt 0.96875 0.4140625
vt 0.96875 0.46875
vt 0.9140625 0.46875
vt 0.96875 0.4140625
vt 0.96875 0.46875
vt 0.9140625 0.46875
vt 0.9140625 0.4140625
vt 0.96875 0.46875
vt 0.96875 0.484375
vt 0.9140625 0.484375
vt 0.9140625 0.46875
vt 0.96875 0.484375
vt 0.9140625 0.484375
vt 0.9140625 0.46875
vt 0.96875 0.46875
vt 0.796875 0.3203125
vt 0.75 0.3203125
vt 0.75 0.3046875
vt 0.796875 0.3046875
vt 0.796875 0.3046875
vt 0.796875 0.3203125
vt 0.75 0.3203125
vt 0.75 0.3046875
vt 0.75 0.3203125
vt 0.796875 0.3203125
vt 0.796875 0.3671875
vt 0.75 0.3671875
vt 0.796875 0.3203125
vt 0.796875 0.3671875
vt 0.75 0.3671875
vt 0.75 0.3203125
vt 0.796875 0.3046875
vt 0.796875 0.3203125
vt 0.75 0.3203125
vt 0.75 0.3046875
vt 0.796875 0.3203125
vt 0.75 0.3203125
vt 0.75 0.3046875
vt 0.796875 0.3046875
vt 0.796875 0.3203125
vt 0.75 0.3203125
vt 0.75 0.3046875
vt 0.796875 0.3046875
vt 0.796875 0.3046875
vt 0.796875 0.3203125
vt 0.75 0.3203125
vt 0.75 0.3046875
vt 0.75 0.3203125
vt 0.796875 0.3203125
vt 0.796875 0.3671875
vt 0.75 0.3671875
vt 0.796875 0.3203125
vt 0.796875 0.3671875
vt 0.75 0.3671875
vt 0.75 0.3203125
vt 0.796875 0.3046875
vt 0.796875 0.3203125
vt 0.75 0.3203125
vt 0.75 0.3046875
vt 0.796875 0.3203125
vt 0.75 0.3203125
vt 0.75 0.3046875
vt 0.796875 0.3046875
vt 0.796875 0.3203125
vt 0.75 0.3203125
vt 0.75 0.3046875
vt 0.796875 0.3046875
vt 0.796875 0.3046875
vt 0.796875 0.3203125
vt 0.75 0.3203125
vt 0.75 0.3046875
vt 0.75 0.3203125
vt 0.796875 0.3203125
vt 0.796875 0.3671875
vt 0.75 0.3671875
vt 0.796875 0.3203125
vt 0.796875 0.3671875
vt 0.75 0.3671875
vt 0.75 0.3203125
vt 0.796875 0.3046875
vt 0.796875 0.3203125
vt 0.75 0.3203125
vt 0.75 0.3046875
vt 0.796875 0.3203125
vt 0.75 0.3203125
vt 0.75 0.3046875
vt 0.796875 0.3046875
vt 0.5625 0.234375
vt 0.5625 0.140625
vt 0.578125 0.140625
vt 0.578125 0.234375
vt 0.53125 0.140625
vt 0.546875 0.140625
vt 0.546875 0.234375
vt 0.53125 0.234375
vt 0.53125 0.140625
vt 0.578125 0.140625
vt 0.578125 0.234375
vt 0.53125 0.234375
vt 0.578125 0.140625
vt 0.578125 0.234375
vt 0.53125 0.234375
vt 0.53125 0.140625
vt 0.578125 0.2109375
vt 0.578125 0.2265625
vt 0.53125 0.2265625
vt 0.53125 0.2109375
vt 0.578125 0.2265625
vt 0.53125 0.2265625
vt 0.53125 0.2109375
vt 0.578125 0.2109375
vt 0.5625 0.234375
vt 0.5625 0.140625
vt 0.578125 0.140625
vt 0.578125 0.234375
vt 0.53125 0.140625
vt 0.546875 0.140625
vt 0.546875 0.234375
vt 0.53125 0.234375
vt 0.53125 0.140625
vt 0.578125 0.140625
vt 0.578125 0.234375
vt 0.53125 0.234375
vt 0.578125 0.140625
vt 0.578125 0.234375
vt 0.53125 0.234375
vt 0.53125 0.140625
vt 0.578125 0.2109375
vt 0.578125 0.2265625
vt 0.53125 0.2265625
vt 0.53125 0.2109375
vt 0.578125 0.2265625
vt 0.53125 0.2265625
vt 0.53125 0.2109375
vt 0.578125 0.2109375
vt 0.5625 0.234375
vt 0.5625 0.140625
vt 0.578125 0.140625
vt 0.578125 0.234375
vt 0.53125 0.140625
vt 0.546875 0.140625
vt 0.546875 0.234375
vt 0.53125 0.234375
vt 0.53125 0.140625
vt 0.578125 0.140625
vt 0.578125 0.234375
vt 0.53125 0.234375
vt 0.578125 0.140625
vt 0.578125 0.234375
vt 0.53125 0.234375
vt 0.53125 0.140625
vt 0.578125 0.2109375
vt 0.578125 0.2265625
vt 0.53125 0.2265625
vt 0.53125 0.2109375
vt 0.578125 0.2265625
vt 0.53125 0.2265625
vt 0.53125 0.2109375
vt 0.578125 0.2109375
vt 0.125 1
vt 0 1
vt 0 0.9375
vt 0.125 0.9375
vt 0.125 0.9375
vt 0.125 1
vt 0 1
vt 0 0.9375
vt 0.125 0.875
vt 0.25 0.875
vt 0.25 1
vt 0.125 1
vt 0.25 0.875
vt 0.25 1
vt 0.125 1
vt 0.125 0.875
vt 0.125 0.9375
vt 0.125 1
vt 0 1
vt 0 0.9375
vt 0.125 1
vt 0 1
vt 0 0.9375
vt 0.125 0.9375
vt 0.125 1
vt 0 1
vt 0 0.9375
vt 0.125 0.9375
vt 1 0.3515625
vt 1 0.4140625
vt 0.875 0.4140625
vt 0.875 0.3515625
vt 0.125 1
vt 0.125 0.9375
vt 0.25 0.9375
vt 0.25 1
vt 0.125 0.9375
vt 0.25 0.9375
vt 0.25 1
vt 0.125 1
vt 0.09375 0.9375
vt 0.09375 1
vt 0.03125 1
vt 0.03125 0.9375
vt 0.09375 1
vt 0.03125 1
vt 0.03125 0.9375
vt 0.09375 0.9375
vt 0.125 1
vt 0 1
vt 0 0.9375
vt 0.125 0.9375
vt 0.125 0.9375
vt 0.125 1
vt 0 1
vt 0 0.9375
vt 0.125 1
vt 0.125 0.9375
vt 0.25 0.9375
vt 0.25 1
vt 0.125 0.9375
vt 0.25 0.9375
vt 0.25 1
vt 0.125 1
vt 0.09375 0.9375
vt 0.09375 1
vt 0.03125 1
vt 0.03125 0.9375
vt 0.09375 1
vt 0.03125 1
vt 0.03125 0.9375
vt 0.09375 0.9375
vt 0.125 1
vt 0 1
vt 0 0.9375
vt 0.125 0.9375
vt 0.125 0.9375
vt 0.125 1
vt 0 1
vt 0 0.9375
vt 0.125 1
vt 0.125 0.9375
vt 0.25 0.9375
vt 0.25 1
vt 0.125 0.9375
vt 0.25 0.9375
vt 0.25 1
vt 0.125 1
vt 0.09375 0.9375
vt 0.09375 1
vt 0.03125 1
vt 0.03125 0.9375
vt 0.09375 1
vt 0.03125 1
vt 0.03125 0.9375
vt 0.09375 0.9375
vt 0.125 1
vt 0 1
vt 0 0.9375
vt 0.125 0.9375
vt 0.125 0.9375
vt 0.125 1
vt 0 1
vt 0 0.9375
vt 0.125 0.875
vt 0.25 0.875
vt 0.25 1
vt 0.125 1
vt 0.25 0.875
vt 0.25 1
vt 0.125 1
vt 0.125 0.875
vt 0.125 0.9375
vt 0.125 1
vt 0 1
vt 0 0.9375
vt 0.125 1
vt 0 1
vt 0 0.9375
vt 0.125 0.9375
vt 0.5 1
vt 0.375 1
vt 0.375 0.9375
vt 0.5 0.9375
vt 0.5 0.9375
vt 0.5 1
vt 0.375 1
vt 0.375 0.9375
vt 1 0.875
vt 1 1
vt 0.875 1
vt 0.875 0.875
vt 1 0.875
vt 1 1
vt 0.875 1
vt 0.875 0.875
vt 0.5 0.9375
vt 0.5 1
vt 0.375 1
vt 0.375 0.9375
vt 0.5 1
vt 0.375 1
vt 0.375 0.9375
vt 0.5 0.9375
vt 0.375 0.9375
vt 0.375 1
vt 0.5 1
vt 0.5 0.9375
vt 0.375 1
vt 0.5 1
vt 0.5 0.9375
vt 0.375 0.9375
vt 0.875 1
vt 1 1
vt 1 0.875
vt 0.875 0.875
vt 0.375 1
vt 0.5 1
vt 0.5 0.875
vt 0.375 0.875
vt 0.375 1
vt 0.5 1
vt 0.5 0.9375
vt 0.375 0.9375
vt 0.375 0.9375
vt 0.375 1
vt 0.5 1
vt 0.5 0.9375
vt 0.125 1
vt 0 1
vt 0 0.9375
vt 0.125 0.9375
vt 0.125 0.9375
vt 0.125 1
vt 0 1
vt 0 0.9375
vt 0.125 1
vt 0.125 0.9375
vt 0.25 0.9375
vt 0.25 1
vt 0.125 0.9375
vt 0.25 0.9375
vt 0.25 1
vt 0.125 1
vt 0.09375 0.9375
vt 0.09375 1
vt 0.03125 1
vt 0.03125 0.9375
vt 0.09375 1
vt 0.03125 1
vt 0.03125 0.9375
vt 0.09375 0.9375
vt 0.125 1
vt 0 1
vt 0 0.9375
vt 0.125 0.9375
vt 0.125 0.9375
vt 0.125 1
vt 0 1
vt 0 0.9375
vt 0.125 1
vt 0.125 0.9375
vt 0.25 0.9375
vt 0.25 1
vt 0.125 0.9375
vt 0.25 0.9375
vt 0.25 1
vt 0.125 1
vt 0.09375 0.9375
vt 0.09375 1
vt 0.03125 1
vt 0.03125 0.9375
vt 0.09375 1
vt 0.03125 1
vt 0.03125 0.9375
vt 0.09375 0.9375
vt 0.125 1
vt 0 1
vt 0 0.9375
vt 0.125 0.9375
vt 0.125 0.9375
vt 0.125 1
vt 0 1
vt 0 0.9375
vt 0.125 0.875
vt 0.25 0.875
vt 0.25 1
vt 0.125 1
vt 0.25 0.875
vt 0.25 1
vt 0.125 1
vt 0.125 0.875
vt 0.125 0.9375
vt 0.125 1
vt 0 1
vt 0 0.9375
vt 0.125 1
vt 0 1
vt 0 0.9375
vt 0.125 0.9375
vt 0.125 1
vt 0 1
vt 0 0.9375
vt 0.125 0.9375
vt 0.125 0.9375
vt 0.125 1
vt 0 1
vt 0 0.9375
vt 0.125 0.875
vt 0.25 0.875
vt 0.25 1
vt 0.125 1
vt 0.25 0.875
vt 0.25 1
vt 0.125 1
vt 0.125 0.875
vt 0.125 0.9375
vt 0.125 1
vt 0 1
vt 0 0.9375
vt 0.125 1
vt 0 1
vt 0 0.9375
vt 0.125 0.9375
vt 0.125 1
vt 0 1
vt 0 0.9375
vt 0.125 0.9375
vt 0.125 0.9375
vt 0.125 1
vt 0 1
vt 0 0.9375
vt 0.125 1
vt 0.125 0.9375
vt 0.25 0.9375
vt 0.25 1
vt 0.125 0.9375
vt 0.25 0.9375
vt 0.25 1
vt 0.125 1
vt 0.09375 0.9375
vt 0.09375 1
vt 0.03125 1
vt 0.03125 0.9375
vt 0.09375 1
vt 0.03125 1
vt 0.03125 0.9375
vt 0.09375 0.9375
vt 0.125 1
vt 0 1
vt 0 0.9375
vt 0.125 0.9375
vt 0.125 0.9375
vt 0.125 1
vt 0 1
vt 0 0.9375
vt 0.125 0.875
vt 0.25 0.875
vt 0.25 1
vt 0.125 1
vt 0.25 0.875
vt 0.25 1
vt 0.125 1
vt 0.125 0.875
vt 0.125 0.9375
vt 0.125 1
vt 0 1
vt 0 0.9375
vt 0.125 1
vt 0 1
vt 0 0.9375
vt 0.125 0.9375
vt 0.375 1
vt 0.25 1
vt 0.25 0.9375
vt 0.375 0.9375
vt 0.375 0.9375
vt 0.375 1
vt 0.25 1
vt 0.25 0.9375
vt 0.125 1
vt 0.125 0.9375
vt 0.25 0.9375
vt 0.25 1
vt 0.125 0.9375
vt 0.25 0.9375
vt 0.25 1
vt 0.125 1
vt 0.15625 0.9375
vt 0.21875 0.9375
vt 0.21875 1
vt 0.15625 1
vt 0.21875 1
vt 0.15625 1
vt 0.15625 0.9375
vt 0.21875 0.9375
vt 0.0625 1
vt 0 1
vt 0 0.875
vt 0.0625 0.875
vt 0.0625 0.875
vt 0.0625 1
vt 0 1
vt 0 0.875
vt 0.203125 0.9375
vt 0.265625 0.9375
vt 0.265625 1
vt 0.203125 1
vt 0.0625 0.90625
vt 0.0625 0.96875
vt 0 0.96875
vt 0 0.90625
vt 0.0625 0.875
vt 0.0625 1
vt 0 1
vt 0 0.875
vt 0.6875 0.875
vt 0.625 0.875
vt 0.625 0.75
vt 0.6875 0.75
vt 0.09375 1
vt 0.03125 1
vt 0.03125 0.875
vt 0.09375 0.875
vt 0.09375 0.875
vt 0.09375 1
vt 0.03125 1
vt 0.03125 0.875
vt 0.125 0.9375
vt 0.1875 0.9375
vt 0.1875 1
vt 0.125 1
vt 0.09375 0.90625
vt 0.09375 0.96875
vt 0.03125 0.96875
vt 0.03125 0.90625
vt 0.09375 0.875
vt 0.09375 1
vt 0.03125 1
vt 0.03125 0.875
vt 0.5 0.875
vt 0.4375 0.875
vt 0.4375 0.75
vt 0.5 0.75
vt 0.34375 1
vt 0.28125 1
vt 0.28125 0.96875
vt 0.34375 0.96875
vt 0.34375 0.96875
vt 0.34375 1
vt 0.28125 1
vt 0.28125 0.96875
vt 0.25 0.9375
vt 0.375 0.9375
vt 0.375 1
vt 0.25 1
vt 0.375 0.9375
vt 0.375 1
vt 0.25 1
vt 0.25 0.9375
vt 0.375 0.96875
vt 0.375 1
vt 0.25 1
vt 0.25 0.96875
vt 0.375 1
vt 0.25 1
vt 0.25 0.96875
vt 0.375 0.96875
vt 0.34375 1
vt 0.28125 1
vt 0.28125 0.96875
vt 0.34375 0.96875
vt 0.34375 0.96875
vt 0.34375 1
vt 0.28125 1
vt 0.28125 0.96875
vt 0.25 0.9375
vt 0.375 0.9375
vt 0.375 1
vt 0.25 1
vt 0.375 0.9375
vt 0.375 1
vt 0.25 1
vt 0.25 0.9375
vt 0.375 0.96875
vt 0.375 1
vt 0.25 1
vt 0.25 0.96875
vt 0.375 1
vt 0.25 1
vt 0.25 0.96875
vt 0.375 0.96875
vt 0.34375 1
vt 0.28125 1
vt 0.28125 0.96875
vt 0.34375 0.96875
vt 0.34375 0.96875
vt 0.34375 1
vt 0.28125 1
vt 0.28125 0.96875
vt 0.25 0.9375
vt 0.375 0.9375
vt 0.375 1
vt 0.25 1
vt 0.375 0.9375
vt 0.375 1
vt 0.25 1
vt 0.25 0.9375
vt 0.375 0.96875
vt 0.375 1
vt 0.25 1
vt 0.25 0.96875
vt 0.375 1
vt 0.25 1
vt 0.25 0.96875
vt 0.375 0.96875
vt 0.34375 1
vt 0.28125 1
vt 0.28125 0.96875
vt 0.34375 0.96875
vt 0.34375 0.96875
vt 0.34375 1
vt 0.28125 1
vt 0.28125 0.96875
vt 0.25 0.9375
vt 0.375 0.9375
vt 0.375 1
vt 0.25 1
vt 0.375 0.9375
vt 0.375 1
vt 0.25 1
vt 0.25 0.9375
vt 0.375 0.96875
vt 0.375 1
vt 0.25 1
vt 0.25 0.96875
vt 0.375 1
vt 0.25 1
vt 0.25 0.96875
vt 0.375 0.96875
vt 0.34375 1
vt 0.28125 1
vt 0.28125 0.96875
vt 0.34375 0.96875
vt 0.34375 0.96875
vt 0.34375 1
vt 0.28125 1
vt 0.28125 0.96875
vt 0.25 0.9375
vt 0.375 0.9375
vt 0.375 1
vt 0.25 1
vt 0.375 0.9375
vt 0.375 1
vt 0.25 1
vt 0.25 0.9375
vt 0.375 0.96875
vt 0.375 1
vt 0.25 1
vt 0.25 0.96875
vt 0.375 1
vt 0.25 1
vt 0.25 0.96875
vt 0.375 0.96875
vt 0.34375 1
vt 0.28125 1
vt 0.28125 0.96875
vt 0.34375 0.96875
vt 0.34375 0.96875
vt 0.34375 1
vt 0.28125 1
vt 0.28125 0.96875
vt 0.25 0.9375
vt 0.375 0.9375
vt 0.375 1
vt 0.25 1
vt 0.375 0.9375
vt 0.375 1
vt 0.25 1
vt 0.25 0.9375
vt 0.375 0.96875
vt 0.375 1
vt 0.25 1
vt 0.25 0.96875
vt 0.375 1
vt 0.25 1
vt 0.25 0.96875
vt 0.375 0.96875
vt 0.25 0.9375
vt 0.125 0.9375
vt 0.125 0.875
vt 0.25 0.875
vt 0.25 0.875
vt 0.25 0.9375
vt 0.125 0.9375
vt 0.125 0.875
vt 0 0.625
vt 0.125 0.625
vt 0.125 0.75
vt 0 0.75
vt 0.125 0.625
vt 0.125 0.75
vt 0 0.75
vt 0 0.625
vt 0.25 0.875
vt 0.25 0.9375
vt 0.125 0.9375
vt 0.125 0.875
vt 0.25 0.9375
vt 0.125 0.9375
vt 0.125 0.875
vt 0.25 0.875
vt 0.125 0.9375
vt 0 0.9375
vt 0 0.875
vt 0.125 0.875
vt 0.125 0.875
vt 0.125 0.9375
vt 0 0.9375
vt 0 0.875
vt 0 0.5
vt 0.125 0.5
vt 0.125 0.625
vt 0 0.625
vt 0.125 0.5
vt 0.125 0.625
vt 0 0.625
vt 0 0.5
vt 0.375 0.875
vt 0.375 0.9375
vt 0.25 0.9375
vt 0.25 0.875
vt 0.375 0.9375
vt 0.25 0.9375
vt 0.25 0.875
vt 0.375 0.875
vt 0.25 0.9375
vt 0.125 0.9375
vt 0.125 0.875
vt 0.25 0.875
vt 0.25 0.875
vt 0.25 0.9375
vt 0.125 0.9375
vt 0.125 0.875
vt 0 0.625
vt 0.125 0.625
vt 0.125 0.75
vt 0 0.75
vt 0.125 0.625
vt 0.125 0.75
vt 0 0.75
vt 0 0.625
vt 0.25 0.875
vt 0.25 0.9375
vt 0.125 0.9375
vt 0.125 0.875
vt 0.25 0.9375
vt 0.125 0.9375
vt 0.125 0.875
vt 0.25 0.875
vt 0.25 0.9375
vt 0.125 0.9375
vt 0.125 0.875
vt 0.25 0.875
vt 1 0.2890625
vt 1 0.3515625
vt 0.875 0.3515625
vt 0.875 0.2890625
vt 0 0.625
vt 0.125 0.625
vt 0.125 0.75
vt 0 0.75
vt 0.125 0.625
vt 0.125 0.75
vt 0 0.75
vt 0 0.625
vt 0.25 0.875
vt 0.25 0.9375
vt 0.125 0.9375
vt 0.125 0.875
vt 0.25 0.9375
vt 0.125 0.9375
vt 0.125 0.875
vt 0.25 0.875
vt 0.25 0.9375
vt 0.125 0.9375
vt 0.125 0.875
vt 0.25 0.875
vt 0.25 0.875
vt 0.25 0.9375
vt 0.125 0.9375
vt 0.125 0.875
vt 0.125 0.625
vt 0.25 0.625
vt 0.25 0.75
vt 0.125 0.75
vt 0.25 0.625
vt 0.25 0.75
vt 0.125 0.75
vt 0.125 0.625
vt 0.25 0.875
vt 0.25 0.9375
vt 0.125 0.9375
vt 0.125 0.875
vt 0.25 0.9375
vt 0.125 0.9375
vt 0.125 0.875
vt 0.25 0.875
vt 0.25 0.9375
vt 0.125 0.9375
vt 0.125 0.875
vt 0.25 0.875
vt 0.25 0.875
vt 0.25 0.9375
vt 0.125 0.9375
vt 0.125 0.875
vt 0.125 0.625
vt 0.25 0.625
vt 0.25 0.75
vt 0.125 0.75
vt 0.25 0.625
vt 0.25 0.75
vt 0.125 0.75
vt 0.125 0.625
vt 0.25 0.875
vt 0.25 0.9375
vt 0.125 0.9375
vt 0.125 0.875
vt 0.25 0.9375
vt 0.125 0.9375
vt 0.125 0.875
vt 0.25 0.875
vt 0.25 0.9375
vt 0.125 0.9375
vt 0.125 0.875
vt 0.25 0.875
vt 0.25 0.875
vt 0.25 0.9375
vt 0.125 0.9375
vt 0.125 0.875
vt 0.25 0.625
vt 0.375 0.625
vt 0.375 0.75
vt 0.25 0.75
vt 0.375 0.625
vt 0.375 0.75
vt 0.25 0.75
vt 0.25 0.625
vt 0.25 0.875
vt 0.25 0.9375
vt 0.125 0.9375
vt 0.125 0.875
vt 0.25 0.9375
vt 0.125 0.9375
vt 0.125 0.875
vt 0.25 0.875
vt 1 0.3515625
vt 0.875 0.3515625
vt 0.875 0.2890625
vt 1 0.2890625
vt 0.25 0.875
vt 0.25 0.9375
vt 0.125 0.9375
vt 0.125 0.875
vt 0.25 0.625
vt 0.375 0.625
vt 0.375 0.75
vt 0.25 0.75
vt 0.375 0.625
vt 0.375 0.75
vt 0.25 0.75
vt 0.25 0.625
vt 0.25 0.875
vt 0.25 0.9375
vt 0.125 0.9375
vt 0.125 0.875
vt 0.25 0.9375
vt 0.125 0.9375
vt 0.125 0.875
vt 0.25 0.875
vt 0.25 0.9375
vt 0.125 0.9375
vt 0.125 0.875
vt 0.25 0.875
vt 0.25 0.875
vt 0.25 0.9375
vt 0.125 0.9375
vt 0.125 0.875
vt 0.25 0.625
vt 0.375 0.625
vt 0.375 0.75
vt 0.25 0.75
vt 0.375 0.625
vt 0.375 0.75
vt 0.25 0.75
vt 0.25 0.625
vt 0.25 0.875
vt 0.25 0.9375
vt 0.125 0.9375
vt 0.125 0.875
vt 0.25 0.9375
vt 0.125 0.9375
vt 0.125 0.875
vt 0.25 0.875
vt 0.25 0.9375
vt 0.125 0.9375
vt 0.125 0.875
vt 0.25 0.875
vt 0.25 0.875
vt 0.25 0.9375
vt 0.125 0.9375
vt 0.125 0.875
vt 0.125 0.625
vt 0.25 0.625
vt 0.25 0.75
vt 0.125 0.75
vt 0.25 0.625
vt 0.25 0.75
vt 0.125 0.75
vt 0.125 0.625
vt 0.25 0.875
vt 0.25 0.9375
vt 0.125 0.9375
vt 0.125 0.875
vt 0.25 0.9375
vt 0.125 0.9375
vt 0.125 0.875
vt 0.25 0.875
vt 0.25 0.9375
vt 0.125 0.9375
vt 0.125 0.875
vt 0.25 0.875
vt 0.25 0.875
vt 0.25 0.9375
vt 0.125 0.9375
vt 0.125 0.875
vt 0 0.625
vt 0.125 0.625
vt 0.125 0.75
vt 0 0.75
vt 0.125 0.625
vt 0.125 0.75
vt 0 0.75
vt 0 0.625
vt 0.25 0.875
vt 0.25 0.9375
vt 0.125 0.9375
vt 0.125 0.875
vt 0.25 0.9375
vt 0.125 0.9375
vt 0.125 0.875
vt 0.25 0.875
vt 0.25 0.9375
vt 0.125 0.9375
vt 0.125 0.875
vt 0.25 0.875
vt 0.25 0.875
vt 0.25 0.9375
vt 0.125 0.9375
vt 0.125 0.875
vt 0.25 0.625
vt 0.375 0.625
vt 0.375 0.75
vt 0.25 0.75
vt 0.375 0.625
vt 0.375 0.75
vt 0.25 0.75
vt 0.25 0.625
vt 0.25 0.875
vt 0.25 0.9375
vt 0.125 0.9375
vt 0.125 0.875
vt 0.25 0.9375
vt 0.125 0.9375
vt 0.125 0.875
vt 0.25 0.875
vt 0.25 0.9375
vt 0.125 0.9375
vt 0.125 0.875
vt 0.25 0.875
vt 0.25 0.875
vt 0.25 0.9375
vt 0.125 0.9375
vt 0.125 0.875
vt 0.125 0.625
vt 0.25 0.625
vt 0.25 0.75
vt 0.125 0.75
vt 0.25 0.625
vt 0.25 0.75
vt 0.125 0.75
vt 0.125 0.625
vt 0.25 0.875
vt 0.25 0.9375
vt 0.125 0.9375
vt 0.125 0.875
vt 0.25 0.9375
vt 0.125 0.9375
vt 0.125 0.875
vt 0.25 0.875
vt 0.25 0.9375
vt 0.125 0.9375
vt 0.125 0.875
vt 0.25 0.875
vt 0.25 0.875
vt 0.25 0.9375
vt 0.125 0.9375
vt 0.125 0.875
vt 0 0.625
vt 0.125 0.625
vt 0.125 0.75
vt 0 0.75
vt 0.125 0.625
vt 0.125 0.75
vt 0 0.75
vt 0 0.625
vt 0.25 0.875
vt 0.25 0.9375
vt 0.125 0.9375
vt 0.125 0.875
vt 0.25 0.9375
vt 0.125 0.9375
vt 0.125 0.875
vt 0.25 0.875
vt 0.125 0.9375
vt 0 0.9375
vt 0 0.875
vt 0.125 0.875
vt 0.25 0.875
vt 0.25 0.9375
vt 0.125 0.9375
vt 0.125 0.875
vt 0.25 0.75
vt 0.375 0.75
vt 0.375 0.875
vt 0.25 0.875
vt 0.375 0.75
vt 0.375 0.875
vt 0.25 0.875
vt 0.25 0.75
vt 0.375 0.875
vt 0.375 0.9375
vt 0.25 0.9375
vt 0.25 0.875
vt 0.25 0.9375
vt 0.125 0.9375
vt 0.125 0.875
vt 0.25 0.875
vt 0.25 0.9375
vt 0.125 0.9375
vt 0.125 0.875
vt 0.25 0.875
vt 0.25 0.875
vt 0.25 0.9375
vt 0.125 0.9375
vt 0.125 0.875
vt 0.125 0.75
vt 0.25 0.75
vt 0.25 0.875
vt 0.125 0.875
vt 0.25 0.75
vt 0.25 0.875
vt 0.125 0.875
vt 0.125 0.75
vt 0.25 0.875
vt 0.25 0.9375
vt 0.125 0.9375
vt 0.125 0.875
vt 0.25 0.9375
vt 0.125 0.9375
vt 0.125 0.875
vt 0.25 0.875
vt 0.125 0.9375
vt 0 0.9375
vt 0 0.875
vt 0.125 0.875
vt 0.375 0.875
vt 0.375 0.9375
vt 0.25 0.9375
vt 0.25 0.875
vt 0 0.75
vt 0.125 0.75
vt 0.125 0.875
vt 0 0.875
vt 0.125 0.75
vt 0.125 0.875
vt 0 0.875
vt 0 0.75
vt 0.125 0.875
vt 0.125 0.9375
vt 0 0.9375
vt 0 0.875
vt 0.375 0.9375
vt 0.25 0.9375
vt 0.25 0.875
vt 0.375 0.875
vt 0.375 0.9375
vt 0.25 0.9375
vt 0.25 0.875
vt 0.375 0.875
vt 0.125 0.875
vt 0.125 0.9375
vt 0 0.9375
vt 0 0.875
vt 0.25 0.5
vt 0.375 0.5
vt 0.375 0.625
vt 0.25 0.625
vt 0.375 0.5
vt 0.375 0.625
vt 0.25 0.625
vt 0.25 0.5
vt 0.125 0.875
vt 0.125 0.9375
vt 0 0.9375
vt 0 0.875
vt 0.125 0.9375
vt 0 0.9375
vt 0 0.875
vt 0.125 0.875
vt 0.25 0.9375
vt 0.125 0.9375
vt 0.125 0.875
vt 0.25 0.875
vt 0.25 0.875
vt 0.25 0.9375
vt 0.125 0.9375
vt 0.125 0.875
vt 0.125 0.5
vt 0.25 0.5
vt 0.25 0.625
vt 0.125 0.625
vt 0.25 0.5
vt 0.25 0.625
vt 0.125 0.625
vt 0.125 0.5
vt 0.25 0.875
vt 0.25 0.9375
vt 0.125 0.9375
vt 0.125 0.875
vt 0.25 0.9375
vt 0.125 0.9375
vt 0.125 0.875
vt 0.25 0.875
vt 0.421875 0.390625
vt 0.375 0.390625
vt 0.375 0.359375
vt 0.421875 0.359375
vt 0.421875 0.359375
vt 0.421875 0.390625
vt 0.375 0.390625
vt 0.375 0.359375
vt 0.375 0.390625
vt 0.609375 0.390625
vt 0.609375 0.4375
vt 0.375 0.4375
vt 0.609375 0.390625
vt 0.609375 0.4375
vt 0.375 0.4375
vt 0.375 0.390625
vt 0.609375 0.359375
vt 0.609375 0.390625
vt 0.375 0.390625
vt 0.375 0.359375
vt 0.609375 0.390625
vt 0.375 0.390625
vt 0.375 0.359375
vt 0.609375 0.359375
vt 0.75 0.9140625
vt 0.75 0.8984375
vt 0.875 0.8984375
vt 0.875 0.9140625
vt 0.875 0.9140625
vt 0.75 0.9140625
vt 0.75 0.8984375
vt 0.875 0.8984375
vt 0.8203125 0.8984375
vt 0.8203125 0.9140625
vt 0.8046875 0.9140625
vt 0.8046875 0.8984375
vt 0.8203125 0.9140625
vt 0.8046875 0.9140625
vt 0.8046875 0.8984375
vt 0.8203125 0.8984375
vt 0.875 0.8984375
vt 0.75 0.8984375
vt 0.75 0.9140625
vt 0.875 0.9140625
vt 0.75 0.8984375
vt 0.75 0.9140625
vt 0.875 0.9140625
vt 0.875 0.8984375
vt 0.75 0.9140625
vt 0.75 0.8984375
vt 0.875 0.8984375
vt 0.875 0.9140625
vt 0.875 0.9140625
vt 0.75 0.9140625
vt 0.75 0.8984375
vt 0.875 0.8984375
vt 0.8203125 0.8984375
vt 0.8203125 0.9140625
vt 0.8046875 0.9140625
vt 0.8046875 0.8984375
vt 0.8203125 0.9140625
vt 0.8046875 0.9140625
vt 0.8046875 0.8984375
vt 0.8203125 0.8984375
vt 0.875 0.8984375
vt 0.75 0.8984375
vt 0.75 0.9140625
vt 0.875 0.9140625
vt 0.75 0.8984375
vt 0.75 0.9140625
vt 0.875 0.9140625
vt 0.875 0.8984375
vt 0.75 0.9140625
vt 0.75 0.8984375
vt 0.875 0.8984375
vt 0.875 0.9140625
vt 0.875 0.9140625
vt 0.75 0.9140625
vt 0.75 0.8984375
vt 0.875 0.8984375
vt 0.8203125 0.8984375
vt 0.8203125 0.9140625
vt 0.8046875 0.9140625
vt 0.8046875 0.8984375
vt 0.8203125 0.9140625
vt 0.8046875 0.9140625
vt 0.8046875 0.8984375
vt 0.8203125 0.8984375
vt 0.875 0.8984375
vt 0.75 0.8984375
vt 0.75 0.9140625
vt 0.875 0.9140625
vt 0.75 0.8984375
vt 0.75 0.9140625
vt 0.875 0.9140625
vt 0.875 0.8984375
vt 0.75 0.9140625
vt 0.75 0.8984375
vt 0.875 0.8984375
vt 0.875 0.9140625
vt 0.875 0.9140625
vt 0.75 0.9140625
vt 0.75 0.8984375
vt 0.875 0.8984375
vt 0.8203125 0.8984375
vt 0.8203125 0.9140625
vt 0.8046875 0.9140625
vt 0.8046875 0.8984375
vt 0.8203125 0.9140625
vt 0.8046875 0.9140625
vt 0.8046875 0.8984375
vt 0.8203125 0.8984375
vt 0.875 0.8984375
vt 0.75 0.8984375
vt 0.75 0.9140625
vt 0.875 0.9140625
vt 0.75 0.8984375
vt 0.75 0.9140625
vt 0.875 0.9140625
vt 0.875 0.8984375
vt 0.421875 0.390625
vt 0.375 0.390625
vt 0.375 0.359375
vt 0.421875 0.359375
vt 0.421875 0.359375
vt 0.421875 0.390625
vt 0.375 0.390625
vt 0.375 0.359375
vt 0.375 0.390625
vt 0.609375 0.390625
vt 0.609375 0.4375
vt 0.375 0.4375
vt 0.609375 0.390625
vt 0.609375 0.4375
vt 0.375 0.4375
vt 0.375 0.390625
vt 0.609375 0.359375
vt 0.609375 0.390625
vt 0.375 0.390625
vt 0.375 0.359375
vt 0.609375 0.390625
vt 0.375 0.390625
vt 0.375 0.359375
vt 0.609375 0.359375
vt 0.75 0.9140625
vt 0.75 0.8984375
vt 0.875 0.8984375
vt 0.875 0.9140625
vt 0.875 0.9140625
vt 0.75 0.9140625
vt 0.75 0.8984375
vt 0.875 0.8984375
vt 0.8203125 0.8984375
vt 0.8203125 0.9140625
vt 0.8046875 0.9140625
vt 0.8046875 0.8984375
vt 0.8203125 0.9140625
vt 0.8046875 0.9140625
vt 0.8046875 0.8984375
vt 0.8203125 0.8984375
vt 0.875 0.8984375
vt 0.75 0.8984375
vt 0.75 0.9140625
vt 0.875 0.9140625
vt 0.75 0.8984375
vt 0.75 0.9140625
vt 0.875 0.9140625
vt 0.875 0.8984375
vt 0.75 0.9140625
vt 0.75 0.8984375
vt 0.875 0.8984375
vt 0.875 0.9140625
vt 0.875 0.9140625
vt 0.75 0.9140625
vt 0.75 0.8984375
vt 0.875 0.8984375
vt 0.8203125 0.8984375
vt 0.8203125 0.9140625
vt 0.8046875 0.9140625
vt 0.8046875 0.8984375
vt 0.8203125 0.9140625
vt 0.8046875 0.9140625
vt 0.8046875 0.8984375
vt 0.8203125 0.8984375
vt 0.875 0.8984375
vt 0.75 0.8984375
vt 0.75 0.9140625
vt 0.875 0.9140625
vt 0.75 0.8984375
vt 0.75 0.9140625
vt 0.875 0.9140625
vt 0.875 0.8984375
vt 0.75 0.9140625
vt 0.75 0.8984375
vt 0.875 0.8984375
vt 0.875 0.9140625
vt 0.875 0.9140625
vt 0.75 0.9140625
vt 0.75 0.8984375
vt 0.875 0.8984375
vt 0.8203125 0.8984375
vt 0.8203125 0.9140625
vt 0.8046875 0.9140625
vt 0.8046875 0.8984375
vt 0.8203125 0.9140625
vt 0.8046875 0.9140625
vt 0.8046875 0.8984375
vt 0.8203125 0.8984375
vt 0.875 0.8984375
vt 0.75 0.8984375
vt 0.75 0.9140625
vt 0.875 0.9140625
vt 0.75 0.8984375
vt 0.75 0.9140625
vt 0.875 0.9140625
vt 0.875 0.8984375
vt 0.75 0.9140625
vt 0.75 0.8984375
vt 0.875 0.8984375
vt 0.875 0.9140625
vt 0.875 0.9140625
vt 0.75 0.9140625
vt 0.75 0.8984375
vt 0.875 0.8984375
vt 0.8203125 0.8984375
vt 0.8203125 0.9140625
vt 0.8046875 0.9140625
vt 0.8046875 0.8984375
vt 0.8203125 0.9140625
vt 0.8046875 0.9140625
vt 0.8046875 0.8984375
vt 0.8203125 0.8984375
vt 0.875 0.8984375
vt 0.75 0.8984375
vt 0.75 0.9140625
vt 0.875 0.9140625
vt 0.75 0.8984375
vt 0.75 0.9140625
vt 0.875 0.9140625
vt 0.875 0.8984375
vt 0.421875 0.390625
vt 0.375 0.390625
vt 0.375 0.359375
vt 0.421875 0.359375
vt 0.421875 0.359375
vt 0.421875 0.390625
vt 0.375 0.390625
vt 0.375 0.359375
vt 0.375 0.390625
vt 0.609375 0.390625
vt 0.609375 0.4375
vt 0.375 0.4375
vt 0.609375 0.390625
vt 0.609375 0.4375
vt 0.375 0.4375
vt 0.375 0.390625
vt 0.609375 0.359375
vt 0.609375 0.390625
vt 0.375 0.390625
vt 0.375 0.359375
vt 0.609375 0.390625
vt 0.375 0.390625
vt 0.375 0.359375
vt 0.609375 0.359375
vt 0.75 0.9140625
vt 0.75 0.8984375
vt 0.875 0.8984375
vt 0.875 0.9140625
vt 0.875 0.9140625
vt 0.75 0.9140625
vt 0.75 0.8984375
vt 0.875 0.8984375
vt 0.8203125 0.8984375
vt 0.8203125 0.9140625
vt 0.8046875 0.9140625
vt 0.8046875 0.8984375
vt 0.8203125 0.9140625
vt 0.8046875 0.9140625
vt 0.8046875 0.8984375
vt 0.8203125 0.8984375
vt 0.875 0.8984375
vt 0.75 0.8984375
vt 0.75 0.9140625
vt 0.875 0.9140625
vt 0.75 0.8984375
vt 0.75 0.9140625
vt 0.875 0.9140625
vt 0.875 0.8984375
vt 0.75 0.9140625
vt 0.75 0.8984375
vt 0.875 0.8984375
vt 0.875 0.9140625
vt 0.875 0.9140625
vt 0.75 0.9140625
vt 0.75 0.8984375
vt 0.875 0.8984375
vt 0.8203125 0.8984375
vt 0.8203125 0.9140625
vt 0.8046875 0.9140625
vt 0.8046875 0.8984375
vt 0.8203125 0.9140625
vt 0.8046875 0.9140625
vt 0.8046875 0.8984375
vt 0.8203125 0.8984375
vt 0.875 0.8984375
vt 0.75 0.8984375
vt 0.75 0.9140625
vt 0.875 0.9140625
vt 0.75 0.8984375
vt 0.75 0.9140625
vt 0.875 0.9140625
vt 0.875 0.8984375
vt 0.75 0.9140625
vt 0.75 0.8984375
vt 0.875 0.8984375
vt 0.875 0.9140625
vt 0.875 0.9140625
vt 0.75 0.9140625
vt 0.75 0.8984375
vt 0.875 0.8984375
vt 0.8203125 0.8984375
vt 0.8203125 0.9140625
vt 0.8046875 0.9140625
vt 0.8046875 0.8984375
vt 0.8203125 0.9140625
vt 0.8046875 0.9140625
vt 0.8046875 0.8984375
vt 0.8203125 0.8984375
vt 0.875 0.8984375
vt 0.75 0.8984375
vt 0.75 0.9140625
vt 0.875 0.9140625
vt 0.75 0.8984375
vt 0.75 0.9140625
vt 0.875 0.9140625
vt 0.875 0.8984375
vt 0.75 0.9140625
vt 0.75 0.8984375
vt 0.875 0.8984375
vt 0.875 0.9140625
vt 0.875 0.9140625
vt 0.75 0.9140625
vt 0.75 0.8984375
vt 0.875 0.8984375
vt 0.8203125 0.8984375
vt 0.8203125 0.9140625
vt 0.8046875 0.9140625
vt 0.8046875 0.8984375
vt 0.8203125 0.9140625
vt 0.8046875 0.9140625
vt 0.8046875 0.8984375
vt 0.8203125 0.8984375
vt 0.875 0.8984375
vt 0.75 0.8984375
vt 0.75 0.9140625
vt 0.875 0.9140625
vt 0.75 0.8984375
vt 0.75 0.9140625
vt 0.875 0.9140625
vt 0.875 0.8984375
vt 0.875 0.625
vt 0.875 0.5
vt 0.9375 0.5
vt 0.9375 0.625
vt 0.9375 0.625
vt 0.875 0.625
vt 0.875 0.5
vt 0.9375 0.5
vt 0.953125 0.625
vt 0.9375 0.625
vt 0.9375 0.5
vt 0.953125 0.5
vt 0.9375 0.625
vt 0.9375 0.5
vt 0.953125 0.5
vt 0.953125 0.625
vt 0.9375 0.5703125
vt 0.875 0.5703125
vt 0.875 0.5546875
vt 0.9375 0.5546875
vt 0.875 0.5703125
vt 0.875 0.5546875
vt 0.9375 0.5546875
vt 0.9375 0.5703125
vt 0.875 0.625
vt 0.875 0.5
vt 0.9375 0.5
vt 0.9375 0.625
vt 0.9375 0.625
vt 0.875 0.625
vt 0.875 0.5
vt 0.9375 0.5
vt 0.953125 0.625
vt 0.9375 0.625
vt 0.9375 0.5
vt 0.953125 0.5
vt 0.9375 0.625
vt 0.9375 0.5
vt 0.953125 0.5
vt 0.953125 0.625
vt 0.9375 0.5703125
vt 0.875 0.5703125
vt 0.875 0.5546875
vt 0.9375 0.5546875
vt 0.875 0.5703125
vt 0.875 0.5546875
vt 0.9375 0.5546875
vt 0.9375 0.5703125
vt 0.875 0.625
vt 0.875 0.5
vt 0.9375 0.5
vt 0.9375 0.625
vt 0.9375 0.625
vt 0.875 0.625
vt 0.875 0.5
vt 0.9375 0.5
vt 0.953125 0.625
vt 0.9375 0.625
vt 0.9375 0.5
vt 0.953125 0.5
vt 0.9375 0.625
vt 0.9375 0.5
vt 0.953125 0.5
vt 0.953125 0.625
vt 0.9375 0.5703125
vt 0.875 0.5703125
vt 0.875 0.5546875
vt 0.9375 0.5546875
vt 0.875 0.5703125
vt 0.875 0.5546875
vt 0.9375 0.5546875
vt 0.9375 0.5703125
vt 0.875 0.625
vt 0.875 0.5
vt 0.9375 0.5
vt 0.9375 0.625
vt 0.9375 0.625
vt 0.875 0.625
vt 0.875 0.5
vt 0.9375 0.5
vt 0.953125 0.625
vt 0.9375 0.625
vt 0.9375 0.5
vt 0.953125 0.5
vt 0.9375 0.625
vt 0.9375 0.5
vt 0.953125 0.5
vt 0.953125 0.625
vt 0.9375 0.5703125
vt 0.875 0.5703125
vt 0.875 0.5546875
vt 0.9375 0.5546875
vt 0.875 0.5703125
vt 0.875 0.5546875
vt 0.9375 0.5546875
vt 0.9375 0.5703125
vt 0.875 0.625
vt 0.875 0.5
vt 0.9375 0.5
vt 0.9375 0.625
vt 0.9375 0.625
vt 0.875 0.625
vt 0.875 0.5
vt 0.9375 0.5
vt 0.953125 0.625
vt 0.9375 0.625
vt 0.9375 0.5
vt 0.953125 0.5
vt 0.9375 0.625
vt 0.9375 0.5
vt 0.953125 0.5
vt 0.953125 0.625
vt 0.9375 0.5703125
vt 0.875 0.5703125
vt 0.875 0.5546875
vt 0.9375 0.5546875
vt 0.875 0.5703125
vt 0.875 0.5546875
vt 0.9375 0.5546875
vt 0.9375 0.5703125
vt 0.875 0.625
vt 0.875 0.5
vt 0.9375 0.5
vt 0.9375 0.625
vt 0.9375 0.625
vt 0.875 0.625
vt 0.875 0.5
vt 0.9375 0.5
vt 0.953125 0.625
vt 0.9375 0.625
vt 0.9375 0.5
vt 0.953125 0.5
vt 0.9375 0.625
vt 0.9375 0.5
vt 0.953125 0.5
vt 0.953125 0.625
vt 0.9375 0.5703125
vt 0.875 0.5703125
vt 0.875 0.5546875
vt 0.9375 0.5546875
vt 0.875 0.5703125
vt 0.875 0.5546875
vt 0.9375 0.5546875
vt 0.9375 0.5703125
vt 0.875 0.625
vt 0.875 0.5
vt 0.9375 0.5
vt 0.9375 0.625
vt 0.9375 0.625
vt 0.875 0.625
vt 0.875 0.5
vt 0.9375 0.5
vt 0.953125 0.625
vt 0.9375 0.625
vt 0.9375 0.5
vt 0.953125 0.5
vt 0.9375 0.625
vt 0.9375 0.5
vt 0.953125 0.5
vt 0.953125 0.625
vt 0.9375 0.5703125
vt 0.875 0.5703125
vt 0.875 0.5546875
vt 0.9375 0.5546875
vt 0.875 0.5703125
vt 0.875 0.5546875
vt 0.9375 0.5546875
vt 0.9375 0.5703125
vt 0.875 0.625
vt 0.875 0.5
vt 0.9375 0.5
vt 0.9375 0.625
vt 0.9375 0.625
vt 0.875 0.625
vt 0.875 0.5
vt 0.9375 0.5
vt 0.953125 0.625
vt 0.9375 0.625
vt 0.9375 0.5
vt 0.953125 0.5
vt 0.9375 0.625
vt 0.9375 0.5
vt 0.953125 0.5
vt 0.953125 0.625
vt 0.9375 0.5703125
vt 0.875 0.5703125
vt 0.875 0.5546875
vt 0.9375 0.5546875
vt 0.875 0.5703125
vt 0.875 0.5546875
vt 0.9375 0.5546875
vt 0.9375 0.5703125
vt 0.875 0.625
vt 0.875 0.5
vt 0.9375 0.5
vt 0.9375 0.625
vt 0.9375 0.625
vt 0.875 0.625
vt 0.875 0.5
vt 0.9375 0.5
vt 0.953125 0.625
vt 0.9375 0.625
vt 0.9375 0.5
vt 0.953125 0.5
vt 0.9375 0.625
vt 0.9375 0.5
vt 0.953125 0.5
vt 0.953125 0.625
vt 0.9375 0.5703125
vt 0.875 0.5703125
vt 0.875 0.5546875
vt 0.9375 0.5546875
vt 0.875 0.5703125
vt 0.875 0.5546875
vt 0.9375 0.5546875
vt 0.9375 0.5703125
vt 0.875 0.625
vt 0.875 0.5
vt 0.9375 0.5
vt 0.9375 0.625
vt 0.9375 0.625
vt 0.875 0.625
vt 0.875 0.5
vt 0.9375 0.5
vt 0.953125 0.625
vt 0.9375 0.625
vt 0.9375 0.5
vt 0.953125 0.5
vt 0.9375 0.625
vt 0.9375 0.5
vt 0.953125 0.5
vt 0.953125 0.625
vt 0.9375 0.5703125
vt 0.875 0.5703125
vt 0.875 0.5546875
vt 0.9375 0.5546875
vt 0.875 0.5703125
vt 0.875 0.5546875
vt 0.9375 0.5546875
vt 0.9375 0.5703125
vt 0.875 0.625
vt 0.875 0.5
vt 0.9375 0.5
vt 0.9375 0.625
vt 0.9375 0.625
vt 0.875 0.625
vt 0.875 0.5
vt 0.9375 0.5
vt 0.953125 0.625
vt 0.9375 0.625
vt 0.9375 0.5
vt 0.953125 0.5
vt 0.9375 0.625
vt 0.9375 0.5
vt 0.953125 0.5
vt 0.953125 0.625
vt 0.9375 0.5703125
vt 0.875 0.5703125
vt 0.875 0.5546875
vt 0.9375 0.5546875
vt 0.875 0.5703125
vt 0.875 0.5546875
vt 0.9375 0.5546875
vt 0.9375 0.5703125
vt 0.875 0.625
vt 0.875 0.5
vt 0.9375 0.5
vt 0.9375 0.625
vt 0.9375 0.625
vt 0.875 0.625
vt 0.875 0.5
vt 0.9375 0.5
vt 0.953125 0.625
vt 0.9375 0.625
vt 0.9375 0.5
vt 0.953125 0.5
vt 0.9375 0.625
vt 0.9375 0.5
vt 0.953125 0.5
vt 0.953125 0.625
vt 0.9375 0.5703125
vt 0.875 0.5703125
vt 0.875 0.5546875
vt 0.9375 0.5546875
vt 0.875 0.5703125
vt 0.875 0.5546875
vt 0.9375 0.5546875
vt 0.9375 0.5703125
vt 0.703125 0.625
vt 0.671875 0.625
vt 0.671875 0.59375
vt 0.703125 0.59375
vt 0.703125 0.59375
vt 0.703125 0.625
vt 0.671875 0.625
vt 0.671875 0.59375
vt 0.625 0.59375
vt 0.875 0.59375
vt 0.875 0.625
vt 0.625 0.625
vt 0.875 0.5625
vt 0.875 0.59375
vt 0.625 0.59375
vt 0.625 0.5625
vt 0.875 0.59375
vt 0.875 0.625
vt 0.625 0.625
vt 0.625 0.59375
vt 0.875 0.59375
vt 0.625 0.59375
vt 0.625 0.5625
vt 0.875 0.5625
vt 0.703125 0.625
vt 0.671875 0.625
vt 0.671875 0.59375
vt 0.703125 0.59375
vt 0.703125 0.59375
vt 0.703125 0.625
vt 0.671875 0.625
vt 0.671875 0.59375
vt 0.625 0.59375
vt 0.875 0.59375
vt 0.875 0.625
vt 0.625 0.625
vt 0.875 0.5625
vt 0.875 0.59375
vt 0.625 0.59375
vt 0.625 0.5625
vt 0.875 0.59375
vt 0.875 0.625
vt 0.625 0.625
vt 0.625 0.59375
vt 0.875 0.59375
vt 0.625 0.59375
vt 0.625 0.5625
vt 0.875 0.5625
vt 0.703125 0.625
vt 0.671875 0.625
vt 0.671875 0.59375
vt 0.703125 0.59375
vt 0.703125 0.59375
vt 0.703125 0.625
vt 0.671875 0.625
vt 0.671875 0.59375
vt 0.625 0.59375
vt 0.875 0.59375
vt 0.875 0.625
vt 0.625 0.625
vt 0.875 0.5625
vt 0.875 0.59375
vt 0.625 0.59375
vt 0.625 0.5625
vt 0.875 0.59375
vt 0.875 0.625
vt 0.625 0.625
vt 0.625 0.59375
vt 0.875 0.59375
vt 0.625 0.59375
vt 0.625 0.5625
vt 0.875 0.5625
vt 0.9296875 0.625
vt 0.8828125 0.625
vt 0.8828125 0.5625
vt 0.9296875 0.5625
vt 0.9296875 0.5625
vt 0.9296875 0.625
vt 0.8828125 0.625
vt 0.8828125 0.5625
vt 0.9296875 0.546875
vt 0.9296875 0.5625
vt 0.8828125 0.5625
vt 0.8828125 0.546875
vt 0.9453125 0.515625
vt 0.9453125 0.5625
vt 0.9296875 0.5625
vt 0.9296875 0.515625
vt 0.9453125 0.5625
vt 0.9453125 0.625
vt 0.9296875 0.625
vt 0.9296875 0.5625
vt 0.9453125 0.625
vt 0.9296875 0.625
vt 0.9296875 0.5625
vt 0.9453125 0.5625
vt 0.9296875 0.625
vt 0.8828125 0.625
vt 0.8828125 0.5625
vt 0.9296875 0.5625
vt 0.9296875 0.5625
vt 0.9296875 0.625
vt 0.8828125 0.625
vt 0.8828125 0.5625
vt 0.9296875 0.546875
vt 0.9296875 0.5625
vt 0.8828125 0.5625
vt 0.8828125 0.546875
vt 0.9453125 0.515625
vt 0.9453125 0.5625
vt 0.9296875 0.5625
vt 0.9296875 0.515625
vt 0.9453125 0.5625
vt 0.9453125 0.625
vt 0.9296875 0.625
vt 0.9296875 0.5625
vt 0.9453125 0.625
vt 0.9296875 0.625
vt 0.9296875 0.5625
vt 0.9453125 0.5625
vt 0.9296875 0.625
vt 0.8828125 0.625
vt 0.8828125 0.5625
vt 0.9296875 0.5625
vt 0.9296875 0.5625
vt 0.9296875 0.625
vt 0.8828125 0.625
vt 0.8828125 0.5625
vt 0.9296875 0.546875
vt 0.9296875 0.5625
vt 0.8828125 0.5625
vt 0.8828125 0.546875
vt 0.9453125 0.515625
vt 0.9453125 0.5625
vt 0.9296875 0.5625
vt 0.9296875 0.515625
vt 0.9453125 0.5625
vt 0.9453125 0.625
vt 0.9296875 0.625
vt 0.9296875 0.5625
vt 0.9453125 0.625
vt 0.9296875 0.625
vt 0.9296875 0.5625
vt 0.9453125 0.5625
vt 0.703125 0.625
vt 0.671875 0.625
vt 0.671875 0.59375
vt 0.703125 0.59375
vt 0.703125 0.59375
vt 0.703125 0.625
vt 0.671875 0.625
vt 0.671875 0.59375
vt 0.625 0.59375
vt 0.875 0.59375
vt 0.875 0.625
vt 0.625 0.625
vt 0.875 0.5625
vt 0.875 0.59375
vt 0.625 0.59375
vt 0.625 0.5625
vt 0.875 0.59375
vt 0.875 0.625
vt 0.625 0.625
vt 0.625 0.59375
vt 0.875 0.59375
vt 0.625 0.59375
vt 0.625 0.5625
vt 0.875 0.5625
vt 0.703125 0.625
vt 0.671875 0.625
vt 0.671875 0.59375
vt 0.703125 0.59375
vt 0.703125 0.59375
vt 0.703125 0.625
vt 0.671875 0.625
vt 0.671875 0.59375
vt 0.625 0.59375
vt 0.875 0.59375
vt 0.875 0.625
vt 0.625 0.625
vt 0.875 0.5625
vt 0.875 0.59375
vt 0.625 0.59375
vt 0.625 0.5625
vt 0.875 0.59375
vt 0.875 0.625
vt 0.625 0.625
vt 0.625 0.59375
vt 0.875 0.59375
vt 0.625 0.59375
vt 0.625 0.5625
vt 0.875 0.5625
vt 0.703125 0.625
vt 0.671875 0.625
vt 0.671875 0.59375
vt 0.703125 0.59375
vt 0.703125 0.59375
vt 0.703125 0.625
vt 0.671875 0.625
vt 0.671875 0.59375
vt 0.875 0.625
vt 0.625 0.625
vt 0.625 0.59375
vt 0.875 0.59375
vt 0.875 0.5625
vt 0.875 0.59375
vt 0.625 0.59375
vt 0.625 0.5625
vt 0.875 0.59375
vt 0.875 0.625
vt 0.625 0.625
vt 0.625 0.59375
vt 0.875 0.59375
vt 0.625 0.59375
vt 0.625 0.5625
vt 0.875 0.5625
vt 0.9296875 0.625
vt 0.8828125 0.625
vt 0.8828125 0.5
vt 0.9296875 0.5
vt 0.9296875 0.5
vt 0.9296875 0.625
vt 0.8828125 0.625
vt 0.8828125 0.5
vt 0.890625 0.5390625
vt 0.90625 0.5390625
vt 0.90625 0.5859375
vt 0.890625 0.5859375
vt 0.90625 0.5390625
vt 0.90625 0.5859375
vt 0.890625 0.5859375
vt 0.890625 0.5390625
vt 0.9453125 0.5
vt 0.9453125 0.625
vt 0.9296875 0.625
vt 0.9296875 0.5
vt 0.9453125 0.625
vt 0.9296875 0.625
vt 0.9296875 0.5
vt 0.9453125 0.5
vt 0.9296875 0.625
vt 0.8828125 0.625
vt 0.8828125 0.5
vt 0.9296875 0.5
vt 0.9296875 0.5
vt 0.9296875 0.625
vt 0.8828125 0.625
vt 0.8828125 0.5
vt 0.890625 0.5390625
vt 0.90625 0.5390625
vt 0.90625 0.5859375
vt 0.890625 0.5859375
vt 0.90625 0.5390625
vt 0.90625 0.5859375
vt 0.890625 0.5859375
vt 0.890625 0.5390625
vt 0.9453125 0.5
vt 0.9453125 0.625
vt 0.9296875 0.625
vt 0.9296875 0.5
vt 0.9453125 0.625
vt 0.9296875 0.625
vt 0.9296875 0.5
vt 0.9453125 0.5
vt 0.9296875 0.625
vt 0.8828125 0.625
vt 0.8828125 0.5
vt 0.9296875 0.5
vt 0.9296875 0.5
vt 0.9296875 0.625
vt 0.8828125 0.625
vt 0.8828125 0.5
vt 0.890625 0.5390625
vt 0.90625 0.5390625
vt 0.90625 0.5859375
vt 0.890625 0.5859375
vt 0.90625 0.5390625
vt 0.90625 0.5859375
vt 0.890625 0.5859375
vt 0.890625 0.5390625
vt 0.9453125 0.5
vt 0.9453125 0.625
vt 0.9296875 0.625
vt 0.9296875 0.5
vt 0.9453125 0.625
vt 0.9296875 0.625
vt 0.9296875 0.5
vt 0.9453125 0.5
vt 0.125 1
vt 0 1
vt 0 0.9375
vt 0.125 0.9375
vt 0.125 0.9375
vt 0.125 1
vt 0 1
vt 0 0.9375
vt 0 0.875
vt 0.125 0.875
vt 0.125 1
vt 0 1
vt 0.125 0.875
vt 0.125 1
vt 0 1
vt 0 0.875
vt 0.125 0.9375
vt 0.125 1
vt 0 1
vt 0 0.9375
vt 0.125 1
vt 0 1
vt 0 0.9375
vt 0.125 0.9375
vt 0.703125 0.625
vt 0.671875 0.625
vt 0.671875 0.59375
vt 0.703125 0.59375
vt 0.703125 0.59375
vt 0.703125 0.625
vt 0.671875 0.625
vt 0.671875 0.59375
vt 0.875 0.625
vt 0.625 0.625
vt 0.625 0.59375
vt 0.875 0.59375
vt 0.875 0.5625
vt 0.875 0.59375
vt 0.625 0.59375
vt 0.625 0.5625
vt 0.875 0.59375
vt 0.875 0.625
vt 0.625 0.625
vt 0.625 0.59375
vt 0.875 0.59375
vt 0.625 0.59375
vt 0.625 0.5625
vt 0.875 0.5625
vt 0.9296875 0.625
vt 0.8828125 0.625
vt 0.8828125 0.5625
vt 0.9296875 0.5625
vt 0.9296875 0.5625
vt 0.9296875 0.625
vt 0.8828125 0.625
vt 0.8828125 0.5625
vt 0.9296875 0.546875
vt 0.9296875 0.5625
vt 0.8828125 0.5625
vt 0.8828125 0.546875
vt 0.9453125 0.515625
vt 0.9453125 0.5625
vt 0.9296875 0.5625
vt 0.9296875 0.515625
vt 0.9453125 0.5625
vt 0.9453125 0.625
vt 0.9296875 0.625
vt 0.9296875 0.5625
vt 0.9453125 0.625
vt 0.9296875 0.625
vt 0.9296875 0.5625
vt 0.9453125 0.5625
vt 0.9296875 0.625
vt 0.8828125 0.625
vt 0.8828125 0.5625
vt 0.9296875 0.5625
vt 0.9296875 0.5625
vt 0.9296875 0.625
vt 0.8828125 0.625
vt 0.8828125 0.5625
vt 0.9296875 0.546875
vt 0.9296875 0.5625
vt 0.8828125 0.5625
vt 0.8828125 0.546875
vt 0.9453125 0.515625
vt 0.9453125 0.5625
vt 0.9296875 0.5625
vt 0.9296875 0.515625
vt 0.9453125 0.5625
vt 0.9453125 0.625
vt 0.9296875 0.625
vt 0.9296875 0.5625
vt 0.9453125 0.625
vt 0.9296875 0.625
vt 0.9296875 0.5625
vt 0.9453125 0.5625
vt 0.9296875 0.625
vt 0.8828125 0.625
vt 0.8828125 0.5625
vt 0.9296875 0.5625
vt 0.9296875 0.5625
vt 0.9296875 0.625
vt 0.8828125 0.625
vt 0.8828125 0.5625
vt 0.9296875 0.546875
vt 0.9296875 0.5625
vt 0.8828125 0.5625
vt 0.8828125 0.546875
vt 0.9453125 0.515625
vt 0.9453125 0.5625
vt 0.9296875 0.5625
vt 0.9296875 0.515625
vt 0.9453125 0.5625
vt 0.9453125 0.625
vt 0.9296875 0.625
vt 0.9296875 0.5625
vt 0.9453125 0.625
vt 0.9296875 0.625
vt 0.9296875 0.5625
vt 0.9453125 0.5625
vt 0.9296875 0.625
vt 0.8828125 0.625
vt 0.8828125 0.5625
vt 0.9296875 0.5625
vt 0.9296875 0.5625
vt 0.9296875 0.625
vt 0.8828125 0.625
vt 0.8828125 0.5625
vt 0.9296875 0.546875
vt 0.9296875 0.5625
vt 0.8828125 0.5625
vt 0.8828125 0.546875
vt 0.9453125 0.515625
vt 0.9453125 0.5625
vt 0.9296875 0.5625
vt 0.9296875 0.515625
vt 0.9453125 0.5625
vt 0.9453125 0.625
vt 0.9296875 0.625
vt 0.9296875 0.5625
vt 0.9453125 0.625
vt 0.9296875 0.625
vt 0.9296875 0.5625
vt 0.9453125 0.5625
vt 0.9296875 0.625
vt 0.8828125 0.625
vt 0.8828125 0.5625
vt 0.9296875 0.5625
vt 0.9296875 0.5625
vt 0.9296875 0.625
vt 0.8828125 0.625
vt 0.8828125 0.5625
vt 0.9296875 0.546875
vt 0.9296875 0.5625
vt 0.8828125 0.5625
vt 0.8828125 0.546875
vt 0.9453125 0.515625
vt 0.9453125 0.5625
vt 0.9296875 0.5625
vt 0.9296875 0.515625
vt 0.9453125 0.5625
vt 0.9453125 0.625
vt 0.9296875 0.625
vt 0.9296875 0.5625
vt 0.9453125 0.625
vt 0.9296875 0.625
vt 0.9296875 0.5625
vt 0.9453125 0.5625
vt 0.703125 0.625
vt 0.671875 0.625
vt 0.671875 0.59375
vt 0.703125 0.59375
vt 0.703125 0.59375
vt 0.703125 0.625
vt 0.671875 0.625
vt 0.671875 0.59375
vt 0.625 0.59375
vt 0.875 0.59375
vt 0.875 0.625
vt 0.625 0.625
vt 0.875 0.5625
vt 0.875 0.59375
vt 0.625 0.59375
vt 0.625 0.5625
vt 0.875 0.59375
vt 0.875 0.625
vt 0.625 0.625
vt 0.625 0.59375
vt 0.875 0.59375
vt 0.625 0.59375
vt 0.625 0.5625
vt 0.875 0.5625
vt 0.9296875 0.625
vt 0.8828125 0.625
vt 0.8828125 0.5625
vt 0.9296875 0.5625
vt 0.9296875 0.5625
vt 0.9296875 0.625
vt 0.8828125 0.625
vt 0.8828125 0.5625
vt 0.9296875 0.546875
vt 0.9296875 0.5625
vt 0.8828125 0.5625
vt 0.8828125 0.546875
vt 0.9453125 0.515625
vt 0.9453125 0.5625
vt 0.9296875 0.5625
vt 0.9296875 0.515625
vt 0.9453125 0.5625
vt 0.9453125 0.625
vt 0.9296875 0.625
vt 0.9296875 0.5625
vt 0.9453125 0.625
vt 0.9296875 0.625
vt 0.9296875 0.5625
vt 0.9453125 0.5625
vt 0.9296875 0.625
vt 0.8828125 0.625
vt 0.8828125 0.5625
vt 0.9296875 0.5625
vt 0.9296875 0.5625
vt 0.9296875 0.625
vt 0.8828125 0.625
vt 0.8828125 0.5625
vt 0.9296875 0.546875
vt 0.9296875 0.5625
vt 0.8828125 0.5625
vt 0.8828125 0.546875
vt 0.9453125 0.515625
vt 0.9453125 0.5625
vt 0.9296875 0.5625
vt 0.9296875 0.515625
vt 0.9453125 0.5625
vt 0.9453125 0.625
vt 0.9296875 0.625
vt 0.9296875 0.5625
vt 0.9453125 0.625
vt 0.9296875 0.625
vt 0.9296875 0.5625
vt 0.9453125 0.5625
vt 0.9296875 0.625
vt 0.8828125 0.625
vt 0.8828125 0.5625
vt 0.9296875 0.5625
vt 0.9296875 0.5625
vt 0.9296875 0.625
vt 0.8828125 0.625
vt 0.8828125 0.5625
vt 0.9296875 0.546875
vt 0.9296875 0.5625
vt 0.8828125 0.5625
vt 0.8828125 0.546875
vt 0.9453125 0.515625
vt 0.9453125 0.5625
vt 0.9296875 0.5625
vt 0.9296875 0.515625
vt 0.9453125 0.5625
vt 0.9453125 0.625
vt 0.9296875 0.625
vt 0.9296875 0.5625
vt 0.9453125 0.625
vt 0.9296875 0.625
vt 0.9296875 0.5625
vt 0.9453125 0.5625
vt 0.9296875 0.625
vt 0.8828125 0.625
vt 0.8828125 0.5625
vt 0.9296875 0.5625
vt 0.9296875 0.5625
vt 0.9296875 0.625
vt 0.8828125 0.625
vt 0.8828125 0.5625
vt 0.9296875 0.546875
vt 0.9296875 0.5625
vt 0.8828125 0.5625
vt 0.8828125 0.546875
vt 0.9453125 0.515625
vt 0.9453125 0.5625
vt 0.9296875 0.5625
vt 0.9296875 0.515625
vt 0.9453125 0.5625
vt 0.9453125 0.625
vt 0.9296875 0.625
vt 0.9296875 0.5625
vt 0.9453125 0.625
vt 0.9296875 0.625
vt 0.9296875 0.5625
vt 0.9453125 0.5625
vt 0.9296875 0.625
vt 0.8828125 0.625
vt 0.8828125 0.5625
vt 0.9296875 0.5625
vt 0.9296875 0.5625
vt 0.9296875 0.625
vt 0.8828125 0.625
vt 0.8828125 0.5625
vt 0.9296875 0.546875
vt 0.9296875 0.5625
vt 0.8828125 0.5625
vt 0.8828125 0.546875
vt 0.9453125 0.515625
vt 0.9453125 0.5625
vt 0.9296875 0.5625
vt 0.9296875 0.515625
vt 0.9453125 0.5625
vt 0.9453125 0.625
vt 0.9296875 0.625
vt 0.9296875 0.5625
vt 0.9453125 0.625
vt 0.9296875 0.625
vt 0.9296875 0.5625
vt 0.9453125 0.5625
vt 0.703125 0.625
vt 0.671875 0.625
vt 0.671875 0.59375
vt 0.703125 0.59375
vt 0.703125 0.59375
vt 0.703125 0.625
vt 0.671875 0.625
vt 0.671875 0.59375
vt 0.625 0.59375
vt 0.875 0.59375
vt 0.875 0.625
vt 0.625 0.625
vt 0.875 0.5625
vt 0.875 0.59375
vt 0.625 0.59375
vt 0.625 0.5625
vt 0.875 0.59375
vt 0.875 0.625
vt 0.625 0.625
vt 0.625 0.59375
vt 0.875 0.59375
vt 0.625 0.59375
vt 0.625 0.5625
vt 0.875 0.5625
vn 1 0 0
vn -1 0 0
vn 0 1 0
vn 0 -1 0
vn 0 0 1
vn 0 0 -1
vn 1 0 0
vn -1 0 0
vn 0 1 0
vn 0 -1 0
vn 0 0 1
vn 0 0 -1
vn 1 0 0
vn -1 0 0
vn 0 1 0
vn 0 -1 0
vn 0 0 1
vn 0 0 -1
vn 1 0 0
vn -1 0 0
vn 0 1 0
vn 0 -1 0
vn 0 0 1
vn 0 0 -1
vn 1 0 0
vn -1 0 0
vn 0 1 0
vn 0 -1 0
vn 0 0 1
vn 0 0 -1
vn 1 0 0
vn -1 0 0
vn 0 1 0
vn 0 -1 0
vn 0 0 1
vn 0 0 -1
vn 1 0 0
vn -1 0 0
vn 0 1 0
vn 0 -1 0
vn 0 0 1
vn 0 0 -1
vn 1 0 0
vn -1 0 0
vn 0 1 0
vn 0 -1 0
vn 0 0 1
vn 0 0 -1
vn 1 0 0
vn -1 0 0
vn 0 1 0
vn 0 -1 0
vn 0 0 1
vn 0 0 -1
vn 1 0 0
vn -1 0 0
vn 0 1 0
vn 0 -1 0
vn 0 0 1
vn 0 0 -1
vn -1 0 0
vn 1 0 0
vn 0 1 0
vn 0 -1 0
vn 0 0 1
vn 0 0 -1
vn 1 0 0
vn -1 0 0
vn 0 1 0
vn 0 -1 0
vn 0 0 1
vn 0 0 -1
vn 1 0 0
vn -1 0 0
vn 0 1 0
vn 0 -1 0
vn 0 0 1
vn 0 0 -1
vn -1 0 0
vn 1 0 0
vn 0 1 0
vn 0 -1 0
vn 0 0 1
vn 0 0 -1
vn -1 0 0
vn 1 0 0
vn 0 1 0
vn 0 -1 0
vn 0 0 1
vn 0 0 -1
vn -1 0 0
vn 1 0 0
vn 0 1 0
vn 0 -1 0
vn 0 0 1
vn 0 0 -1
vn 1 0 0
vn -1 0 0
vn 0 1 0
vn 0 -1 0
vn 0 0 1
vn 0 0 -1
vn 1 0 0
vn -1 0 0
vn 0 1 0
vn 0 -1 0
vn 0 0 1
vn 0 0 -1
vn 1 0 0
vn -1 0 0
vn 0 1 0
vn 0 -1 0
vn 0 0 1
vn 0 0 -1
vn 1 0 0
vn -1 0 0
vn 0 1 0
vn 0 -1 0
vn 0 0 1
vn 0 0 -1
vn 1 0 0
vn -1 0 0
vn 0 1 0
vn 0 -1 0
vn 0 0 1
vn 0 0 -1
vn 1 0 0
vn -1 0 0
vn 0 1 0
vn 0 -1 0
vn 0 0 1
vn 0 0 -1
vn 1 0 0
vn -1 0 0
vn 0 1 0
vn 0 -1 0
vn 0 0 1
vn 0 0 -1
vn 1 0 0
vn -1 0 0
vn 0 1 0
vn 0 -1 0
vn 0 0 1
vn 0 0 -1
vn 1 0 0
vn -1 0 0
vn 0 1 0
vn 0 -1 0
vn 0 0 1
vn 0 0 -1
vn 0.7071067811865475 -0.7071067811865477 0
vn -0.7071067811865475 0.7071067811865476 0
vn 0.7071064686863818 0.7071070936865752 0
vn -0.7071070936865752 -0.7071064686863818 0
vn 0 0 1
vn 0 0 -1
vn 0.7071067811865475 -0.7071067811865477 0
vn -0.7071067811865475 0.7071067811865476 0
vn 0.7071064686863818 0.7071070936865752 0
vn -0.7071070936865752 -0.7071064686863818 0
vn 0 0 1
vn 0 0 -1
vn 0.7071067811865475 -0.7071067811865477 0
vn -0.7071067811865475 0.7071067811865476 0
vn 0.7071064686863818 0.7071070936865752 0
vn -0.7071070936865752 -0.7071064686863818 0
vn 0 0 1
vn 0 0 -1
vn 1 0 0
vn -1 0 0
vn 0 1 0
vn 0 -1 0
vn 0 0 1
vn 0 0 -1
vn 1 0 0
vn -1 0 0
vn 0 1 0
vn 0 -1 0
vn 0 0 1
vn 0 0 -1
vn 1 0 0
vn -1 0 0
vn 0 1 0
vn 0 -1 0
vn 0 0 1
vn 0 0 -1
vn 1 0 0
vn -1 0 0
vn 0 1 0
vn 0 -1 0
vn 0 0 1
vn 0 0 -1
vn 1 0 0
vn -1 0 0
vn 0 1 0
vn 0 -1 0
vn 0 0 1
vn 0 0 -1
vn 1 0 0
vn -1 0 0
vn 0 0.7071072811865695 -0.7071062811861721
vn 0 -0.7071072811865695 0.707106281186172
vn 0 0.7071067811865476 0.7071067811865475
vn 0 -0.7071067811865477 -0.7071067811865474
vn 1 0 0
vn -1 0 0
vn 0 0.7071055311845039 -0.7071080311863815
vn 0 -0.7071055311845038 0.7071080311863815
vn 0 0.707106781186547 0.707106781186548
vn 0 -0.707106781186547 -0.707106781186548
vn 1 0 0
vn -1 0 0
vn 0 0.9238791073898784 -0.38268445869734746
vn 0 -0.9238791073898781 0.382684458697348
vn 0 0.38268318255406253 0.9238796359863628
vn 0 -0.3826831825540644 -0.9238796359863619
vn 1 0 0
vn -1 0 0
vn 0 0.7071067811865477 -0.7071067811865474
vn 0 -0.7071067811865477 0.7071067811865474
vn 0 0.707106781186547 0.707106781186548
vn 0 -0.7071067811865471 -0.707106781186548
vn 1 0 0
vn -1 0 0
vn 0 0.3826837515893415 -0.9238794002842077
vn 0 -0.38268375158934276 0.9238794002842071
vn 0 0.9238796359863628 0.3826831825540627
vn 0 -0.9238796359863625 -0.38268318255406325
vn 1 0 0
vn -1 0 0
vn 0 1 0
vn 0 -1 0
vn 0 0 1
vn 0 0 -1
vn 1 0 0
vn -1 0 0
vn 0 1 0
vn 0 -1 0
vn 0 0 1
vn 0 0 -1
vn 1 0 0
vn -1 0 0
vn 0 1 0
vn 0 -1 0
vn 0 0 1
vn 0 0 -1
vn 1 0 0
vn -1 0 0
vn 0 1 0
vn 0 -1 0
vn 0 0 1
vn 0 0 -1
vn 1 0 0
vn -1 0 0
vn 0 1 0
vn 0 -1 0
vn 0 0 1
vn 0 0 -1
vn 1 0 0
vn -1 0 0
vn 0 1 0
vn 0 -1 0
vn 0 0 1
vn 0 0 -1
vn 1 0 0
vn -1 0 0
vn 0 1 0
vn 0 -1 0
vn 0 0 1
vn 0 0 -1
vn 1 0 0
vn -1 0 0
vn 0 1 0
vn 0 -1 0
vn 0 0 1
vn 0 0 -1
vn 1 0 0
vn -1 0 0
vn 0 0.7071067811865475 0.7071067811865477
vn 0 -0.7071061561863544 -0.7071074061861883
vn 0 -0.7071061561863543 0.7071074061861885
vn 0 0.7071067811865477 -0.7071067811865475
vn 1 0 0
vn -1 0 0
vn 0 0.7071067811865474 0.7071067811865477
vn 0 -0.7071067811865477 -0.7071067811865475
vn 0 -0.7071074061861883 0.7071061561863543
vn 0 0.7071061561863543 -0.7071074061861883
vn 1 0 0
vn -1 0 0
vn 0 1 0
vn 0 -1 0
vn 0 0 1
vn 0 0 -1
vn 1 0 0
vn -1 0 0
vn 0 1 0
vn 0 -1 0
vn 0 0 1
vn 0 0 -1
vn 1 0 0
vn -1 0 0
vn 0 1 0
vn 0 -1 0
vn 0 0 1
vn 0 0 -1
vn -1 0 0
vn 1 0 0
vn 0 1 0
vn 0 -1 0
vn 0 0 1
vn 0 0 -1
vn -1 0 0
vn 1 0 0
vn 0 1 0
vn 0 -1 0
vn 0 0 1
vn 0 0 -1
vn -1 0 0
vn 1 0 0
vn 0 1 0
vn 0 -1 0
vn 0 0 1
vn 0 0 -1
vn -1 0 0
vn 1 0 0
vn 0 1 0
vn 0 -1 0
vn 0 0 1
vn 0 0 -1
vn -1 0 0
vn 1 0 0
vn 0 1 0
vn 0 -1 0
vn 0 0 1
vn 0 0 -1
vn -0.7071067811865479 -0.7071067811865472 0
vn 0.7071067811865474 0.7071067811865478 0
vn -0.7071064686863819 0.7071070936865751 0
vn 0.7071070936865751 -0.7071064686863818 0
vn 0 0 1
vn 0 0 -1
vn -0.7071067811865479 -0.7071067811865472 0
vn 0.7071067811865474 0.7071067811865478 0
vn -0.7071064686863819 0.7071070936865751 0
vn 0.7071070936865751 -0.7071064686863818 0
vn 0 0 1
vn 0 0 -1
vn -0.7071067811865479 -0.7071067811865472 0
vn 0.7071067811865474 0.7071067811865478 0
vn -0.7071064686863819 0.7071070936865751 0
vn 0.7071070936865751 -0.7071064686863818 0
vn 0 0 1
vn 0 0 -1
vn 0.7071067811865475 -0.7071067811865477 0
vn -0.7071067811865475 0.7071067811865476 0
vn 0.7071064686863818 0.7071070936865752 0
vn -0.7071070936865752 -0.7071064686863818 0
vn 0 0 1
vn 0 0 -1
vn 1 0 0
vn -1 0 0
vn 0 1 0
vn 0 -1 0
vn 0 0 1
vn 0 0 -1
vn 1 0 0
vn -1 0 0
vn 0 1 0
vn 0 -1 0
vn 0 0 1
vn 0 0 -1
vn -0.7071067811865479 -0.7071067811865472 0
vn 0.7071067811865474 0.7071067811865478 0
vn -0.7071064686863819 0.7071070936865751 0
vn 0.7071070936865751 -0.7071064686863818 0
vn 0 0 1
vn 0 0 -1
vn 1 0 0
vn -1 0 0
vn 0 1 0
vn 0 -1 0
vn 0 0 1
vn 0 0 -1
vn 1 0 0
vn -1 0 0
vn 0 1 0
vn 0 -1 0
vn 0 0 1
vn 0 0 -1
vn 1 0 0
vn -1 0 0
vn 0 1 0
vn 0 -1 0
vn 0 0 1
vn 0 0 -1
vn 1 0 0
vn -1 0 0
vn 0 1 0
vn 0 -1 0
vn 0 0 1
vn 0 0 -1
vn 1 0 0
vn -1 0 0
vn 0 1 0
vn 0 -1 0
vn 0 0 1
vn 0 0 -1
vn 1 0 0
vn -1 0 0
vn 0 1 0
vn 0 -1 0
vn 0 0 1
vn 0 0 -1
vn 1 0 0
vn -1 0 0
vn 0 1 0
vn 0 -1 0
vn 0 0 1
vn 0 0 -1
vn 1 0 0
vn -1 0 0
vn 0 1 0
vn 0 -1 0
vn 0 0 1
vn 0 0 -1
vn 1 0 0
vn -1 0 0
vn 0 1 0
vn 0 -1 0
vn 0 0 1
vn 0 0 -1
vn 1 0 0
vn -1 0 0
vn 0 1 0
vn 0 -1 0
vn 0 0 1
vn 0 0 -1
vn 1 0 0
vn -1 0 0
vn 0 1 0
vn 0 -1 0
vn 0 0 1
vn 0 0 -1
vn 1 0 0
vn -1 0 0
vn 0 1 0
vn 0 -1 0
vn 0 0 1
vn 0 0 -1
vn 1 0 0
vn -1 0 0
vn 0 1 0
vn 0 -1 0
vn 0 0 1
vn 0 0 -1
vn 1 0 0
vn -1 0 0
vn 0 1 0
vn 0 -1 0
vn 0 0 1
vn 0 0 -1
vn 1 0 0
vn -1 0 0
vn 0 1 0
vn 0 -1 0
vn 0 0 1
vn 0 0 -1
vn 1 0 0
vn -1 0 0
vn 0 1 0
vn 0 -1 0
vn 0 0 1
vn 0 0 -1
vn 1 0 0
vn -1 0 0
vn 0 1 0
vn 0 -1 0
vn 0 0 1
vn 0 0 -1
vn 1 0 0
vn -1 0 0
vn 0 1 0
vn 0 -1 0
vn 0 0 1
vn 0 0 -1
vn 1 0 0
vn -1 0 0
vn 0 1 0
vn 0 -1 0
vn 0 0 1
vn 0 0 -1
vn 1 0 0
vn -1 0 0
vn 0 1 0
vn 0 -1 0
vn 0 0 1
vn 0 0 -1
vn 1 0 0
vn -1 0 0
vn 0 1 0
vn 0 -1 0
vn 0 0 1
vn 0 0 -1
vn 1 0 0
vn -1 0 0
vn 0 1 0
vn 0 -1 0
vn 0 0 1
vn 0 0 -1
vn 1 0 0
vn -1 0 0
vn 0 0.9238790467305423 0.382684605141446
vn 0 -0.9238790467305423 -0.382684605141446
vn 0 -0.3826836383191388 0.9238794472022996
vn 0 0.3826836383191388 -0.9238794472022996
vn 1 0 0
vn -1 0 0
vn 0 0.9238790467305423 0.382684605141446
vn 0 -0.9238790467305423 -0.382684605141446
vn 0 -0.3826836383191388 0.9238794472022996
vn 0 0.3826836383191388 -0.9238794472022996
vn -1 0 0
vn 1 0 0
vn 0 1 0
vn 0 -1 0
vn 0 0 1
vn 0 0 -1
vn 1 0 0
vn -1 0 0
vn 0 1 0
vn 0 -1 0
vn 0 0 1
vn 0 0 -1
vn 1 0 0
vn -1 0 0
vn 0 1 0
vn 0 -1 0
vn 0 0 1
vn 0 0 -1
vn 1 0 0
vn -1 0 0
vn 0 1 0
vn 0 -1 0
vn 0 0 1
vn 0 0 -1
vn 1 0 0
vn -1 0 0
vn 0 1 0
vn 0 -1 0
vn 0 0 1
vn 0 0 -1
vn 1 0 0
vn -1 0 0
vn 0 1 0
vn 0 -1 0
vn 0 0 1
vn 0 0 -1
vn 1 0 0
vn -1 0 0
vn 0 1 0
vn 0 -1 0
vn 0 0 1
vn 0 0 -1
vn 1 0 0
vn -1 0 0
vn 0 1 0
vn 0 -1 0
vn 0 0 1
vn 0 0 -1
vn 1 0 0
vn -1 0 0
vn 0 1 0
vn 0 -1 0
vn 0 0 1
vn 0 0 -1
vn 1 0 0
vn -1 0 0
vn 0 1 0
vn 0 -1 0
vn 0 0 1
vn 0 0 -1
vn 1 0 0
vn -1 0 0
vn 0 1 0
vn 0 -1 0
vn 0 0 1
vn 0 0 -1
vn 1 0 0
vn -1 0 0
vn 0 1 0
vn 0 -1 0
vn 0 0 1
vn 0 0 -1
vn 1 0 0
vn -1 0 0
vn 0 1 0
vn 0 -1 0
vn 0 0 1
vn 0 0 -1
vn 1 0 0
vn -1 0 0
vn 0 1 0
vn 0 -1 0
vn 0 0 1
vn 0 0 -1
vn 1 0 0
vn -1 0 0
vn 0 1 0
vn 0 -1 0
vn 0 0 1
vn 0 0 -1
vn 1 0 0
vn -1 0 0
vn 0 1 0
vn 0 -1 0
vn 0 0 1
vn 0 0 -1
vn 1 0 0
vn -1 0 0
vn 0 1 0
vn 0 -1 0
vn 0 0 1
vn 0 0 -1
vn 1 0 0
vn -1 0 0
vn 0 1 0
vn 0 -1 0
vn 0 0 1
vn 0 0 -1
vn 1 0 0
vn -1 0 0
vn 0 1 0
vn 0 -1 0
vn 0 0 1
vn 0 0 -1
vn 1 0 0
vn -1 0 0
vn 0 1 0
vn 0 -1 0
vn 0 0 1
vn 0 0 -1
vn 1 0 0
vn -1 0 0
vn 0 1 0
vn 0 -1 0
vn 0 0 1
vn 0 0 -1
vn 1 0 0
vn -1 0 0
vn 0 1 0
vn 0 -1 0
vn 0 0 1
vn 0 0 -1
vn 1 0 0
vn -1 0 0
vn 0 1 0
vn 0 -1 0
vn 0 0 1
vn 0 0 -1
vn 1 0 0
vn -1 0 0
vn 0 1 0
vn 0 -1 0
vn 0 0 1
vn 0 0 -1
vn 1 0 0
vn -1 0 0
vn 0 1 0
vn 0 -1 0
vn 0 0 1
vn 0 0 -1
vn 1 0 0
vn -1 0 0
vn 0 1 0
vn 0 -1 0
vn 0 0 1
vn 0 0 -1
vn 1 0 0
vn -1 0 0
vn 0 1 0
vn 0 -1 0
vn 0 0 1
vn 0 0 -1
vn 1 0 0
vn -1 0 0
vn 0 1 0
vn 0 -1 0
vn 0 0 1
vn 0 0 -1
vn 1 0 0
vn -1 0 0
vn 0 1 0
vn 0 -1 0
vn 0 0 1
vn 0 0 -1
vn 1 0 0
vn -1 0 0
vn 0 1 0
vn 0 -1 0
vn 0 0 1
vn 0 0 -1
vn 1 0 0
vn -1 0 0
vn 0 1 0
vn 0 -1 0
vn 0 0 1
vn 0 0 -1
vn 1 0 0
vn -1 0 0
vn 0 1 0
vn 0 -1 0
vn 0 0 1
vn 0 0 -1
vn 1 0 0
vn -1 0 0
vn 0 1 0
vn 0 -1 0
vn 0 0 1
vn 0 0 -1
vn 1 0 0
vn -1 0 0
vn 0 1 0
vn 0 -1 0
vn 0 0 1
vn 0 0 -1
vn 1 0 0
vn -1 0 0
vn 0 1 0
vn 0 -1 0
vn 0 0 1
vn 0 0 -1
vn 1 0 0
vn -1 0 0
vn 0 1 0
vn 0 -1 0
vn 0 0 1
vn 0 0 -1
vn 1 0 0
vn -1 0 0
vn 0 1 0
vn 0 -1 0
vn 0 0 1
vn 0 0 -1
vn 1 0 0
vn -1 0 0
vn 0 1 0
vn 0 -1 0
vn 0 0 1
vn 0 0 -1
vn 1 0 0
vn -1 0 0
vn 0 1 0
vn 0 -1 0
vn 0 0 1
vn 0 0 -1
vn 1 0 0
vn -1 0 0
vn 0 0.7071067811865469 -0.7071067811865481
vn 0 -0.7071067811865485 0.7071067811865467
vn 0 0.7071067811865478 0.7071067811865474
vn 0 -0.7071067811865471 -0.707106781186548
vn 1 0 0
vn -1 0 0
vn 0 0.707106781186547 -0.707106781186548
vn 0 -0.7071060669001158 0.7071074954722578
vn 0 0.7071067811865467 0.7071067811865485
vn 0 -0.7071092811795875 -0.7071042811846687
vn 1 0 0
vn -1 0 0
vn 0 0.7071067811865476 -0.7071067811865476
vn 0 -0.7071092811795875 0.7071042811846687
vn 0 0.7071076145185423 0.7071059478535706
vn 0 -0.707106781186547 -0.7071067811865482
vn 1 0 0
vn -1 0 0
vn 0 0.7071067811865476 -0.7071067811865476
vn 0 -0.7071092811795875 0.7071042811846687
vn 0 0.7071076145185423 0.7071059478535706
vn 0 -0.707106781186547 -0.7071067811865482
vn 1 0 0
vn -1 0 0
vn 0 0.7071067811865476 -0.7071067811865476
vn 0 -0.7071092811795875 0.7071042811846687
vn 0 0.7071076145185423 0.7071059478535706
vn 0 -0.707106781186547 -0.7071067811865482
vn 1 0 0
vn -1 0 0
vn 0 0.7071067811865476 -0.7071067811865476
vn 0 -0.7071092811795875 0.7071042811846687
vn 0 0.7071076145185423 0.7071059478535706
vn 0 -0.707106781186547 -0.7071067811865482
vn 1 0 0
vn -1 0 0
vn 0 0.7071067811865502 -0.7071067811865449
vn 0 -0.7071067811865467 0.7071067811865485
vn 0 0.7071067811865472 0.7071067811865478
vn 0 -0.7071067811865485 -0.7071067811865467
vn 1 0 0
vn -1 0 0
vn 0 1 0
vn 0 -1 0
vn 0 0 1
vn 0 0 -1
vn 1 0 0
vn -1 0 0
vn 0 1 0
vn 0 -1 0
vn 0 0 1
vn 0 0 -1
vn 1 0 0
vn -1 0 0
vn 0 1 0
vn 0 -1 0
vn 0 0 1
vn 0 0 -1
vn 1 0 0
vn -1 0 0
vn 0 1 0
vn 0 -1 0
vn 0 0 1
vn 0 0 -1
vn 1 0 0
vn -1 0 0
vn 0 0.7071067811865502 -0.7071067811865449
vn 0 -0.7071067811865467 0.7071067811865485
vn 0 0.7071067811865472 0.7071067811865478
vn 0 -0.7071067811865485 -0.7071067811865467
vn 1 0 0
vn -1 0 0
vn 0 0.7071067811865502 -0.7071067811865449
vn 0 -0.7071067811865467 0.7071067811865485
vn 0 0.7071067811865472 0.7071067811865478
vn 0 -0.7071067811865485 -0.7071067811865467
vn 1 0 0
vn -1 0 0
vn 0 0.7071067811865502 -0.7071067811865449
vn 0 -0.7071067811865467 0.7071067811865485
vn 0 0.7071067811865472 0.7071067811865478
vn 0 -0.7071067811865485 -0.7071067811865467
vn 1 0 0
vn -1 0 0
vn 0 0.7071017811562734 -0.7071117811814662
vn 0 -0.7071117811814644 0.7071017811562752
vn 0 0.7071067811865476 0.7071067811865475
vn 0 -0.7071067811865475 -0.7071067811865476
vn 1 0 0
vn -1 0 0
vn 0 0.38268887288725395 -0.9238772789544526
vn 0 -0.3826888728872527 0.923877278954453
vn 0 0.9238793971433323 0.38268375917207764
vn 0 -0.9238793971433323 -0.38268375917207786
vn 1 0 0
vn -1 0 0
vn 0 0.38268887288725395 -0.9238772789544526
vn 0 -0.3826888728872527 0.923877278954453
vn 0 0.9238793971433323 0.38268375917207764
vn 0 -0.9238793971433323 -0.38268375917207786
vn 1 0 0
vn -1 0 0
vn 0 0.38268887288725395 -0.9238772789544526
vn 0 -0.3826888728872527 0.923877278954453
vn 0 0.9238793971433323 0.38268375917207764
vn 0 -0.9238793971433323 -0.38268375917207786
vn 1 0 0
vn -1 0 0
vn 0 0.38268887288725395 -0.9238772789544526
vn 0 -0.3826888728872527 0.923877278954453
vn 0 0.9238793971433323 0.38268375917207764
vn 0 -0.9238793971433323 -0.38268375917207786
vn 1 0 0
vn -1 0 0
vn 0 0.7071017811562734 -0.7071117811814662
vn 0 -0.7071117811814644 0.7071017811562752
vn 0 0.7071067811865476 0.7071067811865475
vn 0 -0.7071067811865475 -0.7071067811865476
vn 1 0 0
vn -1 0 0
vn 0 1 0
vn 0 -1 0
vn 0 0 1
vn 0 0 -1
vn 1 0 0
vn -1 0 0
vn 0 1 0
vn 0 -1 0
vn 0 0 1
vn 0 0 -1
vn 1 0 0
vn -1 0 0
vn 0 1 0
vn 0 -1 0
vn 0 0 1
vn 0 0 -1
vn 1 0 0
vn -1 0 0
vn 0 1 0
vn 0 -1 0
vn 0 0 1
vn 0 0 -1
vn 1 0 0
vn -1 0 0
vn 0 0.7071017811562734 -0.7071117811814662
vn 0 -0.7071117811814644 0.7071017811562752
vn 0 0.7071067811865476 0.7071067811865475
vn 0 -0.7071067811865475 -0.7071067811865476
vn 1 0 0
vn -1 0 0
vn 0 0.7071017811562734 -0.7071117811814662
vn 0 -0.7071117811814644 0.7071017811562752
vn 0 0.7071067811865476 0.7071067811865475
vn 0 -0.7071067811865475 -0.7071067811865476
vn 1 0 0
vn -1 0 0
vn 0 0.7071074954722578 -0.7071060669001158
vn 0 -0.7071067811865472 0.7071067811865478
vn 0 0.7071067811865467 0.7071067811865485
vn 0 -0.7071042811846732 -0.7071092811795832
vn 1 0 0
vn -1 0 0
vn 0 0.7071067811865469 -0.7071067811865481
vn 0 -0.7071067811865485 0.7071067811865467
vn 0 0.7071067811865478 0.7071067811865474
vn 0 -0.7071067811865471 -0.707106781186548
vn 1 0 0
vn -1 0 0
vn 0 0.707106781186547 -0.707106781186548
vn 0 -0.7071060669001158 0.7071074954722578
vn 0 0.7071067811865467 0.7071067811865485
vn 0 -0.7071092811795875 -0.7071042811846687
vn 1 0 0
vn -1 0 0
vn 0 0.7071074954722578 -0.7071060669001158
vn 0 -0.7071067811865472 0.7071067811865478
vn 0 0.7071067811865467 0.7071067811865485
vn 0 -0.7071042811846732 -0.7071092811795832
vn 1 0 0
vn -1 0 0
vn 0 0.7071074954722578 -0.7071060669001158
vn 0 -0.7071067811865472 0.7071067811865478
vn 0 0.7071067811865467 0.7071067811865485
vn 0 -0.7071042811846732 -0.7071092811795832
vn 1 0 0
vn -1 0 0
vn 0 0.707106781186547 -0.707106781186548
vn 0 -0.7071060669001158 0.7071074954722578
vn 0 0.7071067811865467 0.7071067811865485
vn 0 -0.7071092811795875 -0.7071042811846687
vn 1 0 0
vn -1 0 0
vn 0 0.7071067811865469 -0.7071067811865481
vn 0 -0.7071067811865485 0.7071067811865467
vn 0 0.7071067811865478 0.7071067811865474
vn 0 -0.7071067811865471 -0.707106781186548
vn 1 0 0
vn -1 0 0
vn 0 0.7071067811865469 -0.7071067811865481
vn 0 -0.7071067811865485 0.7071067811865467
vn 0 0.7071067811865478 0.7071067811865474
vn 0 -0.7071067811865471 -0.707106781186548
vn 1 0 0
vn -1 0 0
vn 0 0.707106781186547 -0.707106781186548
vn 0 -0.7071060669001158 0.7071074954722578
vn 0 0.7071067811865467 0.7071067811865485
vn 0 -0.7071092811795875 -0.7071042811846687
vn 1 0 0
vn -1 0 0
vn 0 0.7071074954722578 -0.7071060669001158
vn 0 -0.7071067811865472 0.7071067811865478
vn 0 0.7071067811865467 0.7071067811865485
vn 0 -0.7071042811846732 -0.7071092811795832
vn 1 0 0
vn -1 0 0
vn 0 1 0
vn 0 -1 0
vn 0 0 1
vn 0 0 -1
vn 1 0 0
vn -1 0 0
vn 0 1 0
vn 0 -1 0
vn 0 0 1
vn 0 0 -1
vn 1 0 0
vn -1 0 0
vn 0 1 0
vn 0 -1 0
vn 0 0 1
vn 0 0 -1
vn 1 0 0
vn -1 0 0
vn 0 1 0
vn 0 -1 0
vn 0 0 1
vn 0 0 -1
vn 1 0 0
vn -1 0 0
vn 0 1 0
vn 0 -1 0
vn 0 0 1
vn 0 0 -1
vn 1 0 0
vn -1 0 0
vn 0 1 0
vn 0 -1 0
vn 0 0 1
vn 0 0 -1
vn 1 0 0
vn -1 0 0
vn 0 1 0
vn 0 -1 0
vn 0 0 1
vn 0 0 -1
vn 1 0 0
vn -1 0 0
vn 0 1 0
vn 0 -1 0
vn 0 0 1
vn 0 0 -1
vn 1 0 0
vn -1 0 0
vn 0 1 0
vn 0 -1 0
vn 0 0 1
vn 0 0 -1
vn 1 0 0
vn -1 0 0
vn 0 1 0
vn 0 -1 0
vn 0 0 1
vn 0 0 -1
vn 1 0 0
vn -1 0 0
vn 0 1 0
vn 0 -1 0
vn 0 0 1
vn 0 0 -1
vn 0.7071067811865475 0.7071067811865477 0
vn -0.7071067811865475 -0.7071067811865477 0
vn -0.7071067811865476 0.7071067811865476 0
vn 0.7071067811865476 -0.7071067811865476 0
vn 0 0 1
vn 0 0 -1
vn -0.7071067811865474 0.7071067811865478 0
vn 0.7071067811865476 -0.7071067811865476 0
vn 0.7071067811865476 0.7071067811865476 0
vn -0.7071067811865475 -0.7071067811865476 0
vn 0 0 1
vn 0 0 -1
vn 1 0 0
vn -1 0 0
vn 0 1 0
vn 0 -1 0
vn 0 0 1
vn 0 0 -1
vn 1 0 0
vn -1 0 0
vn 0 1 0
vn 0 -1 0
vn 0 0 1
vn 0 0 -1
vn 1 0 0
vn -1 0 0
vn 0 1 0
vn 0 -1 0
vn 0 0 1
vn 0 0 -1
vn 1 0 0
vn -1 0 0
vn 0 1 0
vn 0 -1 0
vn 0 0 1
vn 0 0 -1
vn 1 0 0
vn -1 0 0
vn 0 1 0
vn 0 -1 0
vn 0 0 1
vn 0 0 -1
vn 1 0 0
vn -1 0 0
vn 0 1 0
vn 0 -1 0
vn 0 0 1
vn 0 0 -1
vn 1 0 0
vn -1 0 0
vn 0 1 0
vn 0 -1 0
vn 0 0 1
vn 0 0 -1
vn 1 0 0
vn -1 0 0
vn 0 1 0
vn 0 -1 0
vn 0 0 1
vn 0 0 -1
vn 1 0 0
vn -1 0 0
vn 0 1 0
vn 0 -1 0
vn 0 0 1
vn 0 0 -1
vn 1 0 0
vn -1 0 0
vn 0 1 0
vn 0 -1 0
vn 0 0 1
vn 0 0 -1
vn 1 0 0
vn -1 0 0
vn 0 1 0
vn 0 -1 0
vn 0 0 1
vn 0 0 -1
vn 1 0 0
vn -1 0 0
vn 0 1 0
vn 0 -1 0
vn 0 0 1
vn 0 0 -1
vn 1 0 0
vn -1 0 0
vn 0 1 0
vn 0 -1 0
vn 0 0 1
vn 0 0 -1
vn 1 0 0
vn -1 0 0
vn 0 1 0
vn 0 -1 0
vn 0 0 1
vn 0 0 -1
vn 1 0 0
vn -1 0 0
vn 0 1 0
vn 0 -1 0
vn 0 0 1
vn 0 0 -1
vn 1 0 0
vn -1 0 0
vn 0 1 0
vn 0 -1 0
vn 0 0 1
vn 0 0 -1
vn 1 0 0
vn -1 0 0
vn 0 1 0
vn 0 -1 0
vn 0 0 1
vn 0 0 -1
vn 1 0 0
vn -1 0 0
vn 0 1 0
vn 0 -1 0
vn 0 0 1
vn 0 0 -1
vn 1 0 0
vn -1 0 0
vn 0 1 0
vn 0 -1 0
vn 0 0 1
vn 0 0 -1
vn 1 0 0
vn -1 0 0
vn 0 1 0
vn 0 -1 0
vn 0 0 1
vn 0 0 -1
vn 1 0 0
vn -1 0 0
vn 0 1 0
vn 0 -1 0
vn 0 0 1
vn 0 0 -1
vn 1 0 0
vn -1 0 0
vn 0 1 0
vn 0 -1 0
vn 0 0 1
vn 0 0 -1
vn 1 0 0
vn -1 0 0
vn 0 1 0
vn 0 -1 0
vn 0 0 1
vn 0 0 -1
vn 1 0 0
vn -1 0 0
vn 0 1 0
vn 0 -1 0
vn 0 0 1
vn 0 0 -1
vn 1 0 0
vn -1 0 0
vn 0 1 0
vn 0 -1 0
vn 0 0 1
vn 0 0 -1
vn 1 0 0
vn -1 0 0
vn 0 1 0
vn 0 -1 0
vn 0 0 1
vn 0 0 -1
vn 1 0 0
vn -1 0 0
vn 0 1 0
vn 0 -1 0
vn 0 0 1
vn 0 0 -1
vn 1 0 0
vn -1 0 0
vn 0 1 0
vn 0 -1 0
vn 0 0 1
vn 0 0 -1
vn 1 0 0
vn -1 0 0
vn 0 1 0
vn 0 -1 0
vn 0 0 1
vn 0 0 -1
vn 1 0 0
vn -1 0 0
vn 0 1 0
vn 0 -1 0
vn 0 0 1
vn 0 0 -1
vn 1 0 0
vn -1 0 0
vn 0 1 0
vn 0 -1 0
vn 0 0 1
vn 0 0 -1
vn 1 0 0
vn -1 0 0
vn 0 1 0
vn 0 -1 0
vn 0 0 1
vn 0 0 -1
vn 1 0 0
vn -1 0 0
vn 0 1 0
vn 0 -1 0
vn 0 0 1
vn 0 0 -1
vn 1 0 0
vn -1 0 0
vn 0 1 0
vn 0 -1 0
vn 0 0 1
vn 0 0 -1
vn 1 0 0
vn -1 0 0
vn 0 0.9238796359863627 0.3826831825540629
vn 0 -0.923879046730543 -0.38268460514144487
vn 0 -0.3826824712593512 0.9238799306137331
vn 0 0.38268335514278884 -0.9238795644978074
vn 1 0 0
vn -1 0 0
vn 0 0.923879046730543 0.3826846051414448
vn 0 -0.923880814493685 -0.38268033737113444
vn 0 -0.3826832257011606 0.923879618114262
vn 0 0.38268300473044886 -0.9238797096432388
vn 1 0 0
vn -1 0 0
vn 0 0.923879046730543 0.3826846051414448
vn 0 -0.923880814493685 -0.38268033737113444
vn 0 -0.3826832257011606 0.923879618114262
vn 0 0.38268300473044886 -0.9238797096432388
vn 1 0 0
vn -1 0 0
vn 0 0.923879046730543 0.3826846051414448
vn 0 -0.923880814493685 -0.38268033737113444
vn 0 -0.3826832257011606 0.923879618114262
vn 0 0.38268300473044886 -0.9238797096432388
vn 1 0 0
vn -1 0 0
vn 0 0.923879046730543 0.3826846051414448
vn 0 -0.923880814493685 -0.38268033737113444
vn 0 -0.3826832257011606 0.923879618114262
vn 0 0.38268300473044886 -0.9238797096432388
vn 1 0 0
vn -1 0 0
vn 0 0.7071067811865476 0.7071067811865476
vn 0 -0.7071067811865476 -0.7071067811865476
vn 0 -0.7071067811865471 0.707106781186548
vn 0 0.707106781186548 -0.7071067811865471
vn 1 0 0
vn -1 0 0
vn 0 0.7071067811865476 0.7071067811865476
vn 0 -0.7071067811865476 -0.7071067811865476
vn 0 -0.7071067811865476 0.7071067811865475
vn 0 0.7071067811865476 -0.7071067811865475
vn 1 0 0
vn -1 0 0
vn 0 0.7071067811865476 0.7071067811865476
vn 0 -0.7071067811865476 -0.7071067811865476
vn 0 -0.7071067811865476 0.7071067811865475
vn 0 0.7071067811865476 -0.7071067811865475
vn 1 0 0
vn -1 0 0
vn 0 0.7071067811865476 0.7071067811865476
vn 0 -0.7071067811865476 -0.7071067811865476
vn 0 -0.7071067811865476 0.7071067811865475
vn 0 0.7071067811865476 -0.7071067811865475
vn 1 0 0
vn -1 0 0
vn 0 0.7071067811865476 0.7071067811865476
vn 0 -0.7071067811865476 -0.7071067811865476
vn 0 -0.7071067811865476 0.7071067811865475
vn 0 0.7071067811865476 -0.7071067811865475
vn 1 0 0
vn -1 0 0
vn 0 0.3826831825540631 0.9238796359863627
vn 0 -0.38268318255406336 -0.9238796359863624
vn 0 -0.9238799306137326 0.38268247125935184
vn 0 0.9238799306137329 -0.3826824712593513
vn 1 0 0
vn -1 0 0
vn 0 0.3826803373711346 0.9238808144936849
vn 0 -0.38268460514144503 -0.9238790467305428
vn 0 -0.9238793971433323 0.3826837591720778
vn 0 0.9238794886725424 -0.3826835382011638
vn 1 0 0
vn -1 0 0
vn 0 0.3826803373711346 0.9238808144936849
vn 0 -0.38268460514144503 -0.9238790467305428
vn 0 -0.9238793971433323 0.3826837591720778
vn 0 0.9238794886725424 -0.3826835382011638
vn 1 0 0
vn -1 0 0
vn 0 0.3826803373711346 0.9238808144936849
vn 0 -0.38268460514144503 -0.9238790467305428
vn 0 -0.9238793971433323 0.3826837591720778
vn 0 0.9238794886725424 -0.3826835382011638
vn 1 0 0
vn -1 0 0
vn 0 0.3826803373711346 0.9238808144936849
vn 0 -0.38268460514144503 -0.9238790467305428
vn 0 -0.9238793971433323 0.3826837591720778
vn 0 0.9238794886725424 -0.3826835382011638
vn 1 0 0
vn -1 0 0
vn 0 1 0
vn 0 -1 0
vn 0 0 1
vn 0 0 -1
vn 1 0 0
vn -1 0 0
vn 0 1 0
vn 0 -1 0
vn 0 0 1
vn 0 0 -1
vn 1 0 0
vn -1 0 0
vn 0 1 0
vn 0 -1 0
vn 0 0 1
vn 0 0 -1
vn 1 0 0
vn -1 0 0
vn 0 1 0
vn 0 -1 0
vn 0 0 1
vn 0 0 -1
vn 1 0 0
vn -1 0 0
vn 0 1 0
vn 0 -1 0
vn 0 0 1
vn 0 0 -1
vn 1 0 0
vn -1 0 0
vn 0 1 0
vn 0 -1 0
vn 0 0 1
vn 0 0 -1
vn 1 0 0
vn -1 0 0
vn 0 1 0
vn 0 -1 0
vn 0 0 1
vn 0 0 -1
vn 1 0 0
vn -1 0 0
vn 0 1 0
vn 0 -1 0
vn 0 0 1
vn 0 0 -1
vn 1 0 0
vn -1 0 0
vn 0 1 0
vn 0 -1 0
vn 0 0 1
vn 0 0 -1
vn 1 0 0
vn -1 0 0
vn 0 1 0
vn 0 -1 0
vn 0 0 1
vn 0 0 -1
vn 1 0 0
vn -1 0 0
vn 0 1 0
vn 0 -1 0
vn 0 0 1
vn 0 0 -1
vn 1 0 0
vn -1 0 0
vn 0 1 0
vn 0 -1 0
vn 0 0 1
vn 0 0 -1
vn 1 0 0
vn -1 0 0
vn 0 1 0
vn 0 -1 0
vn 0 0 1
vn 0 0 -1
vn 1 0 0
vn -1 0 0
vn 0 1 0
vn 0 -1 0
vn 0 0 1
vn 0 0 -1
vn 1 0 0
vn -1 0 0
vn 0 1 0
vn 0 -1 0
vn 0 0 1
vn 0 0 -1
vn 1 0 0
vn -1 0 0
vn 0 1 0
vn 0 -1 0
vn 0 0 1
vn 0 0 -1
vn 1 0 0
vn -1 0 0
vn 0 1 0
vn 0 -1 0
vn 0 0 1
vn 0 0 -1
vn 1 0 0
vn -1 0 0
vn 0 1 0
vn 0 -1 0
vn 0 0 1
vn 0 0 -1
vn 1 0 0
vn -1 0 0
vn 0 1 0
vn 0 -1 0
vn 0 0 1
vn 0 0 -1
vn 1 0 0
vn -1 0 0
vn 0 1 0
vn 0 -1 0
vn 0 0 1
vn 0 0 -1
vn 1 0 0
vn -1 0 0
vn 0 0.9238790467305428 -0.38268460514144487
vn 0 -0.9238790467305428 0.38268460514144487
vn 0 0.38268460514144437 0.923879046730543
vn 0 -0.38268460514144437 -0.923879046730543
vn 1 0 0
vn -1 0 0
vn 0 1 0
vn 0 -1 0
vn 0 0 1
vn 0 0 -1
vn 1 0 0
vn -1 0 0
vn 0 1 0
vn 0 -1 0
vn 0 0 1
vn 0 0 -1
vn 1 0 0
vn -1 0 0
vn 0 1 0
vn 0 -1 0
vn 0 0 1
vn 0 0 -1
vn 1 0 0
vn -1 0 0
vn 0 1 0
vn 0 -1 0
vn 0 0 1
vn 0 0 -1
vn 1 0 0
vn -1 0 0
vn 0 1 0
vn 0 -1 0
vn 0 0 1
vn 0 0 -1
vn 1 0 0
vn -1 0 0
vn 0 1 0
vn 0 -1 0
vn 0 0 1
vn 0 0 -1
vn 1 0 0
vn -1 0 0
vn 0 1 0
vn 0 -1 0
vn 0 0 1
vn 0 0 -1
vn 1 0 0
vn -1 0 0
vn 0 1 0
vn 0 -1 0
vn 0 0 1
vn 0 0 -1
vn 1 0 0
vn -1 0 0
vn 0 1 0
vn 0 -1 0
vn 0 0 1
vn 0 0 -1
vn 1 0 0
vn -1 0 0
vn 0 1 0
vn 0 -1 0
vn 0 0 1
vn 0 0 -1
vn 1 0 0
vn -1 0 0
vn 0 0.9238790467305428 0.38268460514144503
vn 0 -0.9238790467305428 -0.38268460514144503
vn 0 -0.38268460514144537 0.9238790467305427
vn 0 0.38268460514144537 -0.9238790467305427
vn 1 0 0
vn -1 0 0
vn 0 1 0
vn 0 -1 0
vn 0 0 1
vn 0 0 -1
vn 1 0 0
vn -1 0 0
vn 0 1 0
vn 0 -1 0
vn 0 0 1
vn 0 0 -1
vn 1 0 0
vn -1 0 0
vn 0 1 0
vn 0 -1 0
vn 0 0 1
vn 0 0 -1
vn 1 0 0
vn -1 0 0
vn 0 1 0
vn 0 -1 0
vn 0 0 1
vn 0 0 -1
vn 1 0 0
vn -1 0 0
vn 0 1 0
vn 0 -1 0
vn 0 0 1
vn 0 0 -1
vn 1 0 0
vn -1 0 0
vn 0 0.7071067811865476 0.7071067811865476
vn 0 -0.707106781186548 -0.7071067811865471
vn 0 -0.707106781186548 0.7071067811865471
vn 0 0.7071067811865476 -0.7071067811865476
usemtl m_a738dc48-249e-a47b-bea0-ffe1d1e1bc5c
f 4/1/1 3/2/1 5/3/1 6/4/1
f 9/5/2 7/6/2 8/7/2 10/8/2
f 7/9/3 3/10/3 4/11/3 8/12/3
f 6/13/4 5/14/4 9/15/4 10/16/4
f 5/17/5 3/18/5 7/19/5 9/20/5
f 8/21/6 4/22/6 6/23/6 10/24/6
f 12/25/7 11/26/7 13/27/7 14/28/7
f 17/29/8 15/30/8 16/31/8 18/32/8
f 15/33/9 11/34/9 12/35/9 16/36/9
f 14/37/10 13/38/10 17/39/10 18/40/10
f 13/41/11 11/42/11 15/43/11 17/44/11
f 16/45/12 12/46/12 14/47/12 18/48/12
f 20/49/13 19/50/13 21/51/13 22/52/13
f 25/53/14 23/54/14 24/55/14 26/56/14
f 23/57/15 19/58/15 20/59/15 24/60/15
f 22/61/16 21/62/16 25/63/16 26/64/16
f 21/65/17 19/66/17 23/67/17 25/68/17
f 24/69/18 20/70/18 22/71/18 26/72/18
f 28/73/19 27/74/19 29/75/19 30/76/19
f 33/77/20 31/78/20 32/79/20 34/80/20
f 31/81/21 27/82/21 28/83/21 32/84/21
f 30/85/22 29/86/22 33/87/22 34/88/22
f 29/89/23 27/90/23 31/91/23 33/92/23
f 32/93/24 28/94/24 30/95/24 34/96/24
f 36/97/25 35/98/25 37/99/25 38/100/25
f 41/101/26 39/102/26 40/103/26 42/104/26
f 39/105/27 35/106/27 36/107/27 40/108/27
f 38/109/28 37/110/28 41/111/28 42/112/28
f 37/113/29 35/114/29 39/115/29 41/116/29
f 40/117/30 36/118/30 38/119/30 42/120/30
f 44/121/31 43/122/31 45/123/31 46/124/31
f 49/125/32 47/126/32 48/127/32 50/128/32
f 47/129/33 43/130/33 44/131/33 48/132/33
f 46/133/34 45/134/34 49/135/34 50/136/34
f 45/137/35 43/138/35 47/139/35 49/140/35
f 48/141/36 44/142/36 46/143/36 50/144/36
f 52/145/37 51/146/37 53/147/37 54/148/37
f 57/149/38 55/150/38 56/151/38 58/152/38
f 55/153/39 51/154/39 52/155/39 56/156/39
f 54/157/40 53/158/40 57/159/40 58/160/40
f 53/161/41 51/162/41 55/163/41 57/164/41
f 56/165/42 52/166/42 54/167/42 58/168/42
f 60/169/43 59/170/43 61/171/43 62/172/43
f 65/173/44 63/174/44 64/175/44 66/176/44
f 63/177/45 59/178/45 60/179/45 64/180/45
f 62/181/46 61/182/46 65/183/46 66/184/46
f 61/185/47 59/186/47 63/187/47 65/188/47
f 64/189/48 60/190/48 62/191/48 66/192/48
f 68/193/49 67/194/49 69/195/49 70/196/49
f 73/197/50 71/198/50 72/199/50 74/200/50
f 71/201/51 67/202/51 68/203/51 72/204/51
f 70/205/52 69/206/52 73/207/52 74/208/52
f 69/209/53 67/210/53 71/211/53 73/212/53
f 72/213/54 68/214/54 70/215/54 74/216/54
f 76/217/55 75/218/55 77/219/55 78/220/55
f 81/221/56 79/222/56 80/223/56 82/224/56
f 79/225/57 75/226/57 76/227/57 80/228/57
f 78/229/58 77/230/58 81/231/58 82/232/58
f 77/233/59 75/234/59 79/235/59 81/236/59
f 80/237/60 76/238/60 78/239/60 82/240/60
f 85/241/61 83/242/61 84/243/61 86/244/61
f 88/245/62 87/246/62 89/247/62 90/248/62
f 84/249/63 83/250/63 87/251/63 88/252/63
f 89/253/64 85/254/64 86/255/64 90/256/64
f 87/257/65 83/258/65 85/259/65 89/260/65
f 86/261/66 84/262/66 88/263/66 90/264/66
f 92/265/67 91/266/67 93/267/67 94/268/67
f 97/269/68 95/270/68 96/271/68 98/272/68
f 95/273/69 91/274/69 92/275/69 96/276/69
f 94/277/70 93/278/70 97/279/70 98/280/70
f 93/281/71 91/282/71 95/283/71 97/284/71
f 96/285/72 92/286/72 94/287/72 98/288/72
f 100/289/73 99/290/73 101/291/73 102/292/73
f 105/293/74 103/294/74 104/295/74 106/296/74
f 103/297/75 99/298/75 100/299/75 104/300/75
f 102/301/76 101/302/76 105/303/76 106/304/76
f 101/305/77 99/306/77 103/307/77 105/308/77
f 104/309/78 100/310/78 102/311/78 106/312/78
f 109/313/79 107/314/79 108/315/79 110/316/79
f 112/317/80 111/318/80 113/319/80 114/320/80
f 108/321/81 107/322/81 111/323/81 112/324/81
f 113/325/82 109/326/82 110/327/82 114/328/82
f 111/329/83 107/330/83 109/331/83 113/332/83
f 110/333/84 108/334/84 112/335/84 114/336/84
f 117/337/85 115/338/85 116/339/85 118/340/85
f 120/341/86 119/342/86 121/343/86 122/344/86
f 116/345/87 115/346/87 119/347/87 120/348/87
f 121/349/88 117/350/88 118/351/88 122/352/88
f 119/353/89 115/354/89 117/355/89 121/356/89
f 118/357/90 116/358/90 120/359/90 122/360/90
f 125/361/91 123/362/91 124/363/91 126/364/91
f 128/365/92 127/366/92 129/367/92 130/368/92
f 124/369/93 123/370/93 127/371/93 128/372/93
f 129/373/94 125/374/94 126/375/94 130/376/94
f 127/377/95 123/378/95 125/379/95 129/380/95
f 126/381/96 124/382/96 128/383/96 130/384/96
f 132/385/97 131/386/97 133/387/97 134/388/97
f 137/389/98 135/390/98 136/391/98 138/392/98
f 135/393/99 131/394/99 132/395/99 136/396/99
f 134/397/100 133/398/100 137/399/100 138/400/100
f 133/401/101 131/402/101 135/403/101 137/404/101
f 136/405/102 132/406/102 134/407/102 138/408/102
f 140/409/103 139/410/103 141/411/103 142/412/103
f 145/413/104 143/414/104 144/415/104 146/416/104
f 143/417/105 139/418/105 140/419/105 144/420/105
f 142/421/106 141/422/106 145/423/106 146/424/106
f 141/425/107 139/426/107 143/427/107 145/428/107
f 144/429/108 140/430/108 142/431/108 146/432/108
f 148/433/109 147/434/109 149/435/109 150/436/109
f 153/437/110 151/438/110 152/439/110 154/440/110
f 151/441/111 147/442/111 148/443/111 152/444/111
f 150/445/112 149/446/112 153/447/112 154/448/112
f 149/449/113 147/450/113 151/451/113 153/452/113
f 152/453/114 148/454/114 150/455/114 154/456/114
f 156/457/115 155/458/115 157/459/115 158/460/115
f 161/461/116 159/462/116 160/463/116 162/464/116
f 159/465/117 155/466/117 156/467/117 160/468/117
f 158/469/118 157/470/118 161/471/118 162/472/118
f 157/473/119 155/474/119 159/475/119 161/476/119
f 160/477/120 156/478/120 158/479/120 162/480/120
f 164/481/121 163/482/121 165/483/121 166/484/121
f 169/485/122 167/486/122 168/487/122 170/488/122
f 167/489/123 163/490/123 164/491/123 168/492/123
f 166/493/124 165/494/124 169/495/124 170/496/124
f 165/497/125 163/498/125 167/499/125 169/500/125
f 168/501/126 164/502/126 166/503/126 170/504/126
f 172/505/127 171/506/127 173/507/127 174/508/127
f 177/509/128 175/510/128 176/511/128 178/512/128
f 175/513/129 171/514/129 172/515/129 176/516/129
f 174/517/130 173/518/130 177/519/130 178/520/130
f 173/521/131 171/522/131 175/523/131 177/524/131
f 176/525/132 172/526/132 174/527/132 178/528/132
f 180/529/133 179/530/133 181/531/133 182/532/133
f 185/533/134 183/534/134 184/535/134 186/536/134
f 183/537/135 179/538/135 180/539/135 184/540/135
f 182/541/136 181/542/136 185/543/136 186/544/136
f 181/545/137 179/546/137 183/547/137 185/548/137
f 184/549/138 180/550/138 182/551/138 186/552/138
f 188/553/139 187/554/139 189/555/139 190/556/139
f 193/557/140 191/558/140 192/559/140 194/560/140
f 191/561/141 187/562/141 188/563/141 192/564/141
f 190/565/142 189/566/142 193/567/142 194/568/142
f 189/569/143 187/570/143 191/571/143 193/572/143
f 192/573/144 188/574/144 190/575/144 194/576/144
f 196/577/145 195/578/145 197/579/145 198/580/145
f 201/581/146 199/582/146 200/583/146 202/584/146
f 199/585/147 195/586/147 196/587/147 200/588/147
f 198/589/148 197/590/148 201/591/148 202/592/148
f 197/593/149 195/594/149 199/595/149 201/596/149
f 200/597/150 196/598/150 198/599/150 202/600/150
f 204/601/151 203/602/151 205/603/151 206/604/151
f 209/605/152 207/606/152 208/607/152 210/608/152
f 207/609/153 203/610/153 204/611/153 208/612/153
f 206/613/154 205/614/154 209/615/154 210/616/154
f 205/617/155 203/618/155 207/619/155 209/620/155
f 208/621/156 204/622/156 206/623/156 210/624/156
f 212/625/157 211/626/157 213/627/157 214/628/157
f 217/629/158 215/630/158 216/631/158 218/632/158
f 215/633/159 211/634/159 212/635/159 216/636/159
f 214/637/160 213/638/160 217/639/160 218/640/160
f 213/641/161 211/642/161 215/643/161 217/644/161
f 216/645/162 212/646/162 214/647/162 218/648/162
f 220/649/163 219/650/163 221/651/163 222/652/163
f 225/653/164 223/654/164 224/655/164 226/656/164
f 223/657/165 219/658/165 220/659/165 224/660/165
f 222/661/166 221/662/166 225/663/166 226/664/166
f 221/665/167 219/666/167 223/667/167 225/668/167
f 224/669/168 220/670/168 222/671/168 226/672/168
f 228/673/169 227/674/169 229/675/169 230/676/169
f 233/677/170 231/678/170 232/679/170 234/680/170
f 231/681/171 227/682/171 228/683/171 232/684/171
f 230/685/172 229/686/172 233/687/172 234/688/172
f 229/689/173 227/690/173 231/691/173 233/692/173
f 232/693/174 228/694/174 230/695/174 234/696/174
f 236/697/175 235/698/175 237/699/175 238/700/175
f 241/701/176 239/702/176 240/703/176 242/704/176
f 239/705/177 235/706/177 236/707/177 240/708/177
f 238/709/178 237/710/178 241/711/178 242/712/178
f 237/713/179 235/714/179 239/715/179 241/716/179
f 240/717/180 236/718/180 238/719/180 242/720/180
f 244/721/181 243/722/181 245/723/181 246/724/181
f 249/725/182 247/726/182 248/727/182 250/728/182
f 247/729/183 243/730/183 244/731/183 248/732/183
f 246/733/184 245/734/184 249/735/184 250/736/184
f 245/737/185 243/738/185 247/739/185 249/740/185
f 248/741/186 244/742/186 246/743/186 250/744/186
f 252/745/187 251/746/187 253/747/187 254/748/187
f 257/749/188 255/750/188 256/751/188 258/752/188
f 255/753/189 251/754/189 252/755/189 256/756/189
f 254/757/190 253/758/190 257/759/190 258/760/190
f 253/761/191 251/762/191 255/763/191 257/764/191
f 256/765/192 252/766/192 254/767/192 258/768/192
f 260/769/193 259/770/193 261/771/193 262/772/193
f 265/773/194 263/774/194 264/775/194 266/776/194
f 263/777/195 259/778/195 260/779/195 264/780/195
f 262/781/196 261/782/196 265/783/196 266/784/196
f 261/785/197 259/786/197 263/787/197 265/788/197
f 264/789/198 260/790/198 262/791/198 266/792/198
f 268/793/199 267/794/199 269/795/199 270/796/199
f 273/797/200 271/798/200 272/799/200 274/800/200
f 271/801/201 267/802/201 268/803/201 272/804/201
f 270/805/202 269/806/202 273/807/202 274/808/202
f 269/809/203 267/810/203 271/811/203 273/812/203
f 272/813/204 268/814/204 270/815/204 274/816/204
f 276/817/205 275/818/205 277/819/205 278/820/205
f 281/821/206 279/822/206 280/823/206 282/824/206
f 279/825/207 275/826/207 276/827/207 280/828/207
f 278/829/208 277/830/208 281/831/208 282/832/208
f 277/833/209 275/834/209 279/835/209 281/836/209
f 280/837/210 276/838/210 278/839/210 282/840/210
f 284/841/211 283/842/211 285/843/211 286/844/211
f 289/845/212 287/846/212 288/847/212 290/848/212
f 287/849/213 283/850/213 284/851/213 288/852/213
f 286/853/214 285/854/214 289/855/214 290/856/214
f 285/857/215 283/858/215 287/859/215 289/860/215
f 288/861/216 284/862/216 286/863/216 290/864/216
f 292/865/217 291/866/217 293/867/217 294/868/217
f 297/869/218 295/870/218 296/871/218 298/872/218
f 295/873/219 291/874/219 292/875/219 296/876/219
f 294/877/220 293/878/220 297/879/220 298/880/220
f 293/881/221 291/882/221 295/883/221 297/884/221
f 296/885/222 292/886/222 294/887/222 298/888/222
f 300/889/223 299/890/223 301/891/223 302/892/223
f 305/893/224 303/894/224 304/895/224 306/896/224
f 303/897/225 299/898/225 300/899/225 304/900/225
f 302/901/226 301/902/226 305/903/226 306/904/226
f 301/905/227 299/906/227 303/907/227 305/908/227
f 304/909/228 300/910/228 302/911/228 306/912/228
f 308/913/229 307/914/229 309/915/229 310/916/229
f 313/917/230 311/918/230 312/919/230 314/920/230
f 311/921/231 307/922/231 308/923/231 312/924/231
f 310/925/232 309/926/232 313/927/232 314/928/232
f 309/929/233 307/930/233 311/931/233 313/932/233
f 312/933/234 308/934/234 310/935/234 314/936/234
f 316/937/235 315/938/235 317/939/235 318/940/235
f 321/941/236 319/942/236 320/943/236 322/944/236
f 319/945/237 315/946/237 316/947/237 320/948/237
f 318/949/238 317/950/238 321/951/238 322/952/238
f 317/953/239 315/954/239 319/955/239 321/956/239
f 320/957/240 316/958/240 318/959/240 322/960/240
f 324/961/241 323/962/241 325/963/241 326/964/241
f 329/965/242 327/966/242 328/967/242 330/968/242
f 327/969/243 323/970/243 324/971/243 328/972/243
f 326/973/244 325/974/244 329/975/244 330/976/244
f 325/977/245 323/978/245 327/979/245 329/980/245
f 328/981/246 324/982/246 326/983/246 330/984/246
f 332/985/247 331/986/247 333/987/247 334/988/247
f 337/989/248 335/990/248 336/991/248 338/992/248
f 335/993/249 331/994/249 332/995/249 336/996/249
f 334/997/250 333/998/250 337/999/250 338/1000/250
f 333/1001/251 331/1002/251 335/1003/251 337/1004/251
f 336/1005/252 332/1006/252 334/1007/252 338/1008/252
f 340/1009/253 339/1010/253 341/1011/253 342/1012/253
f 345/1013/254 343/1014/254 344/1015/254 346/1016/254
f 343/1017/255 339/1018/255 340/1019/255 344/1020/255
f 342/1021/256 341/1022/256 345/1023/256 346/1024/256
f 341/1025/257 339/1026/257 343/1027/257 345/1028/257
f 344/1029/258 340/1030/258 342/1031/258 346/1032/258
f 348/1033/259 347/1034/259 349/1035/259 350/1036/259
f 353/1037/260 351/1038/260 352/1039/260 354/1040/260
f 351/1041/261 347/1042/261 348/1043/261 352/1044/261
f 350/1045/262 349/1046/262 353/1047/262 354/1048/262
f 349/1049/263 347/1050/263 351/1051/263 353/1052/263
f 352/1053/264 348/1054/264 350/1055/264 354/1056/264
f 356/1057/265 355/1058/265 357/1059/265 358/1060/265
f 361/1061/266 359/1062/266 360/1063/266 362/1064/266
f 359/1065/267 355/1066/267 356/1067/267 360/1068/267
f 358/1069/268 357/1070/268 361/1071/268 362/1072/268
f 357/1073/269 355/1074/269 359/1075/269 361/1076/269
f 360/1077/270 356/1078/270 358/1079/270 362/1080/270
f 364/1081/271 363/1082/271 365/1083/271 366/1084/271
f 369/1085/272 367/1086/272 368/1087/272 370/1088/272
f 367/1089/273 363/1090/273 364/1091/273 368/1092/273
f 366/1093/274 365/1094/274 369/1095/274 370/1096/274
f 365/1097/275 363/1098/275 367/1099/275 369/1100/275
f 368/1101/276 364/1102/276 366/1103/276 370/1104/276
f 372/1105/277 371/1106/277 373/1107/277 374/1108/277
f 377/1109/278 375/1110/278 376/1111/278 378/1112/278
f 375/1113/279 371/1114/279 372/1115/279 376/1116/279
f 374/1117/280 373/1118/280 377/1119/280 378/1120/280
f 373/1121/281 371/1122/281 375/1123/281 377/1124/281
f 376/1125/282 372/1126/282 374/1127/282 378/1128/282
f 380/1129/283 379/1130/283 381/1131/283 382/1132/283
f 385/1133/284 383/1134/284 384/1135/284 386/1136/284
f 383/1137/285 379/1138/285 380/1139/285 384/1140/285
f 382/1141/286 381/1142/286 385/1143/286 386/1144/286
f 381/1145/287 379/1146/287 383/1147/287 385/1148/287
f 384/1149/288 380/1150/288 382/1151/288 386/1152/288
f 388/1153/289 387/1154/289 389/1155/289 390/1156/289
f 393/1157/290 391/1158/290 392/1159/290 394/1160/290
f 391/1161/291 387/1162/291 388/1163/291 392/1164/291
f 390/1165/292 389/1166/292 393/1167/292 394/1168/292
f 389/1169/293 387/1170/293 391/1171/293 393/1172/293
f 392/1173/294 388/1174/294 390/1175/294 394/1176/294
f 396/1177/295 395/1178/295 397/1179/295 398/1180/295
f 401/1181/296 399/1182/296 400/1183/296 402/1184/296
f 399/1185/297 395/1186/297 396/1187/297 400/1188/297
f 398/1189/298 397/1190/298 401/1191/298 402/1192/298
f 397/1193/299 395/1194/299 399/1195/299 401/1196/299
f 400/1197/300 396/1198/300 398/1199/300 402/1200/300
f 404/1201/301 403/1202/301 405/1203/301 406/1204/301
f 409/1205/302 407/1206/302 408/1207/302 410/1208/302
f 407/1209/303 403/1210/303 404/1211/303 408/1212/303
f 406/1213/304 405/1214/304 409/1215/304 410/1216/304
f 405/1217/305 403/1218/305 407/1219/305 409/1220/305
f 408/1221/306 404/1222/306 406/1223/306 410/1224/306
f 413/1225/307 411/1226/307 412/1227/307 414/1228/307
f 416/1229/308 415/1230/308 417/1231/308 418/1232/308
f 412/1233/309 411/1234/309 415/1235/309 416/1236/309
f 417/1237/310 413/1238/310 414/1239/310 418/1240/310
f 415/1241/311 411/1242/311 413/1243/311 417/1244/311
f 414/1245/312 412/1246/312 416/1247/312 418/1248/312
f 421/1249/313 419/1250/313 420/1251/313 422/1252/313
f 424/1253/314 423/1254/314 425/1255/314 426/1256/314
f 420/1257/315 419/1258/315 423/1259/315 424/1260/315
f 425/1261/316 421/1262/316 422/1263/316 426/1264/316
f 423/1265/317 419/1266/317 421/1267/317 425/1268/317
f 422/1269/318 420/1270/318 424/1271/318 426/1272/318
f 429/1273/319 427/1274/319 428/1275/319 430/1276/319
f 432/1277/320 431/1278/320 433/1279/320 434/1280/320
f 428/1281/321 427/1282/321 431/1283/321 432/1284/321
f 433/1285/322 429/1286/322 430/1287/322 434/1288/322
f 431/1289/323 427/1290/323 429/1291/323 433/1292/323
f 430/1293/324 428/1294/324 432/1295/324 434/1296/324
f 437/1297/325 435/1298/325 436/1299/325 438/1300/325
f 440/1301/326 439/1302/326 441/1303/326 442/1304/326
f 436/1305/327 435/1306/327 439/1307/327 440/1308/327
f 441/1309/328 437/1310/328 438/1311/328 442/1312/328
f 439/1313/329 435/1314/329 437/1315/329 441/1316/329
f 438/1317/330 436/1318/330 440/1319/330 442/1320/330
f 445/1321/331 443/1322/331 444/1323/331 446/1324/331
f 448/1325/332 447/1326/332 449/1327/332 450/1328/332
f 444/1329/333 443/1330/333 447/1331/333 448/1332/333
f 449/1333/334 445/1334/334 446/1335/334 450/1336/334
f 447/1337/335 443/1338/335 445/1339/335 449/1340/335
f 446/1341/336 444/1342/336 448/1343/336 450/1344/336
f 453/1345/337 451/1346/337 452/1347/337 454/1348/337
f 456/1349/338 455/1350/338 457/1351/338 458/1352/338
f 452/1353/339 451/1354/339 455/1355/339 456/1356/339
f 457/1357/340 453/1358/340 454/1359/340 458/1360/340
f 455/1361/341 451/1362/341 453/1363/341 457/1364/341
f 454/1365/342 452/1366/342 456/1367/342 458/1368/342
f 461/1369/343 459/1370/343 460/1371/343 462/1372/343
f 464/1373/344 463/1374/344 465/1375/344 466/1376/344
f 460/1377/345 459/1378/345 463/1379/345 464/1380/345
f 465/1381/346 461/1382/346 462/1383/346 466/1384/346
f 463/1385/347 459/1386/347 461/1387/347 465/1388/347
f 462/1389/348 460/1390/348 464/1391/348 466/1392/348
f 469/1393/349 467/1394/349 468/1395/349 1/1396/349
f 471/1397/350 470/1398/350 472/1399/350 473/1400/350
f 468/1401/351 467/1402/351 470/1403/351 471/1404/351
f 472/1405/352 469/1406/352 1/1407/352 473/1408/352
f 470/1409/353 467/1410/353 469/1411/353 472/1412/353
f 1/1413/354 468/1414/354 471/1415/354 473/1416/354
f 475/1417/355 474/1418/355 476/1419/355 477/1420/355
f 480/1421/356 478/1422/356 479/1423/356 481/1424/356
f 478/1425/357 474/1426/357 475/1427/357 479/1428/357
f 477/1429/358 476/1430/358 480/1431/358 481/1432/358
f 476/1433/359 474/1434/359 478/1435/359 480/1436/359
f 479/1437/360 475/1438/360 477/1439/360 481/1440/360
f 483/1441/361 482/1442/361 484/1443/361 485/1444/361
f 488/1445/362 486/1446/362 487/1447/362 489/1448/362
f 486/1449/363 482/1450/363 483/1451/363 487/1452/363
f 485/1453/364 484/1454/364 488/1455/364 489/1456/364
f 484/1457/365 482/1458/365 486/1459/365 488/1460/365
f 487/1461/366 483/1462/366 485/1463/366 489/1464/366
f 491/1465/367 490/1466/367 492/1467/367 493/1468/367
f 496/1469/368 494/1470/368 495/1471/368 497/1472/368
f 494/1473/369 490/1474/369 491/1475/369 495/1476/369
f 493/1477/370 492/1478/370 496/1479/370 497/1480/370
f 492/1481/371 490/1482/371 494/1483/371 496/1484/371
f 495/1485/372 491/1486/372 493/1487/372 497/1488/372
f 500/1489/373 498/1490/373 499/1491/373 501/1492/373
f 503/1493/374 502/1494/374 504/1495/374 505/1496/374
f 499/1497/375 498/1498/375 502/1499/375 503/1500/375
f 504/1501/376 500/1502/376 501/1503/376 505/1504/376
f 502/1505/377 498/1506/377 500/1507/377 504/1508/377
f 501/1509/378 499/1510/378 503/1511/378 505/1512/378
f 507/1513/379 506/1514/379 508/1515/379 509/1516/379
f 512/1517/380 510/1518/380 511/1519/380 513/1520/380
f 510/1521/381 506/1522/381 507/1523/381 511/1524/381
f 509/1525/382 508/1526/382 512/1527/382 513/1528/382
f 508/1529/383 506/1530/383 510/1531/383 512/1532/383
f 511/1533/384 507/1534/384 509/1535/384 513/1536/384
f 515/1537/385 514/1538/385 516/1539/385 517/1540/385
f 520/1541/386 518/1542/386 519/1543/386 521/1544/386
f 518/1545/387 514/1546/387 515/1547/387 519/1548/387
f 517/1549/388 516/1550/388 520/1551/388 521/1552/388
f 516/1553/389 514/1554/389 518/1555/389 520/1556/389
f 519/1557/390 515/1558/390 517/1559/390 521/1560/390
f 523/1561/391 522/1562/391 524/1563/391 525/1564/391
f 528/1565/392 526/1566/392 527/1567/392 529/1568/392
f 526/1569/393 522/1570/393 523/1571/393 527/1572/393
f 525/1573/394 524/1574/394 528/1575/394 529/1576/394
f 524/1577/395 522/1578/395 526/1579/395 528/1580/395
f 527/1581/396 523/1582/396 525/1583/396 529/1584/396
f 531/1585/397 530/1586/397 532/1587/397 533/1588/397
f 536/1589/398 534/1590/398 535/1591/398 537/1592/398
f 534/1593/399 530/1594/399 531/1595/399 535/1596/399
f 533/1597/400 532/1598/400 536/1599/400 537/1600/400
f 532/1601/401 530/1602/401 534/1603/401 536/1604/401
f 535/1605/402 531/1606/402 533/1607/402 537/1608/402
f 539/1609/403 538/1610/403 540/1611/403 541/1612/403
f 544/1613/404 542/1614/404 543/1615/404 545/1616/404
f 542/1617/405 538/1618/405 539/1619/405 543/1620/405
f 541/1621/406 540/1622/406 544/1623/406 545/1624/406
f 540/1625/407 538/1626/407 542/1627/407 544/1628/407
f 543/1629/408 539/1630/408 541/1631/408 545/1632/408
f 547/1633/409 546/1634/409 548/1635/409 549/1636/409
f 552/1637/410 550/1638/410 551/1639/410 553/1640/410
f 550/1641/411 546/1642/411 547/1643/411 551/1644/411
f 549/1645/412 548/1646/412 552/1647/412 553/1648/412
f 548/1649/413 546/1650/413 550/1651/413 552/1652/413
f 551/1653/414 547/1654/414 549/1655/414 553/1656/414
f 555/1657/415 554/1658/415 556/1659/415 557/1660/415
f 560/1661/416 558/1662/416 559/1663/416 561/1664/416
f 558/1665/417 554/1666/417 555/1667/417 559/1668/417
f 557/1669/418 556/1670/418 560/1671/418 561/1672/418
f 556/1673/419 554/1674/419 558/1675/419 560/1676/419
f 559/1677/420 555/1678/420 557/1679/420 561/1680/420
f 563/1681/421 562/1682/421 564/1683/421 565/1684/421
f 568/1685/422 566/1686/422 567/1687/422 569/1688/422
f 566/1689/423 562/1690/423 563/1691/423 567/1692/423
f 565/1693/424 564/1694/424 568/1695/424 569/1696/424
f 564/1697/425 562/1698/425 566/1699/425 568/1700/425
f 567/1701/426 563/1702/426 565/1703/426 569/1704/426
f 571/1705/427 570/1706/427 572/1707/427 573/1708/427
f 576/1709/428 574/1710/428 575/1711/428 577/1712/428
f 574/1713/429 570/1714/429 571/1715/429 575/1716/429
f 573/1717/430 572/1718/430 576/1719/430 577/1720/430
f 572/1721/431 570/1722/431 574/1723/431 576/1724/431
f 575/1725/432 571/1726/432 573/1727/432 577/1728/432
f 579/1729/433 578/1730/433 580/1731/433 581/1732/433
f 584/1733/434 582/1734/434 583/1735/434 585/1736/434
f 582/1737/435 578/1738/435 579/1739/435 583/1740/435
f 581/1741/436 580/1742/436 584/1743/436 585/1744/436
f 580/1745/437 578/1746/437 582/1747/437 584/1748/437
f 583/1749/438 579/1750/438 581/1751/438 585/1752/438
f 587/1753/439 586/1754/439 588/1755/439 589/1756/439
f 592/1757/440 590/1758/440 591/1759/440 593/1760/440
f 590/1761/441 586/1762/441 587/1763/441 591/1764/441
f 589/1765/442 588/1766/442 592/1767/442 593/1768/442
f 588/1769/443 586/1770/443 590/1771/443 592/1772/443
f 591/1773/444 587/1774/444 589/1775/444 593/1776/444
f 595/1777/445 594/1778/445 596/1779/445 597/1780/445
f 600/1781/446 598/1782/446 599/1783/446 601/1784/446
f 598/1785/447 594/1786/447 595/1787/447 599/1788/447
f 597/1789/448 596/1790/448 600/1791/448 601/1792/448
f 596/1793/449 594/1794/449 598/1795/449 600/1796/449
f 599/1797/450 595/1798/450 597/1799/450 601/1800/450
f 603/1801/451 602/1802/451 604/1803/451 605/1804/451
f 608/1805/452 606/1806/452 607/1807/452 609/1808/452
f 606/1809/453 602/1810/453 603/1811/453 607/1812/453
f 605/1813/454 604/1814/454 608/1815/454 609/1816/454
f 604/1817/455 602/1818/455 606/1819/455 608/1820/455
f 607/1821/456 603/1822/456 605/1823/456 609/1824/456
f 611/1825/457 610/1826/457 612/1827/457 613/1828/457
f 616/1829/458 614/1830/458 615/1831/458 617/1832/458
f 614/1833/459 610/1834/459 611/1835/459 615/1836/459
f 613/1837/460 612/1838/460 616/1839/460 617/1840/460
f 612/1841/461 610/1842/461 614/1843/461 616/1844/461
f 615/1845/462 611/1846/462 613/1847/462 617/1848/462
f 619/1849/463 618/1850/463 620/1851/463 621/1852/463
f 624/1853/464 622/1854/464 623/1855/464 625/1856/464
f 622/1857/465 618/1858/465 619/1859/465 623/1860/465
f 621/1861/466 620/1862/466 624/1863/466 625/1864/466
f 620/1865/467 618/1866/467 622/1867/467 624/1868/467
f 623/1869/468 619/1870/468 621/1871/468 625/1872/468
f 627/1873/469 626/1874/469 628/1875/469 629/1876/469
f 632/1877/470 630/1878/470 631/1879/470 633/1880/470
f 630/1881/471 626/1882/471 627/1883/471 631/1884/471
f 629/1885/472 628/1886/472 632/1887/472 633/1888/472
f 628/1889/473 626/1890/473 630/1891/473 632/1892/473
f 631/1893/474 627/1894/474 629/1895/474 633/1896/474
f 635/1897/475 634/1898/475 636/1899/475 637/1900/475
f 640/1901/476 638/1902/476 639/1903/476 641/1904/476
f 638/1905/477 634/1906/477 635/1907/477 639/1908/477
f 637/1909/478 636/1910/478 640/1911/478 641/1912/478
f 636/1913/479 634/1914/479 638/1915/479 640/1916/479
f 639/1917/480 635/1918/480 637/1919/480 641/1920/480
f 643/1921/481 642/1922/481 644/1923/481 645/1924/481
f 648/1925/482 646/1926/482 647/1927/482 649/1928/482
f 646/1929/483 642/1930/483 643/1931/483 647/1932/483
f 645/1933/484 644/1934/484 648/1935/484 649/1936/484
f 644/1937/485 642/1938/485 646/1939/485 648/1940/485
f 647/1941/486 643/1942/486 645/1943/486 649/1944/486
f 651/1945/487 650/1946/487 652/1947/487 653/1948/487
f 656/1949/488 654/1950/488 655/1951/488 657/1952/488
f 654/1953/489 650/1954/489 651/1955/489 655/1956/489
f 653/1957/490 652/1958/490 656/1959/490 657/1960/490
f 652/1961/491 650/1962/491 654/1963/491 656/1964/491
f 655/1965/492 651/1966/492 653/1967/492 657/1968/492
f 659/1969/493 658/1970/493 660/1971/493 661/1972/493
f 664/1973/494 662/1974/494 663/1975/494 665/1976/494
f 662/1977/495 658/1978/495 659/1979/495 663/1980/495
f 661/1981/496 660/1982/496 664/1983/496 665/1984/496
f 660/1985/497 658/1986/497 662/1987/497 664/1988/497
f 663/1989/498 659/1990/498 661/1991/498 665/1992/498
f 667/1993/499 666/1994/499 668/1995/499 669/1996/499
f 672/1997/500 670/1998/500 671/1999/500 673/2000/500
f 670/2001/501 666/2002/501 667/2003/501 671/2004/501
f 669/2005/502 668/2006/502 672/2007/502 673/2008/502
f 668/2009/503 666/2010/503 670/2011/503 672/2012/503
f 671/2013/504 667/2014/504 669/2015/504 673/2016/504
f 675/2017/505 674/2018/505 676/2019/505 677/2020/505
f 680/2021/506 678/2022/506 679/2023/506 681/2024/506
f 678/2025/507 674/2026/507 675/2027/507 679/2028/507
f 677/2029/508 676/2030/508 680/2031/508 681/2032/508
f 676/2033/509 674/2034/509 678/2035/509 680/2036/509
f 679/2037/510 675/2038/510 677/2039/510 681/2040/510
f 683/2041/511 682/2042/511 684/2043/511 685/2044/511
f 688/2045/512 686/2046/512 687/2047/512 689/2048/512
f 686/2049/513 682/2050/513 683/2051/513 687/2052/513
f 685/2053/514 684/2054/514 688/2055/514 689/2056/514
f 684/2057/515 682/2058/515 686/2059/515 688/2060/515
f 687/2061/516 683/2062/516 685/2063/516 689/2064/516
f 691/2065/517 690/2066/517 692/2067/517 693/2068/517
f 696/2069/518 694/2070/518 695/2071/518 697/2072/518
f 694/2073/519 690/2074/519 691/2075/519 695/2076/519
f 693/2077/520 692/2078/520 696/2079/520 697/2080/520
f 692/2081/521 690/2082/521 694/2083/521 696/2084/521
f 695/2085/522 691/2086/522 693/2087/522 697/2088/522
f 700/2089/523 698/2090/523 699/2091/523 701/2092/523
f 703/2093/524 702/2094/524 704/2095/524 705/2096/524
f 699/2097/525 698/2098/525 702/2099/525 703/2100/525
f 704/2101/526 700/2102/526 701/2103/526 705/2104/526
f 702/2105/527 698/2106/527 700/2107/527 704/2108/527
f 701/2109/528 699/2110/528 703/2111/528 705/2112/528
f 707/2113/529 706/2114/529 708/2115/529 709/2116/529
f 712/2117/530 710/2118/530 711/2119/530 713/2120/530
f 710/2121/531 706/2122/531 707/2123/531 711/2124/531
f 709/2125/532 708/2126/532 712/2127/532 713/2128/532
f 708/2129/533 706/2130/533 710/2131/533 712/2132/533
f 711/2133/534 707/2134/534 709/2135/534 713/2136/534
f 715/2137/535 714/2138/535 716/2139/535 717/2140/535
f 720/2141/536 718/2142/536 719/2143/536 721/2144/536
f 718/2145/537 714/2146/537 715/2147/537 719/2148/537
f 717/2149/538 716/2150/538 720/2151/538 721/2152/538
f 716/2153/539 714/2154/539 718/2155/539 720/2156/539
f 719/2157/540 715/2158/540 717/2159/540 721/2160/540
f 723/2161/541 722/2162/541 724/2163/541 725/2164/541
f 728/2165/542 726/2166/542 727/2167/542 729/2168/542
f 726/2169/543 722/2170/543 723/2171/543 727/2172/543
f 725/2173/544 724/2174/544 728/2175/544 729/2176/544
f 724/2177/545 722/2178/545 726/2179/545 728/2180/545
f 727/2181/546 723/2182/546 725/2183/546 729/2184/546
f 731/2185/547 730/2186/547 732/2187/547 733/2188/547
f 736/2189/548 734/2190/548 735/2191/548 737/2192/548
f 734/2193/549 730/2194/549 731/2195/549 735/2196/549
f 733/2197/550 732/2198/550 736/2199/550 737/2200/550
f 732/2201/551 730/2202/551 734/2203/551 736/2204/551
f 735/2205/552 731/2206/552 733/2207/552 737/2208/552
f 739/2209/553 738/2210/553 740/2211/553 741/2212/553
f 744/2213/554 742/2214/554 743/2215/554 745/2216/554
f 742/2217/555 738/2218/555 739/2219/555 743/2220/555
f 741/2221/556 740/2222/556 744/2223/556 745/2224/556
f 740/2225/557 738/2226/557 742/2227/557 744/2228/557
f 743/2229/558 739/2230/558 741/2231/558 745/2232/558
f 747/2233/559 746/2234/559 748/2235/559 749/2236/559
f 752/2237/560 750/2238/560 751/2239/560 753/2240/560
f 750/2241/561 746/2242/561 747/2243/561 751/2244/561
f 749/2245/562 748/2246/562 752/2247/562 753/2248/562
f 748/2249/563 746/2250/563 750/2251/563 752/2252/563
f 751/2253/564 747/2254/564 749/2255/564 753/2256/564
f 755/2257/565 754/2258/565 756/2259/565 757/2260/565
f 760/2261/566 758/2262/566 759/2263/566 761/2264/566
f 758/2265/567 754/2266/567 755/2267/567 759/2268/567
f 757/2269/568 756/2270/568 760/2271/568 761/2272/568
f 756/2273/569 754/2274/569 758/2275/569 760/2276/569
f 759/2277/570 755/2278/570 757/2279/570 761/2280/570
f 763/2281/571 762/2282/571 764/2283/571 765/2284/571
f 768/2285/572 766/2286/572 767/2287/572 769/2288/572
f 766/2289/573 762/2290/573 763/2291/573 767/2292/573
f 765/2293/574 764/2294/574 768/2295/574 769/2296/574
f 764/2297/575 762/2298/575 766/2299/575 768/2300/575
f 767/2301/576 763/2302/576 765/2303/576 769/2304/576
f 771/2305/577 770/2306/577 772/2307/577 773/2308/577
f 776/2309/578 774/2310/578 775/2311/578 777/2312/578
f 774/2313/579 770/2314/579 771/2315/579 775/2316/579
f 773/2317/580 772/2318/580 776/2319/580 777/2320/580
f 772/2321/581 770/2322/581 774/2323/581 776/2324/581
f 775/2325/582 771/2326/582 773/2327/582 777/2328/582
f 779/2329/583 778/2330/583 780/2331/583 781/2332/583
f 784/2333/584 782/2334/584 783/2335/584 785/2336/584
f 782/2337/585 778/2338/585 779/2339/585 783/2340/585
f 781/2341/586 780/2342/586 784/2343/586 785/2344/586
f 780/2345/587 778/2346/587 782/2347/587 784/2348/587
f 783/2349/588 779/2350/588 781/2351/588 785/2352/588
f 787/2353/589 786/2354/589 788/2355/589 789/2356/589
f 792/2357/590 790/2358/590 791/2359/590 793/2360/590
f 790/2361/591 786/2362/591 787/2363/591 791/2364/591
f 789/2365/592 788/2366/592 792/2367/592 793/2368/592
f 788/2369/593 786/2370/593 790/2371/593 792/2372/593
f 791/2373/594 787/2374/594 789/2375/594 793/2376/594
f 795/2377/595 794/2378/595 796/2379/595 797/2380/595
f 800/2381/596 798/2382/596 799/2383/596 801/2384/596
f 798/2385/597 794/2386/597 795/2387/597 799/2388/597
f 797/2389/598 796/2390/598 800/2391/598 801/2392/598
f 796/2393/599 794/2394/599 798/2395/599 800/2396/599
f 799/2397/600 795/2398/600 797/2399/600 801/2400/600
f 803/2401/601 802/2402/601 804/2403/601 805/2404/601
f 808/2405/602 806/2406/602 807/2407/602 809/2408/602
f 806/2409/603 802/2410/603 803/2411/603 807/2412/603
f 805/2413/604 804/2414/604 808/2415/604 809/2416/604
f 804/2417/605 802/2418/605 806/2419/605 808/2420/605
f 807/2421/606 803/2422/606 805/2423/606 809/2424/606
f 811/2425/607 810/2426/607 812/2427/607 813/2428/607
f 816/2429/608 814/2430/608 815/2431/608 817/2432/608
f 814/2433/609 810/2434/609 811/2435/609 815/2436/609
f 813/2437/610 812/2438/610 816/2439/610 817/2440/610
f 812/2441/611 810/2442/611 814/2443/611 816/2444/611
f 815/2445/612 811/2446/612 813/2447/612 817/2448/612
f 819/2449/613 818/2450/613 820/2451/613 821/2452/613
f 824/2453/614 822/2454/614 823/2455/614 825/2456/614
f 822/2457/615 818/2458/615 819/2459/615 823/2460/615
f 821/2461/616 820/2462/616 824/2463/616 825/2464/616
f 820/2465/617 818/2466/617 822/2467/617 824/2468/617
f 823/2469/618 819/2470/618 821/2471/618 825/2472/618
f 827/2473/619 826/2474/619 828/2475/619 829/2476/619
f 832/2477/620 830/2478/620 831/2479/620 833/2480/620
f 830/2481/621 826/2482/621 827/2483/621 831/2484/621
f 829/2485/622 828/2486/622 832/2487/622 833/2488/622
f 828/2489/623 826/2490/623 830/2491/623 832/2492/623
f 831/2493/624 827/2494/624 829/2495/624 833/2496/624
f 835/2497/625 834/2498/625 836/2499/625 837/2500/625
f 840/2501/626 838/2502/626 839/2503/626 841/2504/626
f 838/2505/627 834/2506/627 835/2507/627 839/2508/627
f 837/2509/628 836/2510/628 840/2511/628 841/2512/628
f 836/2513/629 834/2514/629 838/2515/629 840/2516/629
f 839/2517/630 835/2518/630 837/2519/630 841/2520/630
f 843/2521/631 842/2522/631 844/2523/631 845/2524/631
f 848/2525/632 846/2526/632 847/2527/632 849/2528/632
f 846/2529/633 842/2530/633 843/2531/633 847/2532/633
f 845/2533/634 844/2534/634 848/2535/634 849/2536/634
f 844/2537/635 842/2538/635 846/2539/635 848/2540/635
f 847/2541/636 843/2542/636 845/2543/636 849/2544/636
f 851/2545/637 850/2546/637 852/2547/637 853/2548/637
f 856/2549/638 854/2550/638 855/2551/638 857/2552/638
f 854/2553/639 850/2554/639 851/2555/639 855/2556/639
f 853/2557/640 852/2558/640 856/2559/640 857/2560/640
f 852/2561/641 850/2562/641 854/2563/641 856/2564/641
f 855/2565/642 851/2566/642 853/2567/642 857/2568/642
f 859/2569/643 858/2570/643 860/2571/643 861/2572/643
f 864/2573/644 862/2574/644 863/2575/644 865/2576/644
f 862/2577/645 858/2578/645 859/2579/645 863/2580/645
f 861/2581/646 860/2582/646 864/2583/646 865/2584/646
f 860/2585/647 858/2586/647 862/2587/647 864/2588/647
f 863/2589/648 859/2590/648 861/2591/648 865/2592/648
f 867/2593/649 866/2594/649 868/2595/649 869/2596/649
f 872/2597/650 870/2598/650 871/2599/650 873/2600/650
f 870/2601/651 866/2602/651 867/2603/651 871/2604/651
f 869/2605/652 868/2606/652 872/2607/652 873/2608/652
f 868/2609/653 866/2610/653 870/2611/653 872/2612/653
f 871/2613/654 867/2614/654 869/2615/654 873/2616/654
f 875/2617/655 874/2618/655 876/2619/655 877/2620/655
f 880/2621/656 878/2622/656 879/2623/656 881/2624/656
f 878/2625/657 874/2626/657 875/2627/657 879/2628/657
f 877/2629/658 876/2630/658 880/2631/658 881/2632/658
f 876/2633/659 874/2634/659 878/2635/659 880/2636/659
f 879/2637/660 875/2638/660 877/2639/660 881/2640/660
f 883/2641/661 882/2642/661 884/2643/661 885/2644/661
f 888/2645/662 886/2646/662 887/2647/662 889/2648/662
f 886/2649/663 882/2650/663 883/2651/663 887/2652/663
f 885/2653/664 884/2654/664 888/2655/664 889/2656/664
f 884/2657/665 882/2658/665 886/2659/665 888/2660/665
f 887/2661/666 883/2662/666 885/2663/666 889/2664/666
f 891/2665/667 890/2666/667 892/2667/667 893/2668/667
f 896/2669/668 894/2670/668 895/2671/668 897/2672/668
f 894/2673/669 890/2674/669 891/2675/669 895/2676/669
f 893/2677/670 892/2678/670 896/2679/670 897/2680/670
f 892/2681/671 890/2682/671 894/2683/671 896/2684/671
f 895/2685/672 891/2686/672 893/2687/672 897/2688/672
f 899/2689/673 898/2690/673 900/2691/673 901/2692/673
f 904/2693/674 902/2694/674 903/2695/674 905/2696/674
f 902/2697/675 898/2698/675 899/2699/675 903/2700/675
f 901/2701/676 900/2702/676 904/2703/676 905/2704/676
f 900/2705/677 898/2706/677 902/2707/677 904/2708/677
f 903/2709/678 899/2710/678 901/2711/678 905/2712/678
f 906/2713/679 2/2714/679 907/2715/679 908/2716/679
f 911/2717/680 909/2718/680 910/2719/680 912/2720/680
f 909/2721/681 2/2722/681 906/2723/681 910/2724/681
f 908/2725/682 907/2726/682 911/2727/682 912/2728/682
f 907/2729/683 2/2730/683 909/2731/683 911/2732/683
f 910/2733/684 906/2734/684 908/2735/684 912/2736/684
f 914/2737/685 913/2738/685 915/2739/685 916/2740/685
f 919/2741/686 917/2742/686 918/2743/686 920/2744/686
f 917/2745/687 913/2746/687 914/2747/687 918/2748/687
f 916/2749/688 915/2750/688 919/2751/688 920/2752/688
f 915/2753/689 913/2754/689 917/2755/689 919/2756/689
f 918/2757/690 914/2758/690 916/2759/690 920/2760/690
f 922/2761/691 921/2762/691 923/2763/691 924/2764/691
f 927/2765/692 925/2766/692 926/2767/692 928/2768/692
f 925/2769/693 921/2770/693 922/2771/693 926/2772/693
f 924/2773/694 923/2774/694 927/2775/694 928/2776/694
f 923/2777/695 921/2778/695 925/2779/695 927/2780/695
f 926/2781/696 922/2782/696 924/2783/696 928/2784/696
f 930/2785/697 929/2786/697 931/2787/697 932/2788/697
f 935/2789/698 933/2790/698 934/2791/698 936/2792/698
f 933/2793/699 929/2794/699 930/2795/699 934/2796/699
f 932/2797/700 931/2798/700 935/2799/700 936/2800/700
f 931/2801/701 929/2802/701 933/2803/701 935/2804/701
f 934/2805/702 930/2806/702 932/2807/702 936/2808/702
f 938/2809/703 937/2810/703 939/2811/703 940/2812/703
f 943/2813/704 941/2814/704 942/2815/704 944/2816/704
f 941/2817/705 937/2818/705 938/2819/705 942/2820/705
f 940/2821/706 939/2822/706 943/2823/706 944/2824/706
f 939/2825/707 937/2826/707 941/2827/707 943/2828/707
f 942/2829/708 938/2830/708 940/2831/708 944/2832/708
f 946/2833/709 945/2834/709 947/2835/709 948/2836/709
f 951/2837/710 949/2838/710 950/2839/710 952/2840/710
f 949/2841/711 945/2842/711 946/2843/711 950/2844/711
f 948/2845/712 947/2846/712 951/2847/712 952/2848/712
f 947/2849/713 945/2850/713 949/2851/713 951/2852/713
f 950/2853/714 946/2854/714 948/2855/714 952/2856/714
f 954/2857/715 953/2858/715 955/2859/715 956/2860/715
f 959/2861/716 957/2862/716 958/2863/716 960/2864/716
f 957/2865/717 953/2866/717 954/2867/717 958/2868/717
f 956/2869/718 955/2870/718 959/2871/718 960/2872/718
f 955/2873/719 953/2874/719 957/2875/719 959/2876/719
f 958/2877/720 954/2878/720 956/2879/720 960/2880/720
f 962/2881/721 961/2882/721 963/2883/721 964/2884/721
f 967/2885/722 965/2886/722 966/2887/722 968/2888/722
f 965/2889/723 961/2890/723 962/2891/723 966/2892/723
f 964/2893/724 963/2894/724 967/2895/724 968/2896/724
f 963/2897/725 961/2898/725 965/2899/725 967/2900/725
f 966/2901/726 962/2902/726 964/2903/726 968/2904/726
f 970/2905/727 969/2906/727 971/2907/727 972/2908/727
f 975/2909/728 973/2910/728 974/2911/728 976/2912/728
f 973/2913/729 969/2914/729 970/2915/729 974/2916/729
f 972/2917/730 971/2918/730 975/2919/730 976/2920/730
f 971/2921/731 969/2922/731 973/2923/731 975/2924/731
f 974/2925/732 970/2926/732 972/2927/732 976/2928/732
f 978/2929/733 977/2930/733 979/2931/733 980/2932/733
f 983/2933/734 981/2934/734 982/2935/734 984/2936/734
f 981/2937/735 977/2938/735 978/2939/735 982/2940/735
f 980/2941/736 979/2942/736 983/2943/736 984/2944/736
f 979/2945/737 977/2946/737 981/2947/737 983/2948/737
f 982/2949/738 978/2950/738 980/2951/738 984/2952/738
f 986/2953/739 985/2954/739 987/2955/739 988/2956/739
f 991/2957/740 989/2958/740 990/2959/740 992/2960/740
f 989/2961/741 985/2962/741 986/2963/741 990/2964/741
f 988/2965/742 987/2966/742 991/2967/742 992/2968/742
f 987/2969/743 985/2970/743 989/2971/743 991/2972/743
f 990/2973/744 986/2974/744 988/2975/744 992/2976/744
f 994/2977/745 993/2978/745 995/2979/745 996/2980/745
f 999/2981/746 997/2982/746 998/2983/746 1000/2984/746
f 997/2985/747 993/2986/747 994/2987/747 998/2988/747
f 996/2989/748 995/2990/748 999/2991/748 1000/2992/748
f 995/2993/749 993/2994/749 997/2995/749 999/2996/749
f 998/2997/750 994/2998/750 996/2999/750 1000/3000/750
f 1002/3001/751 1001/3002/751 1003/3003/751 1004/3004/751
f 1007/3005/752 1005/3006/752 1006/3007/752 1008/3008/752
f 1005/3009/753 1001/3010/753 1002/3011/753 1006/3012/753
f 1004/3013/754 1003/3014/754 1007/3015/754 1008/3016/754
f 1003/3017/755 1001/3018/755 1005/3019/755 1007/3020/755
f 1006/3021/756 1002/3022/756 1004/3023/756 1008/3024/756
f 1010/3025/757 1009/3026/757 1011/3027/757 1012/3028/757
f 1015/3029/758 1013/3030/758 1014/3031/758 1016/3032/758
f 1013/3033/759 1009/3034/759 1010/3035/759 1014/3036/759
f 1012/3037/760 1011/3038/760 1015/3039/760 1016/3040/760
f 1011/3041/761 1009/3042/761 1013/3043/761 1015/3044/761
f 1014/3045/762 1010/3046/762 1012/3047/762 1016/3048/762
f 1018/3049/763 1017/3050/763 1019/3051/763 1020/3052/763
f 1023/3053/764 1021/3054/764 1022/3055/764 1024/3056/764
f 1021/3057/765 1017/3058/765 1018/3059/765 1022/3060/765
f 1020/3061/766 1019/3062/766 1023/3063/766 1024/3064/766
f 1019/3065/767 1017/3066/767 1021/3067/767 1023/3068/767
f 1022/3069/768 1018/3070/768 1020/3071/768 1024/3072/768
f 1026/3073/769 1025/3074/769 1027/3075/769 1028/3076/769
f 1031/3077/770 1029/3078/770 1030/3079/770 1032/3080/770
f 1029/3081/771 1025/3082/771 1026/3083/771 1030/3084/771
f 1028/3085/772 1027/3086/772 1031/3087/772 1032/3088/772
f 1027/3089/773 1025/3090/773 1029/3091/773 1031/3092/773
f 1030/3093/774 1026/3094/774 1028/3095/774 1032/3096/774
f 1034/3097/775 1033/3098/775 1035/3099/775 1036/3100/775
f 1039/3101/776 1037/3102/776 1038/3103/776 1040/3104/776
f 1037/3105/777 1033/3106/777 1034/3107/777 1038/3108/777
f 1036/3109/778 1035/3110/778 1039/3111/778 1040/3112/778
f 1035/3113/779 1033/3114/779 1037/3115/779 1039/3116/779
f 1038/3117/780 1034/3118/780 1036/3119/780 1040/3120/780
f 1042/3121/781 1041/3122/781 1043/3123/781 1044/3124/781
f 1047/3125/782 1045/3126/782 1046/3127/782 1048/3128/782
f 1045/3129/783 1041/3130/783 1042/3131/783 1046/3132/783
f 1044/3133/784 1043/3134/784 1047/3135/784 1048/3136/784
f 1043/3137/785 1041/3138/785 1045/3139/785 1047/3140/785
f 1046/3141/786 1042/3142/786 1044/3143/786 1048/3144/786
f 1050/3145/787 1049/3146/787 1051/3147/787 1052/3148/787
f 1055/3149/788 1053/3150/788 1054/3151/788 1056/3152/788
f 1053/3153/789 1049/3154/789 1050/3155/789 1054/3156/789
f 1052/3157/790 1051/3158/790 1055/3159/790 1056/3160/790
f 1051/3161/791 1049/3162/791 1053/3163/791 1055/3164/791
f 1054/3165/792 1050/3166/792 1052/3167/792 1056/3168/792
f 1058/3169/793 1057/3170/793 1059/3171/793 1060/3172/793
f 1063/3173/794 1061/3174/794 1062/3175/794 1064/3176/794
f 1061/3177/795 1057/3178/795 1058/3179/795 1062/3180/795
f 1060/3181/796 1059/3182/796 1063/3183/796 1064/3184/796
f 1059/3185/797 1057/3186/797 1061/3187/797 1063/3188/797
f 1062/3189/798 1058/3190/798 1060/3191/798 1064/3192/798
f 1066/3193/799 1065/3194/799 1067/3195/799 1068/3196/799
f 1071/3197/800 1069/3198/800 1070/3199/800 1072/3200/800
f 1069/3201/801 1065/3202/801 1066/3203/801 1070/3204/801
f 1068/3205/802 1067/3206/802 1071/3207/802 1072/3208/802
f 1067/3209/803 1065/3210/803 1069/3211/803 1071/3212/803
f 1070/3213/804 1066/3214/804 1068/3215/804 1072/3216/804
f 1074/3217/805 1073/3218/805 1075/3219/805 1076/3220/805
f 1079/3221/806 1077/3222/806 1078/3223/806 1080/3224/806
f 1077/3225/807 1073/3226/807 1074/3227/807 1078/3228/807
f 1076/3229/808 1075/3230/808 1079/3231/808 1080/3232/808
f 1075/3233/809 1073/3234/809 1077/3235/809 1079/3236/809
f 1078/3237/810 1074/3238/810 1076/3239/810 1080/3240/810
f 1082/3241/811 1081/3242/811 1083/3243/811 1084/3244/811
f 1087/3245/812 1085/3246/812 1086/3247/812 1088/3248/812
f 1085/3249/813 1081/3250/813 1082/3251/813 1086/3252/813
f 1084/3253/814 1083/3254/814 1087/3255/814 1088/3256/814
f 1083/3257/815 1081/3258/815 1085/3259/815 1087/3260/815
f 1086/3261/816 1082/3262/816 1084/3263/816 1088/3264/816
f 1090/3265/817 1089/3266/817 1091/3267/817 1092/3268/817
f 1095/3269/818 1093/3270/818 1094/3271/818 1096/3272/818
f 1093/3273/819 1089/3274/819 1090/3275/819 1094/3276/819
f 1092/3277/820 1091/3278/820 1095/3279/820 1096/3280/820
f 1091/3281/821 1089/3282/821 1093/3283/821 1095/3284/821
f 1094/3285/822 1090/3286/822 1092/3287/822 1096/3288/822
f 1098/3289/823 1097/3290/823 1099/3291/823 1100/3292/823
f 1103/3293/824 1101/3294/824 1102/3295/824 1104/3296/824
f 1101/3297/825 1097/3298/825 1098/3299/825 1102/3300/825
f 1100/3301/826 1099/3302/826 1103/3303/826 1104/3304/826
f 1099/3305/827 1097/3306/827 1101/3307/827 1103/3308/827
f 1102/3309/828 1098/3310/828 1100/3311/828 1104/3312/828
f 1106/3313/829 1105/3314/829 1107/3315/829 1108/3316/829
f 1111/3317/830 1109/3318/830 1110/3319/830 1112/3320/830
f 1109/3321/831 1105/3322/831 1106/3323/831 1110/3324/831
f 1108/3325/832 1107/3326/832 1111/3327/832 1112/3328/832
f 1107/3329/833 1105/3330/833 1109/3331/833 1111/3332/833
f 1110/3333/834 1106/3334/834 1108/3335/834 1112/3336/834
f 1114/3337/835 1113/3338/835 1115/3339/835 1116/3340/835
f 1119/3341/836 1117/3342/836 1118/3343/836 1120/3344/836
f 1117/3345/837 1113/3346/837 1114/3347/837 1118/3348/837
f 1116/3349/838 1115/3350/838 1119/3351/838 1120/3352/838
f 1115/3353/839 1113/3354/839 1117/3355/839 1119/3356/839
f 1118/3357/840 1114/3358/840 1116/3359/840 1120/3360/840
f 1122/3361/841 1121/3362/841 1123/3363/841 1124/3364/841
f 1127/3365/842 1125/3366/842 1126/3367/842 1128/3368/842
f 1125/3369/843 1121/3370/843 1122/3371/843 1126/3372/843
f 1124/3373/844 1123/3374/844 1127/3375/844 1128/3376/844
f 1123/3377/845 1121/3378/845 1125/3379/845 1127/3380/845
f 1126/3381/846 1122/3382/846 1124/3383/846 1128/3384/846
f 1130/3385/847 1129/3386/847 1131/3387/847 1132/3388/847
f 1135/3389/848 1133/3390/848 1134/3391/848 1136/3392/848
f 1133/3393/849 1129/3394/849 1130/3395/849 1134/3396/849
f 1132/3397/850 1131/3398/850 1135/3399/850 1136/3400/850
f 1131/3401/851 1129/3402/851 1133/3403/851 1135/3404/851
f 1134/3405/852 1130/3406/852 1132/3407/852 1136/3408/852
f 1138/3409/853 1137/3410/853 1139/3411/853 1140/3412/853
f 1143/3413/854 1141/3414/854 1142/3415/854 1144/3416/854
f 1141/3417/855 1137/3418/855 1138/3419/855 1142/3420/855
f 1140/3421/856 1139/3422/856 1143/3423/856 1144/3424/856
f 1139/3425/857 1137/3426/857 1141/3427/857 1143/3428/857
f 1142/3429/858 1138/3430/858 1140/3431/858 1144/3432/858
f 1146/3433/859 1145/3434/859 1147/3435/859 1148/3436/859
f 1151/3437/860 1149/3438/860 1150/3439/860 1152/3440/860
f 1149/3441/861 1145/3442/861 1146/3443/861 1150/3444/861
f 1148/3445/862 1147/3446/862 1151/3447/862 1152/3448/862
f 1147/3449/863 1145/3450/863 1149/3451/863 1151/3452/863
f 1150/3453/864 1146/3454/864 1148/3455/864 1152/3456/864
f 1154/3457/865 1153/3458/865 1155/3459/865 1156/3460/865
f 1159/3461/866 1157/3462/866 1158/3463/866 1160/3464/866
f 1157/3465/867 1153/3466/867 1154/3467/867 1158/3468/867
f 1156/3469/868 1155/3470/868 1159/3471/868 1160/3472/868
f 1155/3473/869 1153/3474/869 1157/3475/869 1159/3476/869
f 1158/3477/870 1154/3478/870 1156/3479/870 1160/3480/870
f 1162/3481/871 1161/3482/871 1163/3483/871 1164/3484/871
f 1167/3485/872 1165/3486/872 1166/3487/872 1168/3488/872
f 1165/3489/873 1161/3490/873 1162/3491/873 1166/3492/873
f 1164/3493/874 1163/3494/874 1167/3495/874 1168/3496/874
f 1163/3497/875 1161/3498/875 1165/3499/875 1167/3500/875
f 1166/3501/876 1162/3502/876 1164/3503/876 1168/3504/876
f 1170/3505/877 1169/3506/877 1171/3507/877 1172/3508/877
f 1175/3509/878 1173/3510/878 1174/3511/878 1176/3512/878
f 1173/3513/879 1169/3514/879 1170/3515/879 1174/3516/879
f 1172/3517/880 1171/3518/880 1175/3519/880 1176/3520/880
f 1171/3521/881 1169/3522/881 1173/3523/881 1175/3524/881
f 1174/3525/882 1170/3526/882 1172/3527/882 1176/3528/882
f 1178/3529/883 1177/3530/883 1179/3531/883 1180/3532/883
f 1183/3533/884 1181/3534/884 1182/3535/884 1184/3536/884
f 1181/3537/885 1177/3538/885 1178/3539/885 1182/3540/885
f 1180/3541/886 1179/3542/886 1183/3543/886 1184/3544/886
f 1179/3545/887 1177/3546/887 1181/3547/887 1183/3548/887
f 1182/3549/888 1178/3550/888 1180/3551/888 1184/3552/888
f 1186/3553/889 1185/3554/889 1187/3555/889 1188/3556/889
f 1191/3557/890 1189/3558/890 1190/3559/890 1192/3560/890
f 1189/3561/891 1185/3562/891 1186/3563/891 1190/3564/891
f 1188/3565/892 1187/3566/892 1191/3567/892 1192/3568/892
f 1187/3569/893 1185/3570/893 1189/3571/893 1191/3572/893
f 1190/3573/894 1186/3574/894 1188/3575/894 1192/3576/894
f 1194/3577/895 1193/3578/895 1195/3579/895 1196/3580/895
f 1199/3581/896 1197/3582/896 1198/3583/896 1200/3584/896
f 1197/3585/897 1193/3586/897 1194/3587/897 1198/3588/897
f 1196/3589/898 1195/3590/898 1199/3591/898 1200/3592/898
f 1195/3593/899 1193/3594/899 1197/3595/899 1199/3596/899
f 1198/3597/900 1194/3598/900 1196/3599/900 1200/3600/900
f 1202/3601/901 1201/3602/901 1203/3603/901 1204/3604/901
f 1207/3605/902 1205/3606/902 1206/3607/902 1208/3608/902
f 1205/3609/903 1201/3610/903 1202/3611/903 1206/3612/903
f 1204/3613/904 1203/3614/904 1207/3615/904 1208/3616/904
f 1203/3617/905 1201/3618/905 1205/3619/905 1207/3620/905
f 1206/3621/906 1202/3622/906 1204/3623/906 1208/3624/906
f 1210/3625/907 1209/3626/907 1211/3627/907 1212/3628/907
f 1215/3629/908 1213/3630/908 1214/3631/908 1216/3632/908
f 1213/3633/909 1209/3634/909 1210/3635/909 1214/3636/909
f 1212/3637/910 1211/3638/910 1215/3639/910 1216/3640/910
f 1211/3641/911 1209/3642/911 1213/3643/911 1215/3644/911
f 1214/3645/912 1210/3646/912 1212/3647/912 1216/3648/912
f 1218/3649/913 1217/3650/913 1219/3651/913 1220/3652/913
f 1223/3653/914 1221/3654/914 1222/3655/914 1224/3656/914
f 1221/3657/915 1217/3658/915 1218/3659/915 1222/3660/915
f 1220/3661/916 1219/3662/916 1223/3663/916 1224/3664/916
f 1219/3665/917 1217/3666/917 1221/3667/917 1223/3668/917
f 1222/3669/918 1218/3670/918 1220/3671/918 1224/3672/918
f 1226/3673/919 1225/3674/919 1227/3675/919 1228/3676/919
f 1231/3677/920 1229/3678/920 1230/3679/920 1232/3680/920
f 1229/3681/921 1225/3682/921 1226/3683/921 1230/3684/921
f 1228/3685/922 1227/3686/922 1231/3687/922 1232/3688/922
f 1227/3689/923 1225/3690/923 1229/3691/923 1231/3692/923
f 1230/3693/924 1226/3694/924 1228/3695/924 1232/3696/924
f 1234/3697/925 1233/3698/925 1235/3699/925 1236/3700/925
f 1239/3701/926 1237/3702/926 1238/3703/926 1240/3704/926
f 1237/3705/927 1233/3706/927 1234/3707/927 1238/3708/927
f 1236/3709/928 1235/3710/928 1239/3711/928 1240/3712/928
f 1235/3713/929 1233/3714/929 1237/3715/929 1239/3716/929
f 1238/3717/930 1234/3718/930 1236/3719/930 1240/3720/930
f 1242/3721/931 1241/3722/931 1243/3723/931 1244/3724/931
f 1247/3725/932 1245/3726/932 1246/3727/932 1248/3728/932
f 1245/3729/933 1241/3730/933 1242/3731/933 1246/3732/933
f 1244/3733/934 1243/3734/934 1247/3735/934 1248/3736/934
f 1243/3737/935 1241/3738/935 1245/3739/935 1247/3740/935
f 1246/3741/936 1242/3742/936 1244/3743/936 1248/3744/936
f 1250/3745/937 1249/3746/937 1251/3747/937 1252/3748/937
f 1255/3749/938 1253/3750/938 1254/3751/938 1256/3752/938
f 1253/3753/939 1249/3754/939 1250/3755/939 1254/3756/939
f 1252/3757/940 1251/3758/940 1255/3759/940 1256/3760/940
f 1251/3761/941 1249/3762/941 1253/3763/941 1255/3764/941
f 1254/3765/942 1250/3766/942 1252/3767/942 1256/3768/942
f 1258/3769/943 1257/3770/943 1259/3771/943 1260/3772/943
f 1263/3773/944 1261/3774/944 1262/3775/944 1264/3776/944
f 1261/3777/945 1257/3778/945 1258/3779/945 1262/3780/945
f 1260/3781/946 1259/3782/946 1263/3783/946 1264/3784/946
f 1259/3785/947 1257/3786/947 1261/3787/947 1263/3788/947
f 1262/3789/948 1258/3790/948 1260/3791/948 1264/3792/948
f 1266/3793/949 1265/3794/949 1267/3795/949 1268/3796/949
f 1271/3797/950 1269/3798/950 1270/3799/950 1272/3800/950
f 1269/3801/951 1265/3802/951 1266/3803/951 1270/3804/951
f 1268/3805/952 1267/3806/952 1271/3807/952 1272/3808/952
f 1267/3809/953 1265/3810/953 1269/3811/953 1271/3812/953
f 1270/3813/954 1266/3814/954 1268/3815/954 1272/3816/954
f 1274/3817/955 1273/3818/955 1275/3819/955 1276/3820/955
f 1279/3821/956 1277/3822/956 1278/3823/956 1280/3824/956
f 1277/3825/957 1273/3826/957 1274/3827/957 1278/3828/957
f 1276/3829/958 1275/3830/958 1279/3831/958 1280/3832/958
f 1275/3833/959 1273/3834/959 1277/3835/959 1279/3836/959
f 1278/3837/960 1274/3838/960 1276/3839/960 1280/3840/960
f 1282/3841/961 1281/3842/961 1283/3843/961 1284/3844/961
f 1287/3845/962 1285/3846/962 1286/3847/962 1288/3848/962
f 1285/3849/963 1281/3850/963 1282/3851/963 1286/3852/963
f 1284/3853/964 1283/3854/964 1287/3855/964 1288/3856/964
f 1283/3857/965 1281/3858/965 1285/3859/965 1287/3860/965
f 1286/3861/966 1282/3862/966 1284/3863/966 1288/3864/966
f 1290/3865/967 1289/3866/967 1291/3867/967 1292/3868/967
f 1295/3869/968 1293/3870/968 1294/3871/968 1296/3872/968
f 1293/3873/969 1289/3874/969 1290/3875/969 1294/3876/969
f 1292/3877/970 1291/3878/970 1295/3879/970 1296/3880/970
f 1291/3881/971 1289/3882/971 1293/3883/971 1295/3884/971
f 1294/3885/972 1290/3886/972 1292/3887/972 1296/3888/972
f 1298/3889/973 1297/3890/973 1299/3891/973 1300/3892/973
f 1303/3893/974 1301/3894/974 1302/3895/974 1304/3896/974
f 1301/3897/975 1297/3898/975 1298/3899/975 1302/3900/975
f 1300/3901/976 1299/3902/976 1303/3903/976 1304/3904/976
f 1299/3905/977 1297/3906/977 1301/3907/977 1303/3908/977
f 1302/3909/978 1298/3910/978 1300/3911/978 1304/3912/978
f 1306/3913/979 1305/3914/979 1307/3915/979 1308/3916/979
f 1311/3917/980 1309/3918/980 1310/3919/980 1312/3920/980
f 1309/3921/981 1305/3922/981 1306/3923/981 1310/3924/981
f 1308/3925/982 1307/3926/982 1311/3927/982 1312/3928/982
f 1307/3929/983 1305/3930/983 1309/3931/983 1311/3932/983
f 1310/3933/984 1306/3934/984 1308/3935/984 1312/3936/984
f 1314/3937/985 1313/3938/985 1315/3939/985 1316/3940/985
f 1319/3941/986 1317/3942/986 1318/3943/986 1320/3944/986
f 1317/3945/987 1313/3946/987 1314/3947/987 1318/3948/987
f 1316/3949/988 1315/3950/988 1319/3951/988 1320/3952/988
f 1315/3953/989 1313/3954/989 1317/3955/989 1319/3956/989
f 1318/3957/990 1314/3958/990 1316/3959/990 1320/3960/990
f 1322/3961/991 1321/3962/991 1323/3963/991 1324/3964/991
f 1327/3965/992 1325/3966/992 1326/3967/992 1328/3968/992
f 1325/3969/993 1321/3970/993 1322/3971/993 1326/3972/993
f 1324/3973/994 1323/3974/994 1327/3975/994 1328/3976/994
f 1323/3977/995 1321/3978/995 1325/3979/995 1327/3980/995
f 1326/3981/996 1322/3982/996 1324/3983/996 1328/3984/996
f 1330/3985/997 1329/3986/997 1331/3987/997 1332/3988/997
f 1335/3989/998 1333/3990/998 1334/3991/998 1336/3992/998
f 1333/3993/999 1329/3994/999 1330/3995/999 1334/3996/999
f 1332/3997/1000 1331/3998/1000 1335/3999/1000 1336/4000/1000
f 1331/4001/1001 1329/4002/1001 1333/4003/1001 1335/4004/1001
f 1334/4005/1002 1330/4006/1002 1332/4007/1002 1336/4008/1002
f 1338/4009/1003 1337/4010/1003 1339/4011/1003 1340/4012/1003
f 1343/4013/1004 1341/4014/1004 1342/4015/1004 1344/4016/1004
f 1341/4017/1005 1337/4018/1005 1338/4019/1005 1342/4020/1005
f 1340/4021/1006 1339/4022/1006 1343/4023/1006 1344/4024/1006
f 1339/4025/1007 1337/4026/1007 1341/4027/1007 1343/4028/1007
f 1342/4029/1008 1338/4030/1008 1340/4031/1008 1344/4032/1008
f 1346/4033/1009 1345/4034/1009 1347/4035/1009 1348/4036/1009
f 1351/4037/1010 1349/4038/1010 1350/4039/1010 1352/4040/1010
f 1349/4041/1011 1345/4042/1011 1346/4043/1011 1350/4044/1011
f 1348/4045/1012 1347/4046/1012 1351/4047/1012 1352/4048/1012
f 1347/4049/1013 1345/4050/1013 1349/4051/1013 1351/4052/1013
f 1350/4053/1014 1346/4054/1014 1348/4055/1014 1352/4056/1014
f 1354/4057/1015 1353/4058/1015 1355/4059/1015 1356/4060/1015
f 1359/4061/1016 1357/4062/1016 1358/4063/1016 1360/4064/1016
f 1357/4065/1017 1353/4066/1017 1354/4067/1017 1358/4068/1017
f 1356/4069/1018 1355/4070/1018 1359/4071/1018 1360/4072/1018
f 1355/4073/1019 1353/4074/1019 1357/4075/1019 1359/4076/1019
f 1358/4077/1020 1354/4078/1020 1356/4079/1020 1360/4080/1020
f 1362/4081/1021 1361/4082/1021 1363/4083/1021 1364/4084/1021
f 1367/4085/1022 1365/4086/1022 1366/4087/1022 1368/4088/1022
f 1365/4089/1023 1361/4090/1023 1362/4091/1023 1366/4092/1023
f 1364/4093/1024 1363/4094/1024 1367/4095/1024 1368/4096/1024
f 1363/4097/1025 1361/4098/1025 1365/4099/1025 1367/4100/1025
f 1366/4101/1026 1362/4102/1026 1364/4103/1026 1368/4104/1026
f 1370/4105/1027 1369/4106/1027 1371/4107/1027 1372/4108/1027
f 1375/4109/1028 1373/4110/1028 1374/4111/1028 1376/4112/1028
f 1373/4113/1029 1369/4114/1029 1370/4115/1029 1374/4116/1029
f 1372/4117/1030 1371/4118/1030 1375/4119/1030 1376/4120/1030
f 1371/4121/1031 1369/4122/1031 1373/4123/1031 1375/4124/1031
f 1374/4125/1032 1370/4126/1032 1372/4127/1032 1376/4128/1032
f 1378/4129/1033 1377/4130/1033 1379/4131/1033 1380/4132/1033
f 1383/4133/1034 1381/4134/1034 1382/4135/1034 1384/4136/1034
f 1381/4137/1035 1377/4138/1035 1378/4139/1035 1382/4140/1035
f 1380/4141/1036 1379/4142/1036 1383/4143/1036 1384/4144/1036
f 1379/4145/1037 1377/4146/1037 1381/4147/1037 1383/4148/1037
f 1382/4149/1038 1378/4150/1038 1380/4151/1038 1384/4152/1038
f 1386/4153/1039 1385/4154/1039 1387/4155/1039 1388/4156/1039
f 1391/4157/1040 1389/4158/1040 1390/4159/1040 1392/4160/1040
f 1389/4161/1041 1385/4162/1041 1386/4163/1041 1390/4164/1041
f 1388/4165/1042 1387/4166/1042 1391/4167/1042 1392/4168/1042
f 1387/4169/1043 1385/4170/1043 1389/4171/1043 1391/4172/1043
f 1390/4173/1044 1386/4174/1044 1388/4175/1044 1392/4176/1044
f 1395/4177/1045 1393/4178/1045 1394/4179/1045 1396/4180/1045
f 1398/4181/1046 1397/4182/1046 1399/4183/1046 1400/4184/1046
f 1394/4185/1047 1393/4186/1047 1397/4187/1047 1398/4188/1047
f 1399/4189/1048 1395/4190/1048 1396/4191/1048 1400/4192/1048
f 1397/4193/1049 1393/4194/1049 1395/4195/1049 1399/4196/1049
f 1396/4197/1050 1394/4198/1050 1398/4199/1050 1400/4200/1050
f 1402/4201/1051 1401/4202/1051 1403/4203/1051 1404/4204/1051
f 1407/4205/1052 1405/4206/1052 1406/4207/1052 1408/4208/1052
f 1405/4209/1053 1401/4210/1053 1402/4211/1053 1406/4212/1053
f 1404/4213/1054 1403/4214/1054 1407/4215/1054 1408/4216/1054
f 1403/4217/1055 1401/4218/1055 1405/4219/1055 1407/4220/1055
f 1406/4221/1056 1402/4222/1056 1404/4223/1056 1408/4224/1056
f 1410/4225/1057 1409/4226/1057 1411/4227/1057 1412/4228/1057
f 1415/4229/1058 1413/4230/1058 1414/4231/1058 1416/4232/1058
f 1413/4233/1059 1409/4234/1059 1410/4235/1059 1414/4236/1059
f 1412/4237/1060 1411/4238/1060 1415/4239/1060 1416/4240/1060
f 1411/4241/1061 1409/4242/1061 1413/4243/1061 1415/4244/1061
f 1414/4245/1062 1410/4246/1062 1412/4247/1062 1416/4248/1062
f 1418/4249/1063 1417/4250/1063 1419/4251/1063 1420/4252/1063
f 1423/4253/1064 1421/4254/1064 1422/4255/1064 1424/4256/1064
f 1421/4257/1065 1417/4258/1065 1418/4259/1065 1422/4260/1065
f 1420/4261/1066 1419/4262/1066 1423/4263/1066 1424/4264/1066
f 1419/4265/1067 1417/4266/1067 1421/4267/1067 1423/4268/1067
f 1422/4269/1068 1418/4270/1068 1420/4271/1068 1424/4272/1068
f 1426/4273/1069 1425/4274/1069 1427/4275/1069 1428/4276/1069
f 1431/4277/1070 1429/4278/1070 1430/4279/1070 1432/4280/1070
f 1429/4281/1071 1425/4282/1071 1426/4283/1071 1430/4284/1071
f 1428/4285/1072 1427/4286/1072 1431/4287/1072 1432/4288/1072
f 1427/4289/1073 1425/4290/1073 1429/4291/1073 1431/4292/1073
f 1430/4293/1074 1426/4294/1074 1428/4295/1074 1432/4296/1074
f 1434/4297/1075 1433/4298/1075 1435/4299/1075 1436/4300/1075
f 1439/4301/1076 1437/4302/1076 1438/4303/1076 1440/4304/1076
f 1437/4305/1077 1433/4306/1077 1434/4307/1077 1438/4308/1077
f 1436/4309/1078 1435/4310/1078 1439/4311/1078 1440/4312/1078
f 1435/4313/1079 1433/4314/1079 1437/4315/1079 1439/4316/1079
f 1438/4317/1080 1434/4318/1080 1436/4319/1080 1440/4320/1080
f 1442/4321/1081 1441/4322/1081 1443/4323/1081 1444/4324/1081
f 1447/4325/1082 1445/4326/1082 1446/4327/1082 1448/4328/1082
f 1445/4329/1083 1441/4330/1083 1442/4331/1083 1446/4332/1083
f 1444/4333/1084 1443/4334/1084 1447/4335/1084 1448/4336/1084
f 1443/4337/1085 1441/4338/1085 1445/4339/1085 1447/4340/1085
f 1446/4341/1086 1442/4342/1086 1444/4343/1086 1448/4344/1086
f 1450/4345/1087 1449/4346/1087 1451/4347/1087 1452/4348/1087
f 1455/4349/1088 1453/4350/1088 1454/4351/1088 1456/4352/1088
f 1453/4353/1089 1449/4354/1089 1450/4355/1089 1454/4356/1089
f 1452/4357/1090 1451/4358/1090 1455/4359/1090 1456/4360/1090
f 1451/4361/1091 1449/4362/1091 1453/4363/1091 1455/4364/1091
f 1454/4365/1092 1450/4366/1092 1452/4367/1092 1456/4368/1092
f 1458/4369/1093 1457/4370/1093 1459/4371/1093 1460/4372/1093
f 1463/4373/1094 1461/4374/1094 1462/4375/1094 1464/4376/1094
f 1461/4377/1095 1457/4378/1095 1458/4379/1095 1462/4380/1095
f 1460/4381/1096 1459/4382/1096 1463/4383/1096 1464/4384/1096
f 1459/4385/1097 1457/4386/1097 1461/4387/1097 1463/4388/1097
f 1462/4389/1098 1458/4390/1098 1460/4391/1098 1464/4392/1098
f 1466/4393/1099 1465/4394/1099 1467/4395/1099 1468/4396/1099
f 1471/4397/1100 1469/4398/1100 1470/4399/1100 1472/4400/1100
f 1469/4401/1101 1465/4402/1101 1466/4403/1101 1470/4404/1101
f 1468/4405/1102 1467/4406/1102 1471/4407/1102 1472/4408/1102
f 1467/4409/1103 1465/4410/1103 1469/4411/1103 1471/4412/1103
f 1470/4413/1104 1466/4414/1104 1468/4415/1104 1472/4416/1104
f 1474/4417/1105 1473/4418/1105 1475/4419/1105 1476/4420/1105
f 1479/4421/1106 1477/4422/1106 1478/4423/1106 1480/4424/1106
f 1477/4425/1107 1473/4426/1107 1474/4427/1107 1478/4428/1107
f 1476/4429/1108 1475/4430/1108 1479/4431/1108 1480/4432/1108
f 1475/4433/1109 1473/4434/1109 1477/4435/1109 1479/4436/1109
f 1478/4437/1110 1474/4438/1110 1476/4439/1110 1480/4440/1110
f 1482/4441/1111 1481/4442/1111 1483/4443/1111 1484/4444/1111
f 1487/4445/1112 1485/4446/1112 1486/4447/1112 1488/4448/1112
f 1485/4449/1113 1481/4450/1113 1482/4451/1113 1486/4452/1113
f 1484/4453/1114 1483/4454/1114 1487/4455/1114 1488/4456/1114
f 1483/4457/1115 1481/4458/1115 1485/4459/1115 1487/4460/1115
f 1486/4461/1116 1482/4462/1116 1484/4463/1116 1488/4464/1116
f 1490/4465/1117 1489/4466/1117 1491/4467/1117 1492/4468/1117
f 1495/4469/1118 1493/4470/1118 1494/4471/1118 1496/4472/1118
f 1493/4473/1119 1489/4474/1119 1490/4475/1119 1494/4476/1119
f 1492/4477/1120 1491/4478/1120 1495/4479/1120 1496/4480/1120
f 1491/4481/1121 1489/4482/1121 1493/4483/1121 1495/4484/1121
f 1494/4485/1122 1490/4486/1122 1492/4487/1122 1496/4488/1122
f 1498/4489/1123 1497/4490/1123 1499/4491/1123 1500/4492/1123
f 1503/4493/1124 1501/4494/1124 1502/4495/1124 1504/4496/1124
f 1501/4497/1125 1497/4498/1125 1498/4499/1125 1502/4500/1125
f 1500/4501/1126 1499/4502/1126 1503/4503/1126 1504/4504/1126
f 1499/4505/1127 1497/4506/1127 1501/4507/1127 1503/4508/1127
f 1502/4509/1128 1498/4510/1128 1500/4511/1128 1504/4512/1128
f 1506/4513/1129 1505/4514/1129 1507/4515/1129 1508/4516/1129
f 1511/4517/1130 1509/4518/1130 1510/4519/1130 1512/4520/1130
f 1509/4521/1131 1505/4522/1131 1506/4523/1131 1510/4524/1131
f 1508/4525/1132 1507/4526/1132 1511/4527/1132 1512/4528/1132
f 1507/4529/1133 1505/4530/1133 1509/4531/1133 1511/4532/1133
f 1510/4533/1134 1506/4534/1134 1508/4535/1134 1512/4536/1134
f 1514/4537/1135 1513/4538/1135 1515/4539/1135 1516/4540/1135
f 1519/4541/1136 1517/4542/1136 1518/4543/1136 1520/4544/1136
f 1517/4545/1137 1513/4546/1137 1514/4547/1137 1518/4548/1137
f 1516/4549/1138 1515/4550/1138 1519/4551/1138 1520/4552/1138
f 1515/4553/1139 1513/4554/1139 1517/4555/1139 1519/4556/1139
f 1518/4557/1140 1514/4558/1140 1516/4559/1140 1520/4560/1140
f 1522/4561/1141 1521/4562/1141 1523/4563/1141 1524/4564/1141
f 1527/4565/1142 1525/4566/1142 1526/4567/1142 1528/4568/1142
f 1525/4569/1143 1521/4570/1143 1522/4571/1143 1526/4572/1143
f 1524/4573/1144 1523/4574/1144 1527/4575/1144 1528/4576/1144
f 1523/4577/1145 1521/4578/1145 1525/4579/1145 1527/4580/1145
f 1526/4581/1146 1522/4582/1146 1524/4583/1146 1528/4584/1146
f 1530/4585/1147 1529/4586/1147 1531/4587/1147 1532/4588/1147
f 1535/4589/1148 1533/4590/1148 1534/4591/1148 1536/4592/1148
f 1533/4593/1149 1529/4594/1149 1530/4595/1149 1534/4596/1149
f 1532/4597/1150 1531/4598/1150 1535/4599/1150 1536/4600/1150
f 1531/4601/1151 1529/4602/1151 1533/4603/1151 1535/4604/1151
f 1534/4605/1152 1530/4606/1152 1532/4607/1152 1536/4608/1152
f 1538/4609/1153 1537/4610/1153 1539/4611/1153 1540/4612/1153
f 1543/4613/1154 1541/4614/1154 1542/4615/1154 1544/4616/1154
f 1541/4617/1155 1537/4618/1155 1538/4619/1155 1542/4620/1155
f 1540/4621/1156 1539/4622/1156 1543/4623/1156 1544/4624/1156
f 1539/4625/1157 1537/4626/1157 1541/4627/1157 1543/4628/1157
f 1542/4629/1158 1538/4630/1158 1540/4631/1158 1544/4632/1158
f 1546/4633/1159 1545/4634/1159 1547/4635/1159 1548/4636/1159
f 1551/4637/1160 1549/4638/1160 1550/4639/1160 1552/4640/1160
f 1549/4641/1161 1545/4642/1161 1546/4643/1161 1550/4644/1161
f 1548/4645/1162 1547/4646/1162 1551/4647/1162 1552/4648/1162
f 1547/4649/1163 1545/4650/1163 1549/4651/1163 1551/4652/1163
f 1550/4653/1164 1546/4654/1164 1548/4655/1164 1552/4656/1164
f 1554/4657/1165 1553/4658/1165 1555/4659/1165 1556/4660/1165
f 1559/4661/1166 1557/4662/1166 1558/4663/1166 1560/4664/1166
f 1557/4665/1167 1553/4666/1167 1554/4667/1167 1558/4668/1167
f 1556/4669/1168 1555/4670/1168 1559/4671/1168 1560/4672/1168
f 1555/4673/1169 1553/4674/1169 1557/4675/1169 1559/4676/1169
f 1558/4677/1170 1554/4678/1170 1556/4679/1170 1560/4680/1170
f 1562/4681/1171 1561/4682/1171 1563/4683/1171 1564/4684/1171
f 1567/4685/1172 1565/4686/1172 1566/4687/1172 1568/4688/1172
f 1565/4689/1173 1561/4690/1173 1562/4691/1173 1566/4692/1173
f 1564/4693/1174 1563/4694/1174 1567/4695/1174 1568/4696/1174
f 1563/4697/1175 1561/4698/1175 1565/4699/1175 1567/4700/1175
f 1566/4701/1176 1562/4702/1176 1564/4703/1176 1568/4704/1176
f 1570/4705/1177 1569/4706/1177 1571/4707/1177 1572/4708/1177
f 1575/4709/1178 1573/4710/1178 1574/4711/1178 1576/4712/1178
f 1573/4713/1179 1569/4714/1179 1570/4715/1179 1574/4716/1179
f 1572/4717/1180 1571/4718/1180 1575/4719/1180 1576/4720/1180
f 1571/4721/1181 1569/4722/1181 1573/4723/1181 1575/4724/1181
f 1574/4725/1182 1570/4726/1182 1572/4727/1182 1576/4728/1182
f 1578/4729/1183 1577/4730/1183 1579/4731/1183 1580/4732/1183
f 1583/4733/1184 1581/4734/1184 1582/4735/1184 1584/4736/1184
f 1581/4737/1185 1577/4738/1185 1578/4739/1185 1582/4740/1185
f 1580/4741/1186 1579/4742/1186 1583/4743/1186 1584/4744/1186
f 1579/4745/1187 1577/4746/1187 1581/4747/1187 1583/4748/1187
f 1582/4749/1188 1578/4750/1188 1580/4751/1188 1584/4752/1188
f 1586/4753/1189 1585/4754/1189 1587/4755/1189 1588/4756/1189
f 1591/4757/1190 1589/4758/1190 1590/4759/1190 1592/4760/1190
f 1589/4761/1191 1585/4762/1191 1586/4763/1191 1590/4764/1191
f 1588/4765/1192 1587/4766/1192 1591/4767/1192 1592/4768/1192
f 1587/4769/1193 1585/4770/1193 1589/4771/1193 1591/4772/1193
f 1590/4773/1194 1586/4774/1194 1588/4775/1194 1592/4776/1194
f 1594/4777/1195 1593/4778/1195 1595/4779/1195 1596/4780/1195
f 1599/4781/1196 1597/4782/1196 1598/4783/1196 1600/4784/1196
f 1597/4785/1197 1593/4786/1197 1594/4787/1197 1598/4788/1197
f 1596/4789/1198 1595/4790/1198 1599/4791/1198 1600/4792/1198
f 1595/4793/1199 1593/4794/1199 1597/4795/1199 1599/4796/1199
f 1598/4797/1200 1594/4798/1200 1596/4799/1200 1600/4800/1200
f 1602/4801/1201 1601/4802/1201 1603/4803/1201 1604/4804/1201
f 1607/4805/1202 1605/4806/1202 1606/4807/1202 1608/4808/1202
f 1605/4809/1203 1601/4810/1203 1602/4811/1203 1606/4812/1203
f 1604/4813/1204 1603/4814/1204 1607/4815/1204 1608/4816/1204
f 1603/4817/1205 1601/4818/1205 1605/4819/1205 1607/4820/1205
f 1606/4821/1206 1602/4822/1206 1604/4823/1206 1608/4824/1206
f 1610/4825/1207 1609/4826/1207 1611/4827/1207 1612/4828/1207
f 1615/4829/1208 1613/4830/1208 1614/4831/1208 1616/4832/1208
f 1613/4833/1209 1609/4834/1209 1610/4835/1209 1614/4836/1209
f 1612/4837/1210 1611/4838/1210 1615/4839/1210 1616/4840/1210
f 1611/4841/1211 1609/4842/1211 1613/4843/1211 1615/4844/1211
f 1614/4845/1212 1610/4846/1212 1612/4847/1212 1616/4848/1212
f 1618/4849/1213 1617/4850/1213 1619/4851/1213 1620/4852/1213
f 1623/4853/1214 1621/4854/1214 1622/4855/1214 1624/4856/1214
f 1621/4857/1215 1617/4858/1215 1618/4859/1215 1622/4860/1215
f 1620/4861/1216 1619/4862/1216 1623/4863/1216 1624/4864/1216
f 1619/4865/1217 1617/4866/1217 1621/4867/1217 1623/4868/1217
f 1622/4869/1218 1618/4870/1218 1620/4871/1218 1624/4872/1218
f 1626/4873/1219 1625/4874/1219 1627/4875/1219 1628/4876/1219
f 1631/4877/1220 1629/4878/1220 1630/4879/1220 1632/4880/1220
f 1629/4881/1221 1625/4882/1221 1626/4883/1221 1630/4884/1221
f 1628/4885/1222 1627/4886/1222 1631/4887/1222 1632/4888/1222
f 1627/4889/1223 1625/4890/1223 1629/4891/1223 1631/4892/1223
f 1630/4893/1224 1626/4894/1224 1628/4895/1224 1632/4896/1224
f 1634/4897/1225 1633/4898/1225 1635/4899/1225 1636/4900/1225
f 1639/4901/1226 1637/4902/1226 1638/4903/1226 1640/4904/1226
f 1637/4905/1227 1633/4906/1227 1634/4907/1227 1638/4908/1227
f 1636/4909/1228 1635/4910/1228 1639/4911/1228 1640/4912/1228
f 1635/4913/1229 1633/4914/1229 1637/4915/1229 1639/4916/1229
f 1638/4917/1230 1634/4918/1230 1636/4919/1230 1640/4920/1230
f 1642/4921/1231 1641/4922/1231 1643/4923/1231 1644/4924/1231
f 1647/4925/1232 1645/4926/1232 1646/4927/1232 1648/4928/1232
f 1645/4929/1233 1641/4930/1233 1642/4931/1233 1646/4932/1233
f 1644/4933/1234 1643/4934/1234 1647/4935/1234 1648/4936/1234
f 1643/4937/1235 1641/4938/1235 1645/4939/1235 1647/4940/1235
f 1646/4941/1236 1642/4942/1236 1644/4943/1236 1648/4944/1236
f 1650/4945/1237 1649/4946/1237 1651/4947/1237 1652/4948/1237
f 1655/4949/1238 1653/4950/1238 1654/4951/1238 1656/4952/1238
f 1653/4953/1239 1649/4954/1239 1650/4955/1239 1654/4956/1239
f 1652/4957/1240 1651/4958/1240 1655/4959/1240 1656/4960/1240
f 1651/4961/1241 1649/4962/1241 1653/4963/1241 1655/4964/1241
f 1654/4965/1242 1650/4966/1242 1652/4967/1242 1656/4968/1242
f 1658/4969/1243 1657/4970/1243 1659/4971/1243 1660/4972/1243
f 1663/4973/1244 1661/4974/1244 1662/4975/1244 1664/4976/1244
f 1661/4977/1245 1657/4978/1245 1658/4979/1245 1662/4980/1245
f 1660/4981/1246 1659/4982/1246 1663/4983/1246 1664/4984/1246
f 1659/4985/1247 1657/4986/1247 1661/4987/1247 1663/4988/1247
f 1662/4989/1248 1658/4990/1248 1660/4991/1248 1664/4992/1248
f 1666/4993/1249 1665/4994/1249 1667/4995/1249 1668/4996/1249
f 1671/4997/1250 1669/4998/1250 1670/4999/1250 1672/5000/1250
f 1669/5001/1251 1665/5002/1251 1666/5003/1251 1670/5004/1251
f 1668/5005/1252 1667/5006/1252 1671/5007/1252 1672/5008/1252
f 1667/5009/1253 1665/5010/1253 1669/5011/1253 1671/5012/1253
f 1670/5013/1254 1666/5014/1254 1668/5015/1254 1672/5016/1254
f 1674/5017/1255 1673/5018/1255 1675/5019/1255 1676/5020/1255
f 1679/5021/1256 1677/5022/1256 1678/5023/1256 1680/5024/1256
f 1677/5025/1257 1673/5026/1257 1674/5027/1257 1678/5028/1257
f 1676/5029/1258 1675/5030/1258 1679/5031/1258 1680/5032/1258
f 1675/5033/1259 1673/5034/1259 1677/5035/1259 1679/5036/1259
f 1678/5037/1260 1674/5038/1260 1676/5039/1260 1680/5040/1260
f 1682/5041/1261 1681/5042/1261 1683/5043/1261 1684/5044/1261
f 1687/5045/1262 1685/5046/1262 1686/5047/1262 1688/5048/1262
f 1685/5049/1263 1681/5050/1263 1682/5051/1263 1686/5052/1263
f 1684/5053/1264 1683/5054/1264 1687/5055/1264 1688/5056/1264
f 1683/5057/1265 1681/5058/1265 1685/5059/1265 1687/5060/1265
f 1686/5061/1266 1682/5062/1266 1684/5063/1266 1688/5064/1266
f 1690/5065/1267 1689/5066/1267 1691/5067/1267 1692/5068/1267
f 1695/5069/1268 1693/5070/1268 1694/5071/1268 1696/5072/1268
f 1693/5073/1269 1689/5074/1269 1690/5075/1269 1694/5076/1269
f 1692/5077/1270 1691/5078/1270 1695/5079/1270 1696/5080/1270
f 1691/5081/1271 1689/5082/1271 1693/5083/1271 1695/5084/1271
f 1694/5085/1272 1690/5086/1272 1692/5087/1272 1696/5088/1272
f 1698/5089/1273 1697/5090/1273 1699/5091/1273 1700/5092/1273
f 1703/5093/1274 1701/5094/1274 1702/5095/1274 1704/5096/1274
f 1701/5097/1275 1697/5098/1275 1698/5099/1275 1702/5100/1275
f 1700/5101/1276 1699/5102/1276 1703/5103/1276 1704/5104/1276
f 1699/5105/1277 1697/5106/1277 1701/5107/1277 1703/5108/1277
f 1702/5109/1278 1698/5110/1278 1700/5111/1278 1704/5112/1278
f 1706/5113/1279 1705/5114/1279 1707/5115/1279 1708/5116/1279
f 1711/5117/1280 1709/5118/1280 1710/5119/1280 1712/5120/1280
f 1709/5121/1281 1705/5122/1281 1706/5123/1281 1710/5124/1281
f 1708/5125/1282 1707/5126/1282 1711/5127/1282 1712/5128/1282
f 1707/5129/1283 1705/5130/1283 1709/5131/1283 1711/5132/1283
f 1710/5133/1284 1706/5134/1284 1708/5135/1284 1712/5136/1284
f 1714/5137/1285 1713/5138/1285 1715/5139/1285 1716/5140/1285
f 1719/5141/1286 1717/5142/1286 1718/5143/1286 1720/5144/1286
f 1717/5145/1287 1713/5146/1287 1714/5147/1287 1718/5148/1287
f 1716/5149/1288 1715/5150/1288 1719/5151/1288 1720/5152/1288
f 1715/5153/1289 1713/5154/1289 1717/5155/1289 1719/5156/1289
f 1718/5157/1290 1714/5158/1290 1716/5159/1290 1720/5160/1290
f 1722/5161/1291 1721/5162/1291 1723/5163/1291 1724/5164/1291
f 1727/5165/1292 1725/5166/1292 1726/5167/1292 1728/5168/1292
f 1725/5169/1293 1721/5170/1293 1722/5171/1293 1726/5172/1293
f 1724/5173/1294 1723/5174/1294 1727/5175/1294 1728/5176/1294
f 1723/5177/1295 1721/5178/1295 1725/5179/1295 1727/5180/1295
f 1726/5181/1296 1722/5182/1296 1724/5183/1296 1728/5184/1296
f 1730/5185/1297 1729/5186/1297 1731/5187/1297 1732/5188/1297
f 1735/5189/1298 1733/5190/1298 1734/5191/1298 1736/5192/1298
f 1733/5193/1299 1729/5194/1299 1730/5195/1299 1734/5196/1299
f 1732/5197/1300 1731/5198/1300 1735/5199/1300 1736/5200/1300
f 1731/5201/1301 1729/5202/1301 1733/5203/1301 1735/5204/1301
f 1734/5205/1302 1730/5206/1302 1732/5207/1302 1736/5208/1302
f 1738/5209/1303 1737/5210/1303 1739/5211/1303 1740/5212/1303
f 1743/5213/1304 1741/5214/1304 1742/5215/1304 1744/5216/1304
f 1741/5217/1305 1737/5218/1305 1738/5219/1305 1742/5220/1305
f 1740/5221/1306 1739/5222/1306 1743/5223/1306 1744/5224/1306
f 1739/5225/1307 1737/5226/1307 1741/5227/1307 1743/5228/1307
f 1742/5229/1308 1738/5230/1308 1740/5231/1308 1744/5232/1308
f 1746/5233/1309 1745/5234/1309 1747/5235/1309 1748/5236/1309
f 1751/5237/1310 1749/5238/1310 1750/5239/1310 1752/5240/1310
f 1749/5241/1311 1745/5242/1311 1746/5243/1311 1750/5244/1311
f 1748/5245/1312 1747/5246/1312 1751/5247/1312 1752/5248/1312
f 1747/5249/1313 1745/5250/1313 1749/5251/1313 1751/5252/1313
f 1750/5253/1314 1746/5254/1314 1748/5255/1314 1752/5256/1314
f 1754/5257/1315 1753/5258/1315 1755/5259/1315 1756/5260/1315
f 1759/5261/1316 1757/5262/1316 1758/5263/1316 1760/5264/1316
f 1757/5265/1317 1753/5266/1317 1754/5267/1317 1758/5268/1317
f 1756/5269/1318 1755/5270/1318 1759/5271/1318 1760/5272/1318
f 1755/5273/1319 1753/5274/1319 1757/5275/1319 1759/5276/1319
f 1758/5277/1320 1754/5278/1320 1756/5279/1320 1760/5280/1320
f 1762/5281/1321 1761/5282/1321 1763/5283/1321 1764/5284/1321
f 1767/5285/1322 1765/5286/1322 1766/5287/1322 1768/5288/1322
f 1765/5289/1323 1761/5290/1323 1762/5291/1323 1766/5292/1323
f 1764/5293/1324 1763/5294/1324 1767/5295/1324 1768/5296/1324
f 1763/5297/1325 1761/5298/1325 1765/5299/1325 1767/5300/1325
f 1766/5301/1326 1762/5302/1326 1764/5303/1326 1768/5304/1326
f 1770/5305/1327 1769/5306/1327 1771/5307/1327 1772/5308/1327
f 1775/5309/1328 1773/5310/1328 1774/5311/1328 1776/5312/1328
f 1773/5313/1329 1769/5314/1329 1770/5315/1329 1774/5316/1329
f 1772/5317/1330 1771/5318/1330 1775/5319/1330 1776/5320/1330
f 1771/5321/1331 1769/5322/1331 1773/5323/1331 1775/5324/1331
f 1774/5325/1332 1770/5326/1332 1772/5327/1332 1776/5328/1332
f 1778/5329/1333 1777/5330/1333 1779/5331/1333 1780/5332/1333
f 1783/5333/1334 1781/5334/1334 1782/5335/1334 1784/5336/1334
f 1781/5337/1335 1777/5338/1335 1778/5339/1335 1782/5340/1335
f 1780/5341/1336 1779/5342/1336 1783/5343/1336 1784/5344/1336
f 1779/5345/1337 1777/5346/1337 1781/5347/1337 1783/5348/1337
f 1782/5349/1338 1778/5350/1338 1780/5351/1338 1784/5352/1338
f 1786/5353/1339 1785/5354/1339 1787/5355/1339 1788/5356/1339
f 1791/5357/1340 1789/5358/1340 1790/5359/1340 1792/5360/1340
f 1789/5361/1341 1785/5362/1341 1786/5363/1341 1790/5364/1341
f 1788/5365/1342 1787/5366/1342 1791/5367/1342 1792/5368/1342
f 1787/5369/1343 1785/5370/1343 1789/5371/1343 1791/5372/1343
f 1790/5373/1344 1786/5374/1344 1788/5375/1344 1792/5376/1344
f 1794/5377/1345 1793/5378/1345 1795/5379/1345 1796/5380/1345
f 1799/5381/1346 1797/5382/1346 1798/5383/1346 1800/5384/1346
f 1797/5385/1347 1793/5386/1347 1794/5387/1347 1798/5388/1347
f 1796/5389/1348 1795/5390/1348 1799/5391/1348 1800/5392/1348
f 1795/5393/1349 1793/5394/1349 1797/5395/1349 1799/5396/1349
f 1798/5397/1350 1794/5398/1350 1796/5399/1350 1800/5400/1350
f 1802/5401/1351 1801/5402/1351 1803/5403/1351 1804/5404/1351
f 1807/5405/1352 1805/5406/1352 1806/5407/1352 1808/5408/1352
f 1805/5409/1353 1801/5410/1353 1802/5411/1353 1806/5412/1353
f 1804/5413/1354 1803/5414/1354 1807/5415/1354 1808/5416/1354
f 1803/5417/1355 1801/5418/1355 1805/5419/1355 1807/5420/1355
f 1806/5421/1356 1802/5422/1356 1804/5423/1356 1808/5424/1356
f 1810/5425/1357 1809/5426/1357 1811/5427/1357 1812/5428/1357
f 1815/5429/1358 1813/5430/1358 1814/5431/1358 1816/5432/1358
f 1813/5433/1359 1809/5434/1359 1810/5435/1359 1814/5436/1359
f 1812/5437/1360 1811/5438/1360 1815/5439/1360 1816/5440/1360
f 1811/5441/1361 1809/5442/1361 1813/5443/1361 1815/5444/1361
f 1814/5445/1362 1810/5446/1362 1812/5447/1362 1816/5448/1362
f 1818/5449/1363 1817/5450/1363 1819/5451/1363 1820/5452/1363
f 1823/5453/1364 1821/5454/1364 1822/5455/1364 1824/5456/1364
f 1821/5457/1365 1817/5458/1365 1818/5459/1365 1822/5460/1365
f 1820/5461/1366 1819/5462/1366 1823/5463/1366 1824/5464/1366
f 1819/5465/1367 1817/5466/1367 1821/5467/1367 1823/5468/1367
f 1822/5469/1368 1818/5470/1368 1820/5471/1368 1824/5472/1368
f 1826/5473/1369 1825/5474/1369 1827/5475/1369 1828/5476/1369
f 1831/5477/1370 1829/5478/1370 1830/5479/1370 1832/5480/1370
f 1829/5481/1371 1825/5482/1371 1826/5483/1371 1830/5484/1371
f 1828/5485/1372 1827/5486/1372 1831/5487/1372 1832/5488/1372
f 1827/5489/1373 1825/5490/1373 1829/5491/1373 1831/5492/1373
f 1830/5493/1374 1826/5494/1374 1828/5495/1374 1832/5496/1374
f 1834/5497/1375 1833/5498/1375 1835/5499/1375 1836/5500/1375
f 1839/5501/1376 1837/5502/1376 1838/5503/1376 1840/5504/1376
f 1837/5505/1377 1833/5506/1377 1834/5507/1377 1838/5508/1377
f 1836/5509/1378 1835/5510/1378 1839/5511/1378 1840/5512/1378
f 1835/5513/1379 1833/5514/1379 1837/5515/1379 1839/5516/1379
f 1838/5517/1380 1834/5518/1380 1836/5519/1380 1840/5520/1380
f 1842/5521/1381 1841/5522/1381 1843/5523/1381 1844/5524/1381
f 1847/5525/1382 1845/5526/1382 1846/5527/1382 1848/5528/1382
f 1845/5529/1383 1841/5530/1383 1842/5531/1383 1846/5532/1383
f 1844/5533/1384 1843/5534/1384 1847/5535/1384 1848/5536/1384
f 1843/5537/1385 1841/5538/1385 1845/5539/1385 1847/5540/1385
f 1846/5541/1386 1842/5542/1386 1844/5543/1386 1848/5544/1386
f 1850/5545/1387 1849/5546/1387 1851/5547/1387 1852/5548/1387
f 1855/5549/1388 1853/5550/1388 1854/5551/1388 1856/5552/1388
f 1853/5553/1389 1849/5554/1389 1850/5555/1389 1854/5556/1389
f 1852/5557/1390 1851/5558/1390 1855/5559/1390 1856/5560/1390
f 1851/5561/1391 1849/5562/1391 1853/5563/1391 1855/5564/1391
f 1854/5565/1392 1850/5566/1392 1852/5567/1392 1856/5568/1392
f 1858/5569/1393 1857/5570/1393 1859/5571/1393 1860/5572/1393
f 1863/5573/1394 1861/5574/1394 1862/5575/1394 1864/5576/1394
f 1861/5577/1395 1857/5578/1395 1858/5579/1395 1862/5580/1395
f 1860/5581/1396 1859/5582/1396 1863/5583/1396 1864/5584/1396
f 1859/5585/1397 1857/5586/1397 1861/5587/1397 1863/5588/1397
f 1862/5589/1398 1858/5590/1398 1860/5591/1398 1864/5592/1398
f 1866/5593/1399 1865/5594/1399 1867/5595/1399 1868/5596/1399
f 1871/5597/1400 1869/5598/1400 1870/5599/1400 1872/5600/1400
f 1869/5601/1401 1865/5602/1401 1866/5603/1401 1870/5604/1401
f 1868/5605/1402 1867/5606/1402 1871/5607/1402 1872/5608/1402
f 1867/5609/1403 1865/5610/1403 1869/5611/1403 1871/5612/1403
f 1870/5613/1404 1866/5614/1404 1868/5615/1404 1872/5616/1404
f 1874/5617/1405 1873/5618/1405 1875/5619/1405 1876/5620/1405
f 1879/5621/1406 1877/5622/1406 1878/5623/1406 1880/5624/1406
f 1877/5625/1407 1873/5626/1407 1874/5627/1407 1878/5628/1407
f 1876/5629/1408 1875/5630/1408 1879/5631/1408 1880/5632/1408
f 1875/5633/1409 1873/5634/1409 1877/5635/1409 1879/5636/1409
f 1878/5637/1410 1874/5638/1410 1876/5639/1410 1880/5640/1410
f 1882/5641/1411 1881/5642/1411 1883/5643/1411 1884/5644/1411
f 1887/5645/1412 1885/5646/1412 1886/5647/1412 1888/5648/1412
f 1885/5649/1413 1881/5650/1413 1882/5651/1413 1886/5652/1413
f 1884/5653/1414 1883/5654/1414 1887/5655/1414 1888/5656/1414
f 1883/5657/1415 1881/5658/1415 1885/5659/1415 1887/5660/1415
f 1886/5661/1416 1882/5662/1416 1884/5663/1416 1888/5664/1416
f 1890/5665/1417 1889/5666/1417 1891/5667/1417 1892/5668/1417
f 1895/5669/1418 1893/5670/1418 1894/5671/1418 1896/5672/1418
f 1893/5673/1419 1889/5674/1419 1890/5675/1419 1894/5676/1419
f 1892/5677/1420 1891/5678/1420 1895/5679/1420 1896/5680/1420
f 1891/5681/1421 1889/5682/1421 1893/5683/1421 1895/5684/1421
f 1894/5685/1422 1890/5686/1422 1892/5687/1422 1896/5688/1422
f 1898/5689/1423 1897/5690/1423 1899/5691/1423 1900/5692/1423
f 1903/5693/1424 1901/5694/1424 1902/5695/1424 1904/5696/1424
f 1901/5697/1425 1897/5698/1425 1898/5699/1425 1902/5700/1425
f 1900/5701/1426 1899/5702/1426 1903/5703/1426 1904/5704/1426
f 1899/5705/1427 1897/5706/1427 1901/5707/1427 1903/5708/1427
f 1902/5709/1428 1898/5710/1428 1900/5711/1428 1904/5712/1428
f 1906/5713/1429 1905/5714/1429 1907/5715/1429 1908/5716/1429
f 1911/5717/1430 1909/5718/1430 1910/5719/1430 1912/5720/1430
f 1909/5721/1431 1905/5722/1431 1906/5723/1431 1910/5724/1431
f 1908/5725/1432 1907/5726/1432 1911/5727/1432 1912/5728/1432
f 1907/5729/1433 1905/5730/1433 1909/5731/1433 1911/5732/1433
f 1910/5733/1434 1906/5734/1434 1908/5735/1434 1912/5736/1434
f 1914/5737/1435 1913/5738/1435 1915/5739/1435 1916/5740/1435
f 1919/5741/1436 1917/5742/1436 1918/5743/1436 1920/5744/1436
f 1917/5745/1437 1913/5746/1437 1914/5747/1437 1918/5748/1437
f 1916/5749/1438 1915/5750/1438 1919/5751/1438 1920/5752/1438
f 1915/5753/1439 1913/5754/1439 1917/5755/1439 1919/5756/1439
f 1918/5757/1440 1914/5758/1440 1916/5759/1440 1920/5760/1440
f 1922/5761/1441 1921/5762/1441 1923/5763/1441 1924/5764/1441
f 1927/5765/1442 1925/5766/1442 1926/5767/1442 1928/5768/1442
f 1925/5769/1443 1921/5770/1443 1922/5771/1443 1926/5772/1443
f 1924/5773/1444 1923/5774/1444 1927/5775/1444 1928/5776/1444
f 1923/5777/1445 1921/5778/1445 1925/5779/1445 1927/5780/1445
f 1926/5781/1446 1922/5782/1446 1924/5783/1446 1928/5784/1446
f 1930/5785/1447 1929/5786/1447 1931/5787/1447 1932/5788/1447
f 1935/5789/1448 1933/5790/1448 1934/5791/1448 1936/5792/1448
f 1933/5793/1449 1929/5794/1449 1930/5795/1449 1934/5796/1449
f 1932/5797/1450 1931/5798/1450 1935/5799/1450 1936/5800/1450
f 1931/5801/1451 1929/5802/1451 1933/5803/1451 1935/5804/1451
f 1934/5805/1452 1930/5806/1452 1932/5807/1452 1936/5808/1452
f 1938/5809/1453 1937/5810/1453 1939/5811/1453 1940/5812/1453
f 1943/5813/1454 1941/5814/1454 1942/5815/1454 1944/5816/1454
f 1941/5817/1455 1937/5818/1455 1938/5819/1455 1942/5820/1455
f 1940/5821/1456 1939/5822/1456 1943/5823/1456 1944/5824/1456
f 1939/5825/1457 1937/5826/1457 1941/5827/1457 1943/5828/1457
f 1942/5829/1458 1938/5830/1458 1940/5831/1458 1944/5832/1458
f 1946/5833/1459 1945/5834/1459 1947/5835/1459 1948/5836/1459
f 1951/5837/1460 1949/5838/1460 1950/5839/1460 1952/5840/1460
f 1949/5841/1461 1945/5842/1461 1946/5843/1461 1950/5844/1461
f 1948/5845/1462 1947/5846/1462 1951/5847/1462 1952/5848/1462
f 1947/5849/1463 1945/5850/1463 1949/5851/1463 1951/5852/1463
f 1950/5853/1464 1946/5854/1464 1948/5855/1464 1952/5856/1464
f 1954/5857/1465 1953/5858/1465 1955/5859/1465 1956/5860/1465
f 1959/5861/1466 1957/5862/1466 1958/5863/1466 1960/5864/1466
f 1957/5865/1467 1953/5866/1467 1954/5867/1467 1958/5868/1467
f 1956/5869/1468 1955/5870/1468 1959/5871/1468 1960/5872/1468
f 1955/5873/1469 1953/5874/1469 1957/5875/1469 1959/5876/1469
f 1958/5877/1470 1954/5878/1470 1956/5879/1470 1960/5880/1470
f 1962/5881/1471 1961/5882/1471 1963/5883/1471 1964/5884/1471
f 1967/5885/1472 1965/5886/1472 1966/5887/1472 1968/5888/1472
f 1965/5889/1473 1961/5890/1473 1962/5891/1473 1966/5892/1473
f 1964/5893/1474 1963/5894/1474 1967/5895/1474 1968/5896/1474
f 1963/5897/1475 1961/5898/1475 1965/5899/1475 1967/5900/1475
f 1966/5901/1476 1962/5902/1476 1964/5903/1476 1968/5904/1476
f 1970/5905/1477 1969/5906/1477 1971/5907/1477 1972/5908/1477
f 1975/5909/1478 1973/5910/1478 1974/5911/1478 1976/5912/1478
f 1973/5913/1479 1969/5914/1479 1970/5915/1479 1974/5916/1479
f 1972/5917/1480 1971/5918/1480 1975/5919/1480 1976/5920/1480
f 1971/5921/1481 1969/5922/1481 1973/5923/1481 1975/5924/1481
f 1974/5925/1482 1970/5926/1482 1972/5927/1482 1976/5928/1482
f 1978/5929/1483 1977/5930/1483 1979/5931/1483 1980/5932/1483
f 1983/5933/1484 1981/5934/1484 1982/5935/1484 1984/5936/1484
f 1981/5937/1485 1977/5938/1485 1978/5939/1485 1982/5940/1485
f 1980/5941/1486 1979/5942/1486 1983/5943/1486 1984/5944/1486
f 1979/5945/1487 1977/5946/1487 1981/5947/1487 1983/5948/1487
f 1982/5949/1488 1978/5950/1488 1980/5951/1488 1984/5952/1488
f 1986/5953/1489 1985/5954/1489 1987/5955/1489 1988/5956/1489
f 1991/5957/1490 1989/5958/1490 1990/5959/1490 1992/5960/1490
f 1989/5961/1491 1985/5962/1491 1986/5963/1491 1990/5964/1491
f 1988/5965/1492 1987/5966/1492 1991/5967/1492 1992/5968/1492
f 1987/5969/1493 1985/5970/1493 1989/5971/1493 1991/5972/1493
f 1990/5973/1494 1986/5974/1494 1988/5975/1494 1992/5976/1494
f 1994/5977/1495 1997/5978/1495 1998/5979/1495 1995/5980/1495
f 2000/5981/1496 1999/5982/1496 1993/5983/1496 1996/5984/1496
f 1999/5985/1497 1997/5986/1497 1994/5987/1497 1993/5988/1497
f 1995/5989/1498 1998/5990/1498 2000/5991/1498 1996/5992/1498
f 1998/5993/1499 1997/5994/1499 1999/5995/1499 2000/5996/1499
f 1993/5997/1500 1994/5998/1500 1995/5999/1500 1996/6000/1500
f 2002/6001/1501 2001/6002/1501 2003/6003/1501 2004/6004/1501
f 2007/6005/1502 2005/6006/1502 2006/6007/1502 2008/6008/1502
f 2005/6009/1503 2001/6010/1503 2002/6011/1503 2006/6012/1503
f 2004/6013/1504 2003/6014/1504 2007/6015/1504 2008/6016/1504
f 2003/6017/1505 2001/6018/1505 2005/6019/1505 2007/6020/1505
f 2006/6021/1506 2002/6022/1506 2004/6023/1506 2008/6024/1506
f 2010/6025/1507 2009/6026/1507 2011/6027/1507 2012/6028/1507
f 2015/6029/1508 2013/6030/1508 2014/6031/1508 2016/6032/1508
f 2013/6033/1509 2009/6034/1509 2010/6035/1509 2014/6036/1509
f 2012/6037/1510 2011/6038/1510 2015/6039/1510 2016/6040/1510
f 2011/6041/1511 2009/6042/1511 2013/6043/1511 2015/6044/1511
f 2014/6045/1512 2010/6046/1512 2012/6047/1512 2016/6048/1512
f 2018/6049/1513 2017/6050/1513 2019/6051/1513 2020/6052/1513
f 2023/6053/1514 2021/6054/1514 2022/6055/1514 2024/6056/1514
f 2021/6057/1515 2017/6058/1515 2018/6059/1515 2022/6060/1515
f 2020/6061/1516 2019/6062/1516 2023/6063/1516 2024/6064/1516
f 2019/6065/1517 2017/6066/1517 2021/6067/1517 2023/6068/1517
f 2022/6069/1518 2018/6070/1518 2020/6071/1518 2024/6072/1518
f 2026/6073/1519 2025/6074/1519 2027/6075/1519 2028/6076/1519
f 2031/6077/1520 2029/6078/1520 2030/6079/1520 2032/6080/1520
f 2029/6081/1521 2025/6082/1521 2026/6083/1521 2030/6084/1521
f 2028/6085/1522 2027/6086/1522 2031/6087/1522 2032/6088/1522
f 2027/6089/1523 2025/6090/1523 2029/6091/1523 2031/6092/1523
f 2030/6093/1524 2026/6094/1524 2028/6095/1524 2032/6096/1524
f 2034/6097/1525 2033/6098/1525 2035/6099/1525 2036/6100/1525
f 2039/6101/1526 2037/6102/1526 2038/6103/1526 2040/6104/1526
f 2037/6105/1527 2033/6106/1527 2034/6107/1527 2038/6108/1527
f 2036/6109/1528 2035/6110/1528 2039/6111/1528 2040/6112/1528
f 2035/6113/1529 2033/6114/1529 2037/6115/1529 2039/6116/1529
f 2038/6117/1530 2034/6118/1530 2036/6119/1530 2040/6120/1530
f 2042/6121/1531 2041/6122/1531 2043/6123/1531 2044/6124/1531
f 2047/6125/1532 2045/6126/1532 2046/6127/1532 2048/6128/1532
f 2045/6129/1533 2041/6130/1533 2042/6131/1533 2046/6132/1533
f 2044/6133/1534 2043/6134/1534 2047/6135/1534 2048/6136/1534
f 2043/6137/1535 2041/6138/1535 2045/6139/1535 2047/6140/1535
f 2046/6141/1536 2042/6142/1536 2044/6143/1536 2048/6144/1536
f 2050/6145/1537 2049/6146/1537 2051/6147/1537 2052/6148/1537
f 2055/6149/1538 2053/6150/1538 2054/6151/1538 2056/6152/1538
f 2053/6153/1539 2049/6154/1539 2050/6155/1539 2054/6156/1539
f 2052/6157/1540 2051/6158/1540 2055/6159/1540 2056/6160/1540
f 2051/6161/1541 2049/6162/1541 2053/6163/1541 2055/6164/1541
f 2054/6165/1542 2050/6166/1542 2052/6167/1542 2056/6168/1542
f 2058/6169/1543 2057/6170/1543 2059/6171/1543 2060/6172/1543
f 2063/6173/1544 2061/6174/1544 2062/6175/1544 2064/6176/1544
f 2061/6177/1545 2057/6178/1545 2058/6179/1545 2062/6180/1545
f 2060/6181/1546 2059/6182/1546 2063/6183/1546 2064/6184/1546
f 2059/6185/1547 2057/6186/1547 2061/6187/1547 2063/6188/1547
f 2062/6189/1548 2058/6190/1548 2060/6191/1548 2064/6192/1548
f 2066/6193/1549 2065/6194/1549 2067/6195/1549 2068/6196/1549
f 2071/6197/1550 2069/6198/1550 2070/6199/1550 2072/6200/1550
f 2069/6201/1551 2065/6202/1551 2066/6203/1551 2070/6204/1551
f 2068/6205/1552 2067/6206/1552 2071/6207/1552 2072/6208/1552
f 2067/6209/1553 2065/6210/1553 2069/6211/1553 2071/6212/1553
f 2070/6213/1554 2066/6214/1554 2068/6215/1554 2072/6216/1554
f 2074/6217/1555 2073/6218/1555 2075/6219/1555 2076/6220/1555
f 2079/6221/1556 2077/6222/1556 2078/6223/1556 2080/6224/1556
f 2077/6225/1557 2073/6226/1557 2074/6227/1557 2078/6228/1557
f 2076/6229/1558 2075/6230/1558 2079/6231/1558 2080/6232/1558
f 2075/6233/1559 2073/6234/1559 2077/6235/1559 2079/6236/1559
f 2078/6237/1560 2074/6238/1560 2076/6239/1560 2080/6240/1560
f 2082/6241/1561 2081/6242/1561 2083/6243/1561 2084/6244/1561
f 2087/6245/1562 2085/6246/1562 2086/6247/1562 2088/6248/1562
f 2085/6249/1563 2081/6250/1563 2082/6251/1563 2086/6252/1563
f 2084/6253/1564 2083/6254/1564 2087/6255/1564 2088/6256/1564
f 2083/6257/1565 2081/6258/1565 2085/6259/1565 2087/6260/1565
f 2086/6261/1566 2082/6262/1566 2084/6263/1566 2088/6264/1566
f 2090/6265/1567 2089/6266/1567 2091/6267/1567 2092/6268/1567
f 2095/6269/1568 2093/6270/1568 2094/6271/1568 2096/6272/1568
f 2093/6273/1569 2089/6274/1569 2090/6275/1569 2094/6276/1569
f 2092/6277/1570 2091/6278/1570 2095/6279/1570 2096/6280/1570
f 2091/6281/1571 2089/6282/1571 2093/6283/1571 2095/6284/1571
f 2094/6285/1572 2090/6286/1572 2092/6287/1572 2096/6288/1572