# Made in Blockbench 5.1.4
mtllib elite_blast_furnace.mtl

o mesh
v -0.25 5.8125 1.25
v -0.25 5.8125 -0.125
v -0.25 5.1875 1.25
v -0.25 5.1875 -0.125
v -0.875 5.8125 1.25
v -0.875 5.8125 -0.125
v -0.875 5.1875 1.25
v -0.875 5.1875 -0.125
v 1.0625 5.8125 -0.3125
v 1.0625 5.8125 -0.9375
v 1.0625 5.1875 -0.3125
v 1.0625 5.1875 -0.9375
v -0.0625 5.8125 -0.3125
v -0.0625 5.8125 -0.9375
v -0.0625 5.1875 -0.3125
v -0.0625 5.1875 -0.9375
v 1.1875 5.8125 1.95625
v 1.1875 5.8125 1.33125
v 1.1875 5.1875 1.95625
v 1.1875 5.1875 1.33125
v -0.1875 5.8125 1.95625
v -0.1875 5.8125 1.33125
v -0.1875 5.1875 1.95625
v -0.1875 5.1875 1.33125
v 0.875 5.875 2.83125
v 0.875 5.875 1.64375
v 0.875 5.125 2.83125
v 0.875 5.125 1.64375
v 0.125 5.875 2.83125
v 0.125 5.875 1.64375
v 0.125 5.125 2.83125
v 0.125 5.125 1.64375
v 0.9375 5.9375 2.1125
v 0.9375 5.9375 1.9875
v 0.9375 5.0625 2.1125
v 0.9375 5.0625 1.9875
v 0.0625 5.9375 2.1125
v 0.0625 5.9375 1.9875
v 0.0625 5.0625 2.1125
v 0.0625 5.0625 1.9875
v 0.9375 5.9375 3
v 0.9375 5.9375 2.8125
v 0.9375 5.0625 3
v 0.9375 5.0625 2.8125
v 0.0625 5.9375 3
v 0.0625 5.9375 2.8125
v 0.0625 5.0625 3
v 0.0625 5.0625 2.8125
v 0.6205583261758407 5.8062499999999995 -0.49555845501070683
v 1.0625000644174332 5.8062499999999995 -0.937500193252299
v 0.6205583261758407 5.1812499999999995 -0.49555845501070683
v 1.0625000644174332 5.1812499999999995 -0.937500193252299
v 1.4160534550107067 5.8062499999999995 0.29993667382415934
v 1.875000227456359 5.8062499999999995 -0.12500003021337314
v 1.4160534550107067 5.1812499999999995 0.29993667382415934
v 1.875000227456359 5.1812499999999995 -0.12500003021337314
v 0.37944167382415916 5.8062499999999995 -0.49555845501070683
v -0.06250006441743305 5.8062499999999995 -0.937500193252299
v 0.37944167382415916 5.1812499999999995 -0.49555845501070683
v -0.06250006441743305 5.1812499999999995 -0.937500193252299
v -0.4160534550107068 5.8062499999999995 0.29993667382415934
v -0.8750002274563591 5.8062499999999995 -0.12500003021337314
v -0.4160534550107068 5.1812499999999995 0.29993667382415934
v -0.8750002274563591 5.1812499999999995 -0.12500003021337314
v 0.7616433647503484 5.88125 -0.26608506878788063
v 1.291973450640259 5.88125 -0.7964151546777911
v 0.7616433647503484 5.13125 -0.26608506878788063
v 1.291973450640259 5.13125 -0.7964151546777911
v 0.8481817442823876 5.88125 -0.1795466892558415
v 1.3803617982885776 5.88125 -0.7080268070294728
v 0.8481817442823876 5.13125 -0.1795466892558415
v 1.3803617982885776 5.13125 -0.7080268070294728
v 0.23835663524965156 5.88125 -0.26608506878788063
v -0.29197345064025904 5.88125 -0.7964151546777911
v 0.23835663524965156 5.13125 -0.26608506878788063
v -0.29197345064025904 5.13125 -0.7964151546777911
v 0.15181825571761243 5.88125 -0.1795466892558415
v -0.3803617982885775 5.88125 -0.7080268070294728
v 0.15181825571761243 5.13125 -0.1795466892558415
v -0.3803617982885775 5.13125 -0.7080268070294728
v 1.25 5.8125 1.25
v 1.25 5.8125 -0.125
v 1.25 5.1875 1.25
v 1.25 5.1875 -0.125
v 1.875 5.8125 1.25
v 1.875 5.8125 -0.125
v 1.875 5.1875 1.25
v 1.875 5.1875 -0.125
v 1.1875 5.875 0.375
v 1.1875 5.875 0.25
v 1.1875 5.125 0.375
v 1.1875 5.125 0.25
v 1.9375 5.875 0.375
v 1.9375 5.875 0.25
v 1.9375 5.125 0.375
v 1.9375 5.125 0.25
v -0.9375 5.875 0.375
v -0.9375 5.875 0.25
v -0.9375 5.125 0.375
v -0.9375 5.125 0.25
v -0.1875 5.875 0.375
v -0.1875 5.875 0.25
v -0.1875 5.125 0.375
v -0.1875 5.125 0.25
v 0.8125 5.423729490373142 -0.3618322312291409
v 0.8125 5.184552345144961 -0.9392569390486951
v 0.8125 3.633712896132524 0.37961691897822036
v 0.8125 3.3945357509043426 -0.19780778884133365
v 0.1875 5.423729490373142 -0.3618322312291409
v 0.1875 5.184552345144961 -0.9392569390486951
v 0.1875 3.633712896132524 0.37961691897822036
v 0.1875 3.3945357509043426 -0.19780778884133365
v 0.875 4.81248002629445 -0.040994900696186276
v 0.875 4.525467452020632 -0.733904550079651
v 0.875 4.696995084730539 0.006840528349449926
v 0.875 4.409982510456722 -0.6860691210340151
v 0.125 4.81248002629445 -0.040994900696186276
v 0.125 4.525467452020632 -0.733904550079651
v 0.125 4.696995084730539 0.006840528349449926
v 0.125 4.409982510456722 -0.6860691210340151
v 0.875 3.7153730814372974 0.41344167523735775
v 0.875 3.4283605071634797 -0.27946797414610725
v 0.875 3.5998881398733857 0.46127710428299395
v 0.875 3.312875565599569 -0.23163254510047104
v 0.125 3.7153730814372974 0.41344167523735775
v 0.125 3.4283605071634797 -0.27946797414610725
v 0.125 3.5998881398733857 0.46127710428299395
v 0.125 3.312875565599569 -0.23163254510047104
v 0.8125 5.423729490373142 2.236832231229141
v 0.8125 5.184552345144961 2.814256939048695
v 0.8125 3.633712896132524 1.4953830810217796
v 0.8125 3.3945357509043426 2.0728077888413337
v 0.1875 5.423729490373142 2.236832231229141
v 0.1875 5.184552345144961 2.814256939048695
v 0.1875 3.633712896132524 1.4953830810217796
v 0.1875 3.3945357509043426 2.0728077888413337
v 0.875 3.7153730814372974 1.4615583247626422
v 0.875 3.4283605071634797 2.1544679741461072
v 0.875 3.5998881398733857 1.413722895717006
v 0.875 3.312875565599569 2.106632545100471
v 0.125 3.7153730814372974 1.4615583247626422
v 0.125 3.4283605071634797 2.1544679741461072
v 0.125 3.5998881398733857 1.413722895717006
v 0.125 3.312875565599569 2.106632545100471
v 0.875 4.81248002629445 1.9159949006961863
v 0.875 4.525467452020632 2.6089045500796515
v 0.875 4.696995084730539 1.86815947165055
v 0.875 4.409982510456722 2.561069121034015
v 0.125 4.81248002629445 1.9159949006961863
v 0.125 4.525467452020632 2.6089045500796515
v 0.125 4.696995084730539 1.86815947165055
v 0.125 4.409982510456722 2.561069121034015
v -0.24930354962249368 5.353762480995145 0.6250000126558157
v -0.8648083952551235 5.245232369953315 0.6249999937137376
v 0.08713979460717869 3.4456974595339904 0.6250000177931888
v -0.5283650510254512 3.3371673484921613 0.6249999988511106
v -0.2493035685645717 5.353762479337928 1.2500000126558153
v -0.8648084141972017 5.245232368296098 1.2499999937137372
v 0.08713977566510056 3.445697457876774 1.2500000177931883
v -0.5283650699675293 3.337167346834944 1.2499999988511101
v 1.2493035496224936 5.353762480995145 0.6250000126558157
v 1.8648083952551235 5.245232369953315 0.6249999937137376
v 0.9128602053928213 3.4456974595339904 0.6250000177931888
v 1.5283650510254512 3.3371673484921613 0.6249999988511106
v 1.2493035685645717 5.353762479337928 1.2500000126558153
v 1.8648084141972017 5.245232368296098 1.2499999937137372
v 0.9128602243348994 3.445697457876774 1.2500000177931883
v 1.5283650699675293 3.337167346834944 1.2499999988511101
v 0.8730157411437165 3.579651439930421 0.5625000193559533
v 1.6116215559028724 3.4494153066802253 0.5624999966254596
v 0.8513097189353505 3.4565504708038954 0.5625000196873966
v 1.5899155336945063 3.3263143375536997 0.5624999969569029
v 0.8730157638742102 3.579651437941761 1.3125000193559528
v 1.611621578633366 3.4494153046915654 1.312499996625459
v 0.8513097416658442 3.4565504688152355 1.3125000196873962
v 1.589915556425 3.326314335565039 1.3124999969569024
v 0.1269842588562835 3.579651439930421 0.5625000193559533
v -0.6116215559028724 3.4494153066802253 0.5624999966254596
v 0.14869028106464954 3.4565504708038954 0.5625000196873966
v -0.5899155336945063 3.3263143375536997 0.5624999969569029
v 0.1269842361257898 3.579651437941761 1.3125000193559528
v -0.6116215786333661 3.4494153046915654 1.312499996625459
v 0.14869025833415583 3.4565504688152355 1.3125000196873962
v -0.589915556425 3.326314335565039 1.3124999969569024
v 1.1009289743315591 4.872211615758945 0.5625000158757973
v 1.839534789090715 4.7419754825087495 0.5624999931453036
v 1.079222952123193 4.7491106466324196 0.5625000162072407
v 1.817828766882349 4.618874513382224 0.562499993476747
v 1.1009289970620526 4.872211613770284 1.3125000158757967
v 1.8395348118212087 4.741975480520089 1.312499993145303
v 1.0792229748536868 4.749110644643759 1.3125000162072402
v 1.8178287896128427 4.618874511393563 1.3124999934767465
v -0.10092897433155901 4.872211615758945 0.5625000158757973
v -0.839534789090715 4.7419754825087495 0.5624999931453036
v -0.07922295212319308 4.7491106466324196 0.5625000162072407
v -0.817828766882349 4.618874513382224 0.562499993476747
v -0.10092899706205272 4.872211613770284 1.3125000158757967
v -0.8395348118212087 4.741975480520089 1.312499993145303
v -0.07922297485368679 4.749110644643759 1.3125000162072402
v -0.8178287896128427 4.618874511393563 1.3124999934767465
v -0.1678929238241592 5.8062499999999995 1.9571069394174332
v 0.274048814417433 5.8062499999999995 1.515165201175841
v -0.1678929238241592 5.1812499999999995 1.9571069394174332
v 0.274048814417433 5.1812499999999995 1.515165201175841
v -0.8749997050107066 5.8062499999999995 1.2500001582308855
v -0.43305796676911446 5.8062499999999995 0.8080584199892933
v -0.8749997050107066 5.1812499999999995 1.2500001582308855
v -0.43305796676911446 5.1812499999999995 0.8080584199892933
v 1.167892923824159 5.8062499999999995 1.9571069394174332
v 0.725951185582567 5.8062499999999995 1.515165201175841
v 1.167892923824159 5.1812499999999995 1.9571069394174332
v 0.725951185582567 5.1812499999999995 1.515165201175841
v 1.8749997050107066 5.8062499999999995 1.2500001582308855
v 1.4330579667691143 5.8062499999999995 0.8080584199892933
v 1.8749997050107066 5.1812499999999995 1.2500001582308855
v 1.4330579667691143 5.1812499999999995 0.8080584199892933
v 1.521446314417433 5.8687499999999995 1.6919418964724777
v 0.9911162285275222 5.8687499999999995 1.161611810582567
v 1.521446314417433 5.1187499999999995 1.6919418964724777
v 0.9911162285275222 5.1187499999999995 1.161611810582567
v 1.6098346620657513 5.8687499999999995 1.6035535488241592
v 1.0795045761758408 5.8687499999999995 1.0732234629342488
v 1.6098346620657513 5.1187499999999995 1.6035535488241592
v 1.0795045761758408 5.1187499999999995 1.0732234629342488
v -0.521446314417433 5.8687499999999995 1.6919418964724777
v 0.008883771472477764 5.8687499999999995 1.161611810582567
v -0.521446314417433 5.1187499999999995 1.6919418964724777
v 0.008883771472477764 5.1187499999999995 1.161611810582567
v -0.6098346620657513 5.8687499999999995 1.6035535488241592
v -0.07950457617584072 5.8687499999999995 1.0732234629342488
v -0.6098346620657513 5.1187499999999995 1.6035535488241592
v -0.07950457617584072 5.1187499999999995 1.0732234629342488
v 1.875 2 2.3125
v 1.875 2 -0.4375
v 1.875 1 2.3125
v 1.875 1 -0.4375
v -0.875 2 2.3125
v -0.875 2 -0.4375
v -0.875 1 2.3125
v -0.875 1 -0.4375
v 1.25 4.5 1.6875
v 1.25 4.5 0.1875
v 1.875 2 2.3125
v 1.875 2 -0.4375
v -0.25 4.5 1.6875
v -0.25 4.5 0.1875
v -0.875 2 2.3125
v -0.875 2 -0.4375
v 1.875 1 2.3125
v 1.875 1 -0.4375
v 1.4 0 1.8375
v 1.4 0 0.03750000000000009
v -0.875 1 2.3125
v -0.875 1 -0.4375
v -0.4 0 1.8375
v -0.4 0 0.03750000000000009
v 1.25 4.875 1.6875
v 1.25 4.875 0.1875
v 1.25 4.625 1.6875
v 1.25 4.625 0.1875
v -0.25 4.875 1.6875
v -0.25 4.875 0.1875
v -0.25 4.625 1.6875
v -0.25 4.625 0.1875
v 1.625 0.0625 2.0625
v 1.625 0.0625 -0.1875
v 1.625 -0.9375 2.0625
v 1.625 -0.9375 -0.1875
v -0.625 0.0625 2.0625
v -0.625 0.0625 -0.1875
v -0.625 -0.9375 2.0625
v -0.625 -0.9375 -0.1875
v -0.3229040753804777 4.572467153661357 1.6875
v -0.20245026872939986 4.539062356651574 1.6875
v -0.3897136694000418 4.331559540359201 1.6875
v -0.26925986274896396 4.298154743349419 1.6875
v -0.32290407538047816 4.572467153661357 0.1875
v -0.2024502687294003 4.539062356651574 0.1875
v -0.38971366940004226 4.331559540359201 0.1875
v -0.2692598627489644 4.298154743349419 0.1875
v -0.6038834582277279 3.5661355029166684 0.20527452997346285
v -0.4828823214103728 3.5347755546725024 0.20580229415462892
v -0.7554104074792645 2.9789304673257977 0.05409639059065929
v -0.6344092706619093 2.9475705190816317 0.05462415477182536
v -0.5806495739349236 3.6499141815790637 -0.14342549905901603
v -0.46671961929363914 3.5930563746115602 -0.03677163908535652
v -0.7321765231864599 3.062709145988193 -0.2946036384418198
v -0.6182465685451757 3.0058513390206896 -0.18794977846815986
v -0.37659303435042335 4.446943056302975 0.43204173904766807
v -0.2555918975330681 4.415583108058809 0.43256950322883436
v -0.5281199836019599 3.859738020712104 0.2808635996648645
v -0.4071188467846045 3.828378072467938 0.2813913638460308
v -0.35335915005761875 4.53072173496537 0.0833417100151892
v -0.23942919541633456 4.473863927997867 0.18999556998884892
v -0.5048860993091553 3.9435166993744986 -0.06783642936761436
v -0.390956144667871 3.886658892406996 0.03881743060604537
v -0.37659303435042313 4.446943056302975 1.4429582609523324
v -0.25559189753306777 4.415583108058809 1.442430496771166
v -0.5281199836019594 3.859738020712104 1.594136400335136
v -0.4071188467846042 3.828378072467938 1.5936086361539696
v -0.3533591500576183 4.53072173496537 1.7916582899848112
v -0.23942919541633412 4.473863927997867 1.6850044300111515
v -0.5048860993091546 3.9435166993744986 1.942836429367615
v -0.39095614466787043 3.886658892406996 1.836182569393955
v -0.6038834582277277 3.5661355029166684 1.6697254700265378
v -0.48288232141037246 3.5347755546725024 1.6691977058453715
v -0.755410407479264 2.9789304673257977 1.8209036094093414
v -0.6344092706619089 2.9475705190816317 1.820375845228175
v -0.5806495739349229 3.6499141815790637 2.018425499059017
v -0.4667196192936387 3.5930563746115602 1.911771639085357
v -0.7321765231864594 3.062709145988193 2.1696036384418202
v -0.618246568545175 3.0058513390206896 2.0629497784681607
v -0.8284882596197116 2.6988557976454177 1.9001938976435109
v -0.706942019570002 2.66967512716343 1.9001938976435109
v -0.9280029608777514 2.2843472353746876 1.9986099839189517
v -0.806456720828042 2.2551665648926993 1.9986099839189517
v -0.809616119669482 2.7774639178412226 2.2503581396757046
v -0.6938135743872336 2.724359036864859 2.1437864138398197
v -0.9802127503975506 2.066877811091399 2.4190714304336036
v -0.8644102051153022 2.0137729301150356 2.3124997045977183
v -0.9318467018370236 2.287027607854945 2
v -0.809809700947032 2.2599726561126827 2
v -0.980212858445856 2.0668781642758822 2.419071875
v -0.8639196044315576 2.015898654332699 2.3125
v -0.9318467018370242 2.287027607854945 -0.12499999999999978
v -0.8098097009470324 2.2599726561126827 -0.12499999999999978
v -0.9802128584458567 2.0668781642758822 -0.5440718749999998
v -0.8639196044315582 2.015898654332699 -0.4375
v -0.8284882596197118 2.6988557976454177 -0.025193897643510432
v -0.7069420195700022 2.66967512716343 -0.025193897643510432
v -0.9280029608777518 2.2843472353746876 -0.12360998391895128
v -0.8064567208280422 2.2551665648926993 -0.12360998391895128
v -0.8096161196694827 2.7774639178412226 -0.3753581396757042
v -0.693813574387234 2.724359036864859 -0.26878641383981927
v -0.9802127503975511 2.066877811091399 -0.5440714304336032
v -0.8644102051153026 2.0137729301150356 -0.4374997045977178
v 1.25 4.572467153661357 1.760404075380478
v 1.25 4.539062356651574 1.6399502687294
v 1.25 4.331559540359201 1.827213669400042
v 1.25 4.298154743349419 1.7067598627489642
v -0.25 4.572467153661357 1.760404075380478
v -0.25 4.539062356651574 1.6399502687294
v -0.25 4.331559540359201 1.827213669400042
v -0.25 4.298154743349419 1.7067598627489642
v -0.005458260952332039 4.446943056302975 1.8140930343504231
v -0.00493049677116586 4.415583108058809 1.693091897533068
v -0.1566364003351357 3.859738020712104 1.9656199836019597
v -0.15610863615396942 3.828378072467938 1.8446188467846043
v -0.354158289984811 4.53072173496537 1.7908591500576185
v -0.2475044300111512 4.473863927997867 1.6769291954163343
v -0.5053364293676146 3.9435166993744986 1.942386099309155
v -0.39868256939395474 3.886658892406996 1.8284561446678707
v -0.23222547002653737 3.5661355029166684 2.041383458227728
v -0.2316977058453712 3.5347755546725024 1.9203823214103726
v -0.38340360940934104 2.9789304673257977 2.192910407479264
v -0.38287584522817486 2.9475705190816317 2.071909270661909
v -0.5809254990590165 3.6499141815790637 2.018149573934923
v -0.47427163908535663 3.5930563746115602 1.904219619293639
v -0.73210363844182 3.062709145988193 2.1696765231864594
v -0.6254497784681603 3.0058513390206896 2.0557465685451755
v 1.2322254700265374 3.5661355029166684 2.041383458227728
v 1.231697705845371 3.5347755546725024 1.9203823214103726
v 1.3834036094093412 2.9789304673257977 2.192910407479264
v 1.3828758452281749 2.9475705190816317 2.071909270661909
v 1.5809254990590165 3.6499141815790637 2.018149573934923
v 1.4742716390853565 3.5930563746115602 1.904219619293639
v 1.73210363844182 3.062709145988193 2.1696765231864594
v 1.6254497784681603 3.0058513390206896 2.0557465685451755
v 1.0054582609523322 4.446943056302975 1.8140930343504231
v 1.0049304967711659 4.415583108058809 1.693091897533068
v 1.1566364003351357 3.859738020712104 1.9656199836019597
v 1.1561086361539694 3.828378072467938 1.8446188467846043
v 1.354158289984811 4.53072173496537 1.7908591500576185
v 1.2475044300111513 4.473863927997867 1.6769291954163343
v 1.5053364293676146 3.9435166993744986 1.942386099309155
v 1.3986825693939546 3.886658892406996 1.8284561446678707
v 1.4626938976435107 2.6988557976454177 2.2659882596197116
v 1.4626938976435107 2.66967512716343 2.1444420195700022
v 1.5611099839189515 2.2843472353746876 2.365502960877752
v 1.5611099839189515 2.2551665648926993 2.2439567208280424
v 1.8128581396757046 2.7774639178412226 2.2471161196694824
v 1.7062864138398195 2.724359036864859 2.131313574387234
v 1.9815714304336032 2.066877811091399 2.417712750397551
v 1.8749997045977183 2.0137729301150356 2.3019102051153024
v -0.46269389764351065 2.6988557976454177 2.2659882596197116
v -0.46269389764351065 2.66967512716343 2.1444420195700022
v -0.5611099839189515 2.2843472353746876 2.365502960877752
v -0.5611099839189515 2.2551665648926993 2.2439567208280424
v -0.8128581396757046 2.7774639178412226 2.2471161196694824
v -0.7062864138398195 2.724359036864859 2.131313574387234
v -0.9815714304336032 2.066877811091399 2.417712750397551
v -0.8749997045977183 2.0137729301150356 2.3019102051153024
v 1.5625 2.287027607854945 2.369346701837024
v 1.5625 2.2599726561126827 2.2473097009470324
v 1.981571875 2.0668781642758822 2.4177128584458565
v 1.875 2.015898654332699 2.3014196044315582
v -0.5625 2.287027607854945 2.369346701837024
v -0.5625 2.2599726561126827 2.2473097009470324
v -0.981571875 2.0668781642758822 2.4177128584458565
v -0.875 2.015898654332699 2.3014196044315582
v 1.3229040753804782 4.572467153661357 0.1875
v 1.2024502687294003 4.539062356651574 0.1875
v 1.3897136694000423 4.331559540359201 0.1875
v 1.2692598627489644 4.298154743349419 0.1875
v 1.3229040753804777 4.572467153661357 1.6875
v 1.2024502687293999 4.539062356651574 1.6875
v 1.3897136694000418 4.331559540359201 1.6875
v 1.269259862748964 4.298154743349419 1.6875
v 1.6038834582277277 3.5661355029166684 1.6697254700265378
v 1.4828823214103726 3.5347755546725024 1.6691977058453715
v 1.755410407479264 2.9789304673257977 1.8209036094093414
v 1.6344092706619089 2.9475705190816317 1.820375845228175
v 1.580649573934923 3.6499141815790637 2.018425499059017
v 1.4667196192936387 3.5930563746115602 1.911771639085357
v 1.7321765231864594 3.062709145988193 2.1696036384418202
v 1.618246568545175 3.0058513390206896 2.0629497784681607
v 1.3765930343504231 4.446943056302975 1.4429582609523324
v 1.2555918975330678 4.415583108058809 1.442430496771166
v 1.5281199836019594 3.859738020712104 1.594136400335136
v 1.4071188467846043 3.828378072467938 1.5936086361539696
v 1.3533591500576183 4.53072173496537 1.7916582899848112
v 1.2394291954163341 4.473863927997867 1.6850044300111515
v 1.5048860993091546 3.9435166993744986 1.942836429367615
v 1.3909561446678704 3.886658892406996 1.836182569393955
v 1.603883458227728 3.5661355029166684 0.20527452997346285
v 1.4828823214103728 3.5347755546725024 0.20580229415462892
v 1.7554104074792645 2.9789304673257977 0.05409639059065929
v 1.6344092706619093 2.9475705190816317 0.05462415477182536
v 1.5806495739349236 3.6499141815790637 -0.14342549905901603
v 1.4667196192936391 3.5930563746115602 -0.03677163908535652
v 1.7321765231864599 3.062709145988193 -0.2946036384418198
v 1.6182465685451757 3.0058513390206896 -0.18794977846815986
v 1.3765930343504234 4.446943056302975 0.43204173904766807
v 1.2555918975330682 4.415583108058809 0.43256950322883436
v 1.5281199836019599 3.859738020712104 0.2808635996648645
v 1.4071188467846045 3.828378072467938 0.2813913638460308
v 1.3533591500576188 4.53072173496537 0.0833417100151892
v 1.2394291954163346 4.473863927997867 0.18999556998884892
v 1.5048860993091553 3.9435166993744986 -0.06783642936761436
v 1.390956144667871 3.886658892406996 0.03881743060604537
v 1.9318467018370242 2.287027607854945 -0.12499999999999978
v 1.8098097009470324 2.2599726561126827 -0.12499999999999978
v 1.9802128584458567 2.0668781642758822 -0.5440718749999998
v 1.8639196044315582 2.015898654332699 -0.4375
v 1.9318467018370236 2.287027607854945 2
v 1.809809700947032 2.2599726561126827 2
v 1.980212858445856 2.0668781642758822 2.419071875
v 1.8639196044315576 2.015898654332699 2.3125
v 1.8284882596197118 2.6988557976454177 -0.025193897643510432
v 1.7069420195700022 2.66967512716343 -0.025193897643510432
v 1.9280029608777518 2.2843472353746876 -0.12360998391895128
v 1.8064567208280422 2.2551665648926993 -0.12360998391895128
v 1.8096161196694827 2.7774639178412226 -0.3753581396757042
v 1.693813574387234 2.724359036864859 -0.26878641383981927
v 1.980212750397551 2.066877811091399 -0.5440714304336032
v 1.8644102051153026 2.0137729301150356 -0.4374997045977178
v 1.8284882596197116 2.6988557976454177 1.9001938976435109
v 1.706942019570002 2.66967512716343 1.9001938976435109
v 1.9280029608777514 2.2843472353746876 1.9986099839189517
v 1.806456720828042 2.2551665648926993 1.9986099839189517
v 1.809616119669482 2.7774639178412226 2.2503581396757046
v 1.6938135743872336 2.724359036864859 2.1437864138398197
v 1.9802127503975506 2.066877811091399 2.4190714304336036
v 1.8644102051153022 2.0137729301150356 2.3124997045977183
v -0.25 4.572467153661357 0.11459592461952206
v -0.25 4.539062356651574 0.23504973127059992
v -0.2500000000000001 4.331559540359201 0.04778633059995796
v -0.2500000000000001 4.298154743349419 0.16824013725103582
v 1.25 4.572467153661357 0.11459592461952206
v 1.25 4.539062356651574 0.23504973127059992
v 1.25 4.331559540359201 0.04778633059995796
v 1.25 4.298154743349419 0.16824013725103582
v 1.2322254700265374 3.5661355029166684 -0.16638345822772793
v 1.231697705845371 3.5347755546725024 -0.045382321410372795
v 1.383403609409341 2.9789304673257977 -0.31791040747926447
v 1.3828758452281749 2.9475705190816317 -0.1969092706619091
v 1.5809254990590162 3.6499141815790637 -0.14314957393492334
v 1.4742716390853565 3.5930563746115602 -0.029219619293639143
v 1.7321036384418198 3.062709145988193 -0.29467652318645987
v 1.62544977846816 3.0058513390206896 -0.18074656854517546
v 1.005458260952332 4.446943056302975 0.06090696564957665
v 1.0049304967711659 4.415583108058809 0.1819081024669318
v 1.1566364003351355 3.859738020712104 -0.09061998360195989
v 1.1561086361539692 3.828378072467938 0.030381153215395473
v 1.3541582899848108 4.53072173496537 0.08414084994238125
v 1.247504430011151 4.473863927997867 0.19807080458366544
v 1.5053364293676146 3.9435166993744986 -0.06738609930915507
v 1.3986825693939546 3.886658892406996 0.046543855332129125
v -0.2322254700265376 3.5661355029166684 -0.1663834582277277
v -0.2316977058453713 3.5347755546725024 -0.04538232141037235
v -0.38340360940934115 2.9789304673257977 -0.317910407479264
v -0.38287584522817497 2.9475705190816317 -0.19690927066190866
v -0.5809254990590165 3.6499141815790637 -0.1431495739349229
v -0.47427163908535674 3.5930563746115602 -0.0292196192936387
v -0.7321036384418202 3.062709145988193 -0.2946765231864594
v -0.6254497784681603 3.0058513390206896 -0.180746568545175
v -0.00545826095233215 4.446943056302975 0.06090696564957687
v -0.00493049677116586 4.415583108058809 0.18190810246693223
v -0.1566364003351357 3.859738020712104 -0.09061998360195944
v -0.15610863615396953 3.828378072467938 0.030381153215395695
v -0.35415828998481114 4.53072173496537 0.08414084994238169
v -0.2475044300111513 4.473863927997867 0.19807080458366588
v -0.5053364293676148 3.9435166993744986 -0.06738609930915462
v -0.39868256939395486 3.886658892406996 0.04654385533212935
v -0.4626938976435109 2.6988557976454177 -0.3909882596197116
v -0.4626938976435109 2.66967512716343 -0.2694420195700018
v -0.5611099839189517 2.2843472353746876 -0.49050296087775136
v -0.5611099839189517 2.2551665648926993 -0.368956720828042
v -0.8128581396757046 2.7774639178412226 -0.372116119669482
v -0.7062864138398197 2.724359036864859 -0.25631357438723357
v -0.9815714304336034 2.066877811091399 -0.5427127503975506
v -0.8749997045977183 2.0137729301150356 -0.426910205115302
v -0.5625000000000002 2.287027607854945 -0.4943467018370238
v -0.5625000000000002 2.2599726561126827 -0.372309700947032
v -0.9815718750000002 2.0668781642758822 -0.5427128584458565
v -0.8750000000000002 2.015898654332699 -0.4264196044315578
v 1.5624999999999998 2.287027607854945 -0.4943467018370242
v 1.5624999999999998 2.2599726561126827 -0.3723097009470324
v 1.9815718749999998 2.0668781642758822 -0.5427128584458565
v 1.8749999999999998 2.015898654332699 -0.42641960443155824
v 1.4626938976435104 2.6988557976454177 -0.39098825961971206
v 1.4626938976435104 2.66967512716343 -0.26944201957000224
v 1.5611099839189513 2.2843472353746876 -0.4905029608777518
v 1.5611099839189513 2.2551665648926993 -0.36895672082804243
v 1.8128581396757042 2.7774639178412226 -0.37211611966948244
v 1.7062864138398193 2.724359036864859 -0.25631357438723423
v 1.981571430433603 2.066877811091399 -0.5427127503975511
v 1.8749997045977178 2.0137729301150356 -0.42691020511530287
v -0.9802125000000002 2.066878125 -0.16907187499999976
v -0.8552125000000002 2.066878125 -0.16907187499999976
v -0.9802125000000002 1.0668781250000001 -0.16907187499999976
v -0.8552125000000002 1.0668781250000001 -0.16907187499999976
v -0.9802125000000002 2.066878125 -0.5440718749999998
v -0.8552125000000002 2.066878125 -0.41907187499999976
v -0.9802125000000002 1.0668781250000001 -0.5440718749999998
v -0.8552125000000002 1.0668781250000001 -0.41907187499999976
v -0.606571875 2.066878125 2.4177125
v -0.606571875 2.066878125 2.2927125
v -0.606571875 1.0668781250000001 2.4177125
v -0.606571875 1.0668781250000001 2.2927125
v -0.981571875 2.066878125 2.4177125
v -0.856571875 2.066878125 2.2927125
v -0.981571875 1.0668781250000001 2.4177125
v -0.856571875 1.0668781250000001 2.2927125
v 1.606571875 2.066878125 2.4177125
v 1.606571875 2.066878125 2.2927125
v 1.606571875 1.0668781250000001 2.4177125
v 1.606571875 1.0668781250000001 2.2927125
v 1.981571875 2.066878125 2.4177125
v 1.856571875 2.066878125 2.2927125
v 1.981571875 1.0668781250000001 2.4177125
v 1.856571875 1.0668781250000001 2.2927125
v 1.9802125000000002 2.066878125 -0.16907187499999976
v 1.8552125000000002 2.066878125 -0.16907187499999976
v 1.9802125000000002 1.0668781250000001 -0.16907187499999976
v 1.8552125000000002 1.0668781250000001 -0.16907187499999976
v 1.9802125000000002 2.066878125 -0.5440718749999998
v 1.8552125000000002 2.066878125 -0.41907187499999976
v 1.9802125000000002 1.0668781250000001 -0.5440718749999998
v 1.8552125000000002 1.0668781250000001 -0.41907187499999976
v 1.9802124999999997 2.066878125 2.044071875
v 1.8552124999999997 2.066878125 2.044071875
v 1.9802124999999997 1.0668781250000001 2.044071875
v 1.8552124999999997 1.0668781250000001 2.044071875
v 1.9802124999999997 2.066878125 2.419071875
v 1.8552124999999997 2.066878125 2.294071875
v 1.9802124999999997 1.0668781250000001 2.419071875
v 1.8552124999999997 1.0668781250000001 2.294071875
v -0.6065718750000002 2.066878125 -0.5427124999999995
v -0.6065718750000002 2.066878125 -0.4177124999999995
v -0.6065718750000002 1.0668781250000001 -0.5427124999999995
v -0.6065718750000002 1.0668781250000001 -0.4177124999999995
v -0.9815718750000002 2.066878125 -0.5427124999999995
v -0.8565718750000002 2.066878125 -0.4177124999999995
v -0.9815718750000002 1.0668781250000001 -0.5427124999999995
v -0.8565718750000002 1.0668781250000001 -0.4177124999999995
v 1.6065718749999998 2.066878125 -0.5427125000000004
v 1.6065718749999998 2.066878125 -0.4177125000000004
v 1.6065718749999998 1.0668781250000001 -0.5427125000000004
v 1.6065718749999998 1.0668781250000001 -0.4177125000000004
v 1.9815718749999998 2.066878125 -0.5427125000000004
v 1.8565718749999998 2.066878125 -0.4177125000000004
v 1.9815718749999998 1.0668781250000001 -0.5427125000000004
v 1.8565718749999998 1.0668781250000001 -0.4177125000000004
v -0.9802124999999997 2.066878125 2.044071875
v -0.8552124999999997 2.066878125 2.044071875
v -0.9802124999999997 1.0668781250000001 2.044071875
v -0.8552124999999997 1.0668781250000001 2.044071875
v -0.9802124999999997 2.066878125 2.419071875
v -0.8552124999999997 2.066878125 2.294071875
v -0.9802124999999997 1.0668781250000001 2.419071875
v -0.8552124999999997 1.0668781250000001 2.294071875
v 2.375 0.8125 2.8125
v 2.375 0.8125 2.1875
v 2.375 0.1875 2.8125
v 2.375 0.1875 2.1875
v -1.375 0.8125 2.8125
v -1.375 0.8125 2.1875
v -1.375 0.1875 2.8125
v -1.375 0.1875 2.1875
v -1.328125 0.875 0.875
v -1.328125 0.875 0.125
v -1.328125 0.125 0.875
v -1.328125 0.125 0.125
v -1.453125 0.875 0.875
v -1.453125 0.875 0.125
v -1.453125 0.125 0.875
v -1.453125 0.125 0.125
v 2.328125 0.875 0.875
v 2.328125 0.875 0.125
v 2.328125 0.125 0.875
v 2.328125 0.125 0.125
v 2.453125 0.875 0.875
v 2.453125 0.875 0.125
v 2.453125 0.125 0.875
v 2.453125 0.125 0.125
v -0.390625 0.875 2.875
v -0.390625 0.875 2.125
v -0.390625 0.125 2.875
v -0.390625 0.125 2.125
v -0.515625 0.875 2.875
v -0.515625 0.875 2.125
v -0.515625 0.125 2.875
v -0.515625 0.125 2.125
v 1.515625 0.875 2.875
v 1.515625 0.875 2.125
v 1.515625 0.125 2.875
v 1.515625 0.125 2.125
v 1.390625 0.875 2.875
v 1.390625 0.875 2.125
v 1.390625 0.125 2.875
v 1.390625 0.125 2.125
v 0.5625 0.875 2.875
v 0.5625 0.875 2.125
v 0.5625 0.125 2.875
v 0.5625 0.125 2.125
v 0.4375 0.875 2.875
v 0.4375 0.875 2.125
v 0.4375 0.125 2.875
v 0.4375 0.125 2.125
v 0.5625 0.875 -0.25
v 0.5625 0.875 -1
v 0.5625 0.125 -0.25
v 0.5625 0.125 -1
v 0.4375 0.875 -0.25
v 0.4375 0.875 -1
v 0.4375 0.125 -0.25
v 0.4375 0.125 -1
v 1.515625 0.875 -0.2437499999999999
v 1.515625 0.875 -0.9937499999999999
v 1.515625 0.125 -0.2437499999999999
v 1.515625 0.125 -0.9937499999999999
v 1.390625 0.875 -0.2437499999999999
v 1.390625 0.875 -0.9937499999999999
v 1.390625 0.125 -0.2437499999999999
v 1.390625 0.125 -0.9937499999999999
v -0.390625 0.875 -0.2437499999999999
v -0.390625 0.875 -0.9937499999999999
v -0.390625 0.125 -0.2437499999999999
v -0.390625 0.125 -0.9937499999999999
v -0.515625 0.875 -0.2437499999999999
v -0.515625 0.875 -0.9937499999999999
v -0.515625 0.125 -0.2437499999999999
v -0.515625 0.125 -0.9937499999999999
v 2.375 0.8125 -0.3125
v 2.375 0.8125 -0.9375
v 2.375 0.1875 -0.3125
v 2.375 0.1875 -0.9375
v -1.375 0.8125 -0.3125
v -1.375 0.8125 -0.9375
v -1.375 0.1875 -0.3125
v -1.375 0.1875 -0.9375
v -0.75 0.8125 2.1875
v -0.75 0.8125 -0.3125
v -0.75 0.1875 2.1875
v -0.75 0.1875 -0.3125
v -1.375 0.8125 2.1875
v -1.375 0.8125 -0.3125
v -1.375 0.1875 2.1875
v -1.375 0.1875 -0.3125
v -1.375 0.8125 0.8125
v -1.375 0.8125 0.1875
v -1.375 0 0.8125
v -1.375 0 0.1875
v -1.9375 0.8125 0.8125
v -1.9375 0.8125 0.1875
v -1.9375 0 0.8125
v -1.9375 0 0.1875
v 2.375 0.8125 0.8125
v 2.375 0.8125 0.1875
v 2.375 0 0.8125
v 2.375 0 0.1875
v 2.9375 0.8125 0.8125
v 2.9375 0.8125 0.1875
v 2.9375 0 0.8125
v 2.9375 0 0.1875
v 2.25 0.125 0.875
v 2.25 0.125 0.125
v 2.25 0 0.875
v 2.25 0 0.125
v 3 0.125 0.875
v 3 0.125 0.125
v 3 0 0.875
v 3 0 0.125
v -1.25 0.125 0.875
v -1.25 0.125 0.125
v -1.25 0 0.875
v -1.25 0 0.125
v -2 0.125 0.875
v -2 0.125 0.125
v -2 0 0.875
v -2 0 0.125
v 2.375 0.8125 2.1875
v 2.375 0.8125 -0.3125
v 2.375 0.1875 2.1875
v 2.375 0.1875 -0.3125
v 1.75 0.8125 2.1875
v 1.75 0.8125 -0.3125
v 1.75 0.1875 2.1875
v 1.75 0.1875 -0.3125
v 2.4375 0.875 2.015625
v 2.4375 0.875 1.890625
v 2.4375 0.125 2.015625
v 2.4375 0.125 1.890625
v 1.6875 0.875 2.015625
v 1.6875 0.875 1.890625
v 1.6875 0.125 2.015625
v 1.6875 0.125 1.890625
v 2.4375 0.875 0.109375
v 2.4375 0.875 -0.015625
v 2.4375 0.125 0.109375
v 2.4375 0.125 -0.015625
v 1.6875 0.875 0.109375
v 1.6875 0.875 -0.015625
v 1.6875 0.125 0.109375
v 1.6875 0.125 -0.015625
v 2.4375 0.875 1.0625
v 2.4375 0.875 0.9375
v 2.4375 0.125 1.0625
v 2.4375 0.125 0.9375
v 1.6875 0.875 1.0625
v 1.6875 0.875 0.9375
v 1.6875 0.125 1.0625
v 1.6875 0.125 0.9375
v -0.6875 0.875 2.015625
v -0.6875 0.875 1.890625
v -0.6875 0.125 2.015625
v -0.6875 0.125 1.890625
v -1.4375 0.875 2.015625
v -1.4375 0.875 1.890625
v -1.4375 0.125 2.015625
v -1.4375 0.125 1.890625
v -0.6875 0.875 1.0625
v -0.6875 0.875 0.9375
v -0.6875 0.125 1.0625
v -0.6875 0.125 0.9375
v -1.4375 0.875 1.0625
v -1.4375 0.875 0.9375
v -1.4375 0.125 1.0625
v -1.4375 0.125 0.9375
v -0.6875 0.875 0.109375
v -0.6875 0.875 -0.015625
v -0.6875 0.125 0.109375
v -0.6875 0.125 -0.015625
v -1.4375 0.875 0.109375
v -1.4375 0.875 -0.015625
v -1.4375 0.125 0.109375
v -1.4375 0.125 -0.015625
v -1 0 1
v -1 0 0
v -1 -1 1
v -1 -1 0
v -2 0 1
v -2 0 0
v -2 -1 1
v -2 -1 0
v 3 0 1
v 3 0 0
v 3 -1 1
v 3 -1 0
v 2 0 1
v 2 0 0
v 2 -1 1
v 2 -1 0
v 1 5 1.4375
v 1 5 0.4375
v 1 4.5 1.4375
v 1 4.5 0.4375
v 0 5 1.4375
v 0 5 0.4375
v 0 4.5 1.4375
v 0 4.5 0.4375
v 1 6 1
v 1 6 0
v 1 5.75 1
v 1 5.75 0
v 0 6 1
v 0 6 0
v 0 5.75 1
v 0 5.75 0
v 1 5.75 1
v 1 5.75 0
v 1 5 1.4375
v 1 5 0.4375
v 0 5.75 1
v 0 5.75 0
v 0 5 1.4375
v 0 5 0.4375
v 1 0 3
v 1 0 2
v 1 -1 3
v 1 -1 2
v 0 0 3
v 0 0 2
v 0 -1 3
v 0 -1 2
v 1 0 0
v 1 0 -1
v 1 -1 0
v 1 -1 -1
v 0 0 0
v 0 0 -1
v 0 -1 0
v 0 -1 -1
v 1 2 3
v 1 2 2.5
v 1 1 3
v 1 1 2.5
v 0 2 3
v 0 2 2.5
v 0 1 3
v 0 1 2.5
v 0.25 2.25 2.5625
v 0.25 2.25 2.3125
v 0.25 1.75 2.5625
v 0.25 1.75 2.3125
v 0.125 2.25 2.5625
v 0.125 2.25 2.3125
v 0.125 1.75 2.5625
v 0.125 1.75 2.3125
v 0.25 2.25 2.5625
v 0.25 2.25 2.3125
v 0.25 1.75 2.5625
v 0.25 1.75 2.3125
v 0.125 2.25 2.5625
v 0.125 2.25 2.3125
v 0.125 1.75 2.5625
v 0.125 1.75 2.3125
v 0.875 2.25 2.5625
v 0.875 2.25 2.3125
v 0.875 1.75 2.5625
v 0.875 1.75 2.3125
v 0.75 2.25 2.5625
v 0.75 2.25 2.3125
v 0.75 1.75 2.5625
v 0.75 1.75 2.3125
v 0 -0.5 3
v 0 -0.5 2
v 0 -1 3
v 0 -1 2
v -1 -0.5 3
v -1 -0.5 2
v -1 -1 3
v -1 -1 2
v -1 -0.5 3
v -1 -0.5 2
v -1 -1 3
v -1 -1 2
v -2 -0.5 3
v -2 -0.5 2
v -2 -1 3
v -2 -1 2
v -1 -0.5 2
v -1 -0.5 1
v -1 -1 2
v -1 -1 1
v -2 -0.5 2
v -2 -0.5 1
v -2 -1 2
v -2 -1 1
v 3 -0.5 2
v 3 -0.5 1
v 3 -1 2
v 3 -1 1
v 2 -0.5 2
v 2 -0.5 1
v 2 -1 2
v 2 -1 1
v 2 -0.5 3
v 2 -0.5 2
v 2 -1 3
v 2 -1 2
v 1 -0.5 3
v 1 -0.5 2
v 1 -1 3
v 1 -1 2
v 2.5 0 3
v 2.5 0 2
v 2.5 -0.5 3
v 2.5 -0.5 2
v 1.5 0 3
v 1.5 0 2
v 1.5 -0.5 3
v 1.5 -0.5 2
v 2.6875 1.0625 2.6875
v 2.6875 1.0625 2.3125
v 2.6875 0.0625 2.6875
v 2.6875 0.0625 2.3125
v 2.5 1.0625 2.6875
v 2.5 1.0625 2.3125
v 2.5 0.0625 2.6875
v 2.5 0.0625 2.3125
v 2.6875 2.0625 2.6875
v 2.6875 2.0625 2.3125
v 2.6875 1.0625 2.6875
v 2.6875 1.0625 2.3125
v 2.5 2.0625 2.6875
v 2.5 2.0625 2.3125
v 2.5 1.0625 2.6875
v 2.5 1.0625 2.3125
v 2.6875 3.0625 2.6875
v 2.6875 3.0625 2.3125
v 2.6875 2.0625 2.6875
v 2.6875 2.0625 2.3125
v 2.5 3.0625 2.6875
v 2.5 3.0625 2.3125
v 2.5 2.0625 2.6875
v 2.5 2.0625 2.3125
v 2.6875 4.0625 2.6875
v 2.6875 4.0625 2.3125
v 2.6875 3.0625 2.6875
v 2.6875 3.0625 2.3125
v 2.5 4.0625 2.6875
v 2.5 4.0625 2.3125
v 2.5 3.0625 2.6875
v 2.5 3.0625 2.3125
v 2.6875 4.9375 2.6875
v 2.6875 4.9375 2.3125
v 2.6875 4.0625 2.6875
v 2.6875 4.0625 2.3125
v 2.5 4.9375 2.6875
v 2.5 4.9375 2.3125
v 2.5 4.0625 2.6875
v 2.5 4.0625 2.3125
v 2.6875 0.0625 2.6875
v 2.6875 0.0625 2.3125
v 2.6875 -0.9375 2.6875
v 2.6875 -0.9375 2.3125
v 2.5 0.0625 2.6875
v 2.5 0.0625 2.3125
v 2.5 -0.9375 2.6875
v 2.5 -0.9375 2.3125
v -1.6875 0.0625 2.6875
v -1.6875 0.0625 2.3125
v -1.6875 -0.9375 2.6875
v -1.6875 -0.9375 2.3125
v -1.5 0.0625 2.6875
v -1.5 0.0625 2.3125
v -1.5 -0.9375 2.6875
v -1.5 -0.9375 2.3125
v -1.6875 1.0625 2.6875
v -1.6875 1.0625 2.3125
v -1.6875 0.0625 2.6875
v -1.6875 0.0625 2.3125
v -1.5 1.0625 2.6875
v -1.5 1.0625 2.3125
v -1.5 0.0625 2.6875
v -1.5 0.0625 2.3125
v -1.6875 2.0625 2.6875
v -1.6875 2.0625 2.3125
v -1.6875 1.0625 2.6875
v -1.6875 1.0625 2.3125
v -1.5 2.0625 2.6875
v -1.5 2.0625 2.3125
v -1.5 1.0625 2.6875
v -1.5 1.0625 2.3125
v -1.6875 3.0625 2.6875
v -1.6875 3.0625 2.3125
v -1.6875 2.0625 2.6875
v -1.6875 2.0625 2.3125
v -1.5 3.0625 2.6875
v -1.5 3.0625 2.3125
v -1.5 2.0625 2.6875
v -1.5 2.0625 2.3125
v -1.6875 4.0625 2.6875
v -1.6875 4.0625 2.3125
v -1.6875 3.0625 2.6875
v -1.6875 3.0625 2.3125
v -1.5 4.0625 2.6875
v -1.5 4.0625 2.3125
v -1.5 3.0625 2.6875
v -1.5 3.0625 2.3125
v -1.6875 4.9375 2.6875
v -1.6875 4.9375 2.3125
v -1.6875 4.0625 2.6875
v -1.6875 4.0625 2.3125
v -1.5 4.9375 2.6875
v -1.5 4.9375 2.3125
v -1.5 4.0625 2.6875
v -1.5 4.0625 2.3125
v 1.8125 0.125 2.6875
v 1.8125 0.125 2.3125
v 1.8125 -0.875 2.6875
v 1.8125 -0.875 2.3125
v 2 0.125 2.6875
v 2 0.125 2.3125
v 2 -0.875 2.6875
v 2 -0.875 2.3125
v 1.8125 2.125 2.6875
v 1.8125 2.125 2.3125
v 1.8125 1.125 2.6875
v 1.8125 1.125 2.3125
v 2 2.125 2.6875
v 2 2.125 2.3125
v 2 1.125 2.6875
v 2 1.125 2.3125
v 1.8125 1.125 2.6875
v 1.8125 1.125 2.3125
v 1.8125 0.125 2.6875
v 1.8125 0.125 2.3125
v 2 1.125 2.6875
v 2 1.125 2.3125
v 2 0.125 2.6875
v 2 0.125 2.3125
v 1.8125 3.125 2.6875
v 1.8125 3.125 2.3125
v 1.8125 2.125 2.6875
v 1.8125 2.125 2.3125
v 2 3.125 2.6875
v 2 3.125 2.3125
v 2 2.125 2.6875
v 2 2.125 2.3125
v 1.8125 4.125 2.6875
v 1.8125 4.125 2.3125
v 1.8125 3.125 2.6875
v 1.8125 3.125 2.3125
v 2 4.125 2.6875
v 2 4.125 2.3125
v 2 3.125 2.6875
v 2 3.125 2.3125
v 1.8125 5 2.6875
v 1.8125 5 2.3125
v 1.8125 4.125 2.6875
v 1.8125 4.125 2.3125
v 2 5 2.6875
v 2 5 2.3125
v 2 4.125 2.6875
v 2 4.125 2.3125
v -0.8125 0.125 2.6875
v -0.8125 0.125 2.3125
v -0.8125 -0.875 2.6875
v -0.8125 -0.875 2.3125
v -1 0.125 2.6875
v -1 0.125 2.3125
v -1 -0.875 2.6875
v -1 -0.875 2.3125
v -0.8125 2.125 2.6875
v -0.8125 2.125 2.3125
v -0.8125 1.125 2.6875
v -0.8125 1.125 2.3125
v -1 2.125 2.6875
v -1 2.125 2.3125
v -1 1.125 2.6875
v -1 1.125 2.3125
v -0.8125 1.125 2.6875
v -0.8125 1.125 2.3125
v -0.8125 0.125 2.6875
v -0.8125 0.125 2.3125
v -1 1.125 2.6875
v -1 1.125 2.3125
v -1 0.125 2.6875
v -1 0.125 2.3125
v -0.8125 3.125 2.6875
v -0.8125 3.125 2.3125
v -0.8125 2.125 2.6875
v -0.8125 2.125 2.3125
v -1 3.125 2.6875
v -1 3.125 2.3125
v -1 2.125 2.6875
v -1 2.125 2.3125
v -0.8125 4.125 2.6875
v -0.8125 4.125 2.3125
v -0.8125 3.125 2.6875
v -0.8125 3.125 2.3125
v -1 4.125 2.6875
v -1 4.125 2.3125
v -1 3.125 2.6875
v -1 3.125 2.3125
v -0.8125 5 2.6875
v -0.8125 5 2.3125
v -0.8125 4.125 2.6875
v -0.8125 4.125 2.3125
v -1 5 2.6875
v -1 5 2.3125
v -1 4.125 2.6875
v -1 4.125 2.3125
v 2.6875 4.9375 -0.3125
v 2.6875 4.9375 -0.6875
v 2.6875 4.0625 -0.3125
v 2.6875 4.0625 -0.6875
v 2.5 4.9375 -0.3125
v 2.5 4.9375 -0.6875
v 2.5 4.0625 -0.3125
v 2.5 4.0625 -0.6875
v 2.6875 4.0625 -0.3125
v 2.6875 4.0625 -0.6875
v 2.6875 3.0625 -0.3125
v 2.6875 3.0625 -0.6875
v 2.5 4.0625 -0.3125
v 2.5 4.0625 -0.6875
v 2.5 3.0625 -0.3125
v 2.5 3.0625 -0.6875
v 2.6875 3.0625 -0.3125
v 2.6875 3.0625 -0.6875
v 2.6875 2.0625 -0.3125
v 2.6875 2.0625 -0.6875
v 2.5 3.0625 -0.3125
v 2.5 3.0625 -0.6875
v 2.5 2.0625 -0.3125
v 2.5 2.0625 -0.6875
v 2.6875 2.0625 -0.3125
v 2.6875 2.0625 -0.6875
v 2.6875 1.0625 -0.3125
v 2.6875 1.0625 -0.6875
v 2.5 2.0625 -0.3125
v 2.5 2.0625 -0.6875
v 2.5 1.0625 -0.3125
v 2.5 1.0625 -0.6875
v 2.6875 1.0625 -0.3125
v 2.6875 1.0625 -0.6875
v 2.6875 0.0625 -0.3125
v 2.6875 0.0625 -0.6875
v 2.5 1.0625 -0.3125
v 2.5 1.0625 -0.6875
v 2.5 0.0625 -0.3125
v 2.5 0.0625 -0.6875
v 2.6875 0.0625 -0.3125
v 2.6875 0.0625 -0.6875
v 2.6875 -0.9375 -0.3125
v 2.6875 -0.9375 -0.6875
v 2.5 0.0625 -0.3125
v 2.5 0.0625 -0.6875
v 2.5 -0.9375 -0.3125
v 2.5 -0.9375 -0.6875
v -1.6875 4.9375 -0.3125
v -1.6875 4.9375 -0.6875
v -1.6875 4.0625 -0.3125
v -1.6875 4.0625 -0.6875
v -1.5 4.9375 -0.3125
v -1.5 4.9375 -0.6875
v -1.5 4.0625 -0.3125
v -1.5 4.0625 -0.6875
v -1.6875 4.0625 -0.3125
v -1.6875 4.0625 -0.6875
v -1.6875 3.0625 -0.3125
v -1.6875 3.0625 -0.6875
v -1.5 4.0625 -0.3125
v -1.5 4.0625 -0.6875
v -1.5 3.0625 -0.3125
v -1.5 3.0625 -0.6875
v -1.6875 3.0625 -0.3125
v -1.6875 3.0625 -0.6875
v -1.6875 2.0625 -0.3125
v -1.6875 2.0625 -0.6875
v -1.5 3.0625 -0.3125
v -1.5 3.0625 -0.6875
v -1.5 2.0625 -0.3125
v -1.5 2.0625 -0.6875
v -1.6875 2.0625 -0.3125
v -1.6875 2.0625 -0.6875
v -1.6875 1.0625 -0.3125
v -1.6875 1.0625 -0.6875
v -1.5 2.0625 -0.3125
v -1.5 2.0625 -0.6875
v -1.5 1.0625 -0.3125
v -1.5 1.0625 -0.6875
v -1.6875 1.0625 -0.3125
v -1.6875 1.0625 -0.6875
v -1.6875 0.0625 -0.3125
v -1.6875 0.0625 -0.6875
v -1.5 1.0625 -0.3125
v -1.5 1.0625 -0.6875
v -1.5 0.0625 -0.3125
v -1.5 0.0625 -0.6875
v -1.6875 0.0625 -0.3125
v -1.6875 0.0625 -0.6875
v -1.6875 -0.9375 -0.3125
v -1.6875 -0.9375 -0.6875
v -1.5 0.0625 -0.3125
v -1.5 0.0625 -0.6875
v -1.5 -0.9375 -0.3125
v -1.5 -0.9375 -0.6875
v 2.5 1.5 3
v 2.5 1.5 2
v 2.5 1 3
v 2.5 1 2
v 2 1.5 3
v 2 1.5 2
v 2 1 3
v 2 1 2
v 2.5 1.5 0
v 2.5 1.5 -1
v 2.5 1 0
v 2.5 1 -1
v 2 1.5 0
v 2 1.5 -1
v 2 1 0
v 2 1 -1
v -1 1.5 0
v -1 1.5 -1
v -1 1 0
v -1 1 -1
v -1.5 1.5 0
v -1.5 1.5 -1
v -1.5 1 0
v -1.5 1 -1
v -1 1.5 3
v -1 1.5 2
v -1 1 3
v -1 1 2
v -1.5 1.5 3
v -1.5 1.5 2
v -1.5 1 3
v -1.5 1 2
v -1 4 3
v -1 4 2
v -1 3 3
v -1 3 2
v -1.5 4 3
v -1.5 4 2
v -1.5 3 3
v -1.5 3 2
v -1 4.5 3
v -1 4.5 2
v -1 4 3
v -1 4 2
v -1.5 4.5 3
v -1.5 4.5 2
v -1.5 4 3
v -1.5 4 2
v 2.5 4.5 3
v 2.5 4.5 2
v 2.5 4 3
v 2.5 4 2
v 2 4.5 3
v 2 4.5 2
v 2 4 3
v 2 4 2
v -1 3 3
v -1 3 2
v -1 2 3
v -1 2 2
v -1.5 3 3
v -1.5 3 2
v -1.5 2 3
v -1.5 2 2
v -1 1 3
v -1 1 2
v -1 0 3
v -1 0 2
v -1.5 1 3
v -1.5 1 2
v -1.5 0 3
v -1.5 0 2
v -1 1 0
v -1 1 -1
v -1 0 0
v -1 0 -1
v -1.5 1 0
v -1.5 1 -1
v -1.5 0 0
v -1.5 0 -1
v -1 3 0
v -1 3 -1
v -1 2 0
v -1 2 -1
v -1.5 3 0
v -1.5 3 -1
v -1.5 2 0
v -1.5 2 -1
v -1 4 0
v -1 4 -1
v -1 3 0
v -1 3 -1
v -1.5 4 0
v -1.5 4 -1
v -1.5 3 0
v -1.5 3 -1
v -1 4.5 0
v -1 4.5 -1
v -1 4 0
v -1 4 -1
v -1.5 4.5 0
v -1.5 4.5 -1
v -1.5 4 0
v -1.5 4 -1
v 2.5 4 3
v 2.5 4 2
v 2.5 3 3
v 2.5 3 2
v 2 4 3
v 2 4 2
v 2 3 3
v 2 3 2
v 2.5 3 3
v 2.5 3 2
v 2.5 2 3
v 2.5 2 2
v 2 3 3
v 2 3 2
v 2 2 3
v 2 2 2
v 2.5 1 3
v 2.5 1 2
v 2.5 0 3
v 2.5 0 2
v 2 1 3
v 2 1 2
v 2 0 3
v 2 0 2
v 2.5 1 0
v 2.5 1 -1
v 2.5 0 0
v 2.5 0 -1
v 2 1 0
v 2 1 -1
v 2 0 0
v 2 0 -1
v 2.5 3 0
v 2.5 3 -1
v 2.5 2 0
v 2.5 2 -1
v 2 3 0
v 2 3 -1
v 2 2 0
v 2 2 -1
v 2.5 4 0
v 2.5 4 -1
v 2.5 3 0
v 2.5 3 -1
v 2 4 0
v 2 4 -1
v 2 3 0
v 2 3 -1
v 2.5 4.5 0
v 2.5 4.5 -1
v 2.5 4 0
v 2.5 4 -1
v 2 4.5 0
v 2 4.5 -1
v 2 4 0
v 2 4 -1
v 3 2 3
v 3 2 2
v 3 1.5 3
v 3 1.5 2
v 2 2 3
v 2 2 2
v 2 1.5 3
v 2 1.5 2
v 3 2 2
v 3 2 1
v 3 1.5 2
v 3 1.5 1
v 2 2 2
v 2 2 1
v 2 1.5 2
v 2 1.5 1
v 3 2 1
v 3 2 0
v 3 1.5 1
v 3 1.5 0
v 2 2 1
v 2 2 0
v 2 1.5 1
v 2 1.5 0
v 3 2 0
v 3 2 -1
v 3 1.5 0
v 3 1.5 -1
v 2 2 0
v 2 2 -1
v 2 1.5 0
v 2 1.5 -1
v -1 2 3
v -1 2 2
v -1 1.5 3
v -1 1.5 2
v -2 2 3
v -2 2 2
v -2 1.5 3
v -2 1.5 2
v -1 5 3
v -1 5 2
v -1 4.5 3
v -1 4.5 2
v -2 5 3
v -2 5 2
v -2 4.5 3
v -2 4.5 2
v -1 5 2
v -1 5 1
v -1 4.5 2
v -1 4.5 1
v -2 5 2
v -2 5 1
v -2 4.5 2
v -2 4.5 1
v -1 5 1
v -1 5 0
v -1 4.5 1
v -1 4.5 0
v -2 5 1
v -2 5 0
v -2 4.5 1
v -2 4.5 0
v -1 5 0
v -1 5 -1
v -1 4.5 0
v -1 4.5 -1
v -2 5 0
v -2 5 -1
v -2 4.5 0
v -2 4.5 -1
v 3 5 3
v 3 5 2
v 3 4.5 3
v 3 4.5 2
v 2 5 3
v 2 5 2
v 2 4.5 3
v 2 4.5 2
v 3 5 2
v 3 5 1
v 3 4.5 2
v 3 4.5 1
v 2 5 2
v 2 5 1
v 2 4.5 2
v 2 4.5 1
v 3 5 1
v 3 5 0
v 3 4.5 1
v 3 4.5 0
v 2 5 1
v 2 5 0
v 2 4.5 1
v 2 4.5 0
v 3 5 0
v 3 5 -1
v 3 4.5 0
v 3 4.5 -1
v 2 5 0
v 2 5 -1
v 2 4.5 0
v 2 4.5 -1
v -1 2 2
v -1 2 1
v -1 1.5 2
v -1 1.5 1
v -2 2 2
v -2 2 1
v -2 1.5 2
v -2 1.5 1
v -1 2 1
v -1 2 0
v -1 1.5 1
v -1 1.5 0
v -2 2 1
v -2 2 0
v -2 1.5 1
v -2 1.5 0
v -1 2 0
v -1 2 -1
v -1 1.5 0
v -1 1.5 -1
v -2 2 0
v -2 2 -1
v -2 1.5 0
v -2 1.5 -1
v -0.5 0 3
v -0.5 0 2
v -0.5 -0.5 3
v -0.5 -0.5 2
v -1.5 0 3
v -1.5 0 2
v -1.5 -0.5 3
v -1.5 -0.5 2
v 1 -0.5 2
v 1 -0.5 1
v 1 -1 2
v 1 -1 1
v 0 -0.5 2
v 0 -0.5 1
v 0 -1 2
v 0 -1 1
v 2 -0.5 2
v 2 -0.5 1
v 2 -1 2
v 2 -1 1
v 1 -0.5 2
v 1 -0.5 1
v 1 -1 2
v 1 -1 1
v 2 -0.5 1
v 2 -0.5 0
v 2 -1 1
v 2 -1 0
v 1 -0.5 1
v 1 -0.5 0
v 1 -1 1
v 1 -1 0
v 1 -0.5 1
v 1 -0.5 0
v 1 -1 1
v 1 -1 0
v 0 -0.5 1
v 0 -0.5 0
v 0 -1 1
v 0 -1 0
v 0 -0.5 1
v 0 -0.5 0
v 0 -1 1
v 0 -1 0
v -1 -0.5 1
v -1 -0.5 0
v -1 -1 1
v -1 -1 0
v 0 -0.5 2
v 0 -0.5 1
v 0 -1 2
v 0 -1 1
v -1 -0.5 2
v -1 -0.5 1
v -1 -1 2
v -1 -1 1
v 3 -0.5 3
v 3 -0.5 2
v 3 -1 3
v 3 -1 2
v 2 -0.5 3
v 2 -0.5 2
v 2 -1 3
v 2 -1 2
v 2 0 0
v 2 0 -1
v 2 -1 0
v 2 -1 -1
v 1 0 0
v 1 0 -1
v 1 -1 0
v 1 -1 -1
v 3 0 0
v 3 0 -1
v 3 -1 0
v 3 -1 -1
v 2 0 0
v 2 0 -1
v 2 -1 0
v 2 -1 -1
v 0 0 0
v 0 0 -1
v 0 -1 0
v 0 -1 -1
v -1 0 0
v -1 0 -1
v -1 -1 0
v -1 -1 -1
v -1 0 0
v -1 0 -1
v -1 -1 0
v -1 -1 -1
v -2 0 0
v -2 0 -1
v -2 -1 0
v -2 -1 -1
vt 0.265625 0.875
vt 0.09375 0.875
vt 0.09375 0.796875
vt 0.265625 0.796875
vt 0.265625 0.796875
vt 0.265625 0.875
vt 0.09375 0.875
vt 0.09375 0.796875
vt 0.265625 0.796875
vt 0.265625 0.875
vt 0.09375 0.875
vt 0.09375 0.796875
vt 0.265625 0.875
vt 0.09375 0.875
vt 0.09375 0.796875
vt 0.265625 0.796875
vt 0.2421875 0.796875
vt 0.2421875 0.875
vt 0.1640625 0.875
vt 0.1640625 0.796875
vt 0.2421875 0.875
vt 0.1640625 0.875
vt 0.1640625 0.796875
vt 0.2421875 0.796875
vt 0.21875 0.875
vt 0.140625 0.875
vt 0.140625 0.796875
vt 0.21875 0.796875
vt 0.21875 0.796875
vt 0.21875 0.875
vt 0.140625 0.875
vt 0.140625 0.796875
vt 0.1328125 0.796875
vt 0.2734375 0.796875
vt 0.2734375 0.875
vt 0.1328125 0.875
vt 0.2734375 0.796875
vt 0.2734375 0.875
vt 0.1328125 0.875
vt 0.1328125 0.796875
vt 0.2734375 0.796875
vt 0.2734375 0.875
vt 0.1328125 0.875
vt 0.1328125 0.796875
vt 0.2734375 0.875
vt 0.1328125 0.875
vt 0.1328125 0.796875
vt 0.2734375 0.796875
vt 0.1015625 0.875
vt 0.0234375 0.875
vt 0.0234375 0.796875
vt 0.1015625 0.796875
vt 0.1015625 0.796875
vt 0.1015625 0.875
vt 0.0234375 0.875
vt 0.0234375 0.796875
vt 0 0.796875
vt 0.171875 0.796875
vt 0.171875 0.875
vt 0 0.875
vt 0.171875 0.796875
vt 0.171875 0.875
vt 0 0.875
vt 0 0.796875
vt 0.171875 0.796875
vt 0.171875 0.875
vt 0 0.875
vt 0 0.796875
vt 0.171875 0.875
vt 0 0.875
vt 0 0.796875
vt 0.171875 0.796875
vt 0.1484375 0.875
vt 0 0.875
vt 0 0.796875
vt 0.1484375 0.796875
vt 0.1484375 0.796875
vt 0.1484375 0.875
vt 0 0.875
vt 0 0.796875
vt 0.1484375 0.796875
vt 0.1484375 0.875
vt 0 0.875
vt 0 0.796875
vt 0.1484375 0.875
vt 0 0.875
vt 0 0.796875
vt 0.1484375 0.796875
vt 0.234375 0.796875
vt 0.234375 0.875
vt 0.15625 0.875
vt 0.15625 0.796875
vt 0.234375 0.875
vt 0.15625 0.875
vt 0.15625 0.796875
vt 0.234375 0.796875
vt 0.578125 0.859375
vt 0.5625 0.859375
vt 0.5625 0.765625
vt 0.578125 0.765625
vt 0.578125 0.765625
vt 0.578125 0.859375
vt 0.5625 0.859375
vt 0.5625 0.765625
vt 0.46875 0.859375
vt 0.5625 0.859375
vt 0.5625 0.875
vt 0.46875 0.875
vt 0.5625 0.75
vt 0.5625 0.765625
vt 0.46875 0.765625
vt 0.46875 0.75
vt 0.5625 0.765625
vt 0.5625 0.859375
vt 0.46875 0.859375
vt 0.46875 0.765625
vt 0.671875 0.859375
vt 0.578125 0.859375
vt 0.578125 0.765625
vt 0.671875 0.765625
vt 0.4296875 0.6171875
vt 0.40625 0.6171875
vt 0.40625 0.5078125
vt 0.4296875 0.5078125
vt 0.40625 0.5078125
vt 0.40625 0.6171875
vt 0.4296875 0.6171875
vt 0.4296875 0.5078125
vt 0.40625 0.5078125
vt 0.40625 0.6171875
vt 0.4296875 0.6171875
vt 0.4296875 0.5078125
vt 0.4296875 0.6171875
vt 0.40625 0.6171875
vt 0.40625 0.5078125
vt 0.4296875 0.5078125
vt 0.3984375 0.5078125
vt 0.3984375 0.6171875
vt 0.2890625 0.6171875
vt 0.2890625 0.5078125
vt 0.4921875 0.9921875
vt 0.3828125 0.9921875
vt 0.3828125 0.8828125
vt 0.4921875 0.8828125
vt 0.1015625 0.796875
vt 0.1015625 0.875
vt 0.0234375 0.875
vt 0.0234375 0.796875
vt 0.1015625 0.875
vt 0.0234375 0.875
vt 0.0234375 0.796875
vt 0.1015625 0.796875
vt 0.0234375 0.875
vt 0.0234375 0.796875
vt 0.1484375 0.796875
vt 0.1484375 0.875
vt 0.1484375 0.875
vt 0.0234375 0.875
vt 0.0234375 0.796875
vt 0.1484375 0.796875
vt 0.1484375 0.875
vt 0.0234375 0.875
vt 0.0234375 0.796875
vt 0.1484375 0.796875
vt 0.1484375 0.796875
vt 0.1484375 0.875
vt 0.0234375 0.875
vt 0.0234375 0.796875
vt 0.0234375 0.875
vt 0.1015625 0.875
vt 0.1015625 0.796875
vt 0.0234375 0.796875
vt 0.0234375 0.796875
vt 0.0234375 0.875
vt 0.1015625 0.875
vt 0.1015625 0.796875
vt 0.1484375 0.796875
vt 0.0234375 0.796875
vt 0.0234375 0.875
vt 0.1484375 0.875
vt 0.0234375 0.796875
vt 0.0234375 0.875
vt 0.1484375 0.875
vt 0.1484375 0.796875
vt 0.0234375 0.796875
vt 0.0234375 0.875
vt 0.1484375 0.875
vt 0.1484375 0.796875
vt 0.0234375 0.875
vt 0.1484375 0.875
vt 0.1484375 0.796875
vt 0.0234375 0.796875
vt 0.671875 0.765625
vt 0.671875 0.859375
vt 0.578125 0.859375
vt 0.578125 0.765625
vt 0.56250078125 0.859375
vt 0.46875 0.859375
vt 0.46875 0.765625
vt 0.56250078125 0.765625
vt 0.5625 0.875
vt 0.46875 0.875
vt 0.46875 0.85970234375
vt 0.5625 0.859375
vt 0.46875 0.75032734375
vt 0.46875 0.765625
vt 0.5625 0.765625
vt 0.5625 0.75
vt 0.5625 0.859375
vt 0.57779765625 0.859375
vt 0.57779765625 0.765625
vt 0.5625 0.765625
vt 0.578125 0.765625
vt 0.578125 0.859375
vt 0.5625 0.859375
vt 0.5625 0.765625
vt 0.578125 0.859375
vt 0.671875 0.859375
vt 0.671875 0.765625
vt 0.578125 0.765625
vt 0.46875 0.765625
vt 0.46875 0.859375
vt 0.56250078125 0.859375
vt 0.56250078125 0.765625
vt 0.46875 0.85970234375
vt 0.46875 0.875
vt 0.5625 0.875
vt 0.5625 0.859375
vt 0.5625 0.765625
vt 0.46875 0.765625
vt 0.46875 0.75032734375
vt 0.5625 0.75
vt 0.57779765625 0.765625
vt 0.57779765625 0.859375
vt 0.5625 0.859375
vt 0.5625 0.765625
vt 0.5625 0.859375
vt 0.578125 0.859375
vt 0.578125 0.765625
vt 0.5625 0.765625
vt 0.265625 0.796875
vt 0.265625 0.875
vt 0.09375 0.875
vt 0.09375 0.796875
vt 0.265625 0.875
vt 0.09375 0.875
vt 0.09375 0.796875
vt 0.265625 0.796875
vt 0.09375 0.796875
vt 0.265625 0.796875
vt 0.265625 0.875
vt 0.09375 0.875
vt 0.09375 0.875
vt 0.09375 0.796875
vt 0.265625 0.796875
vt 0.265625 0.875
vt 0.2421875 0.875
vt 0.1640625 0.875
vt 0.1640625 0.796875
vt 0.2421875 0.796875
vt 0.2421875 0.796875
vt 0.2421875 0.875
vt 0.1640625 0.875
vt 0.1640625 0.796875
vt 0.5625 0.765625
vt 0.5625 0.859375
vt 0.578125 0.859375
vt 0.578125 0.765625
vt 0.578125 0.859375
vt 0.5625 0.859375
vt 0.5625 0.765625
vt 0.578125 0.765625
vt 0.46875 0.875
vt 0.46875 0.859375
vt 0.5625 0.859375
vt 0.5625 0.875
vt 0.5625 0.765625
vt 0.46875 0.765625
vt 0.46875 0.75
vt 0.5625 0.75
vt 0.5625 0.859375
vt 0.46875 0.859375
vt 0.46875 0.765625
vt 0.5625 0.765625
vt 0.671875 0.765625
vt 0.671875 0.859375
vt 0.578125 0.859375
vt 0.578125 0.765625
vt 0.5625 0.765625
vt 0.5625 0.859375
vt 0.578125 0.859375
vt 0.578125 0.765625
vt 0.578125 0.859375
vt 0.5625 0.859375
vt 0.5625 0.765625
vt 0.578125 0.765625
vt 0.46875 0.875
vt 0.46875 0.859375
vt 0.5625 0.859375
vt 0.5625 0.875
vt 0.5625 0.765625
vt 0.46875 0.765625
vt 0.46875 0.75
vt 0.5625 0.75
vt 0.5625 0.859375
vt 0.46875 0.859375
vt 0.46875 0.765625
vt 0.5625 0.765625
vt 0.671875 0.765625
vt 0.671875 0.859375
vt 0.578125 0.859375
vt 0.578125 0.765625
vt 0 0.875
vt 0 0.796875
vt 0.2421875 0.796875
vt 0.2421875 0.875
vt 0 0.796875
vt 0.2421875 0.796875
vt 0.2421875 0.875
vt 0 0.875
vt 0.140625 0.875
vt 0.140625 0.796875
vt 0.21875 0.796875
vt 0.21875 0.875
vt 0.21875 0.875
vt 0.140625 0.875
vt 0.140625 0.796875
vt 0.21875 0.796875
vt 0 0.796875
vt 0.2421875 0.796875
vt 0.2421875 0.875
vt 0 0.875
vt 0 0.875
vt 0 0.796875
vt 0.2421875 0.796875
vt 0.2421875 0.875
vt 0.5625 0.859375
vt 0.5625 0.765625
vt 0.578125 0.765625
vt 0.578125 0.859375
vt 0.578125 0.765625
vt 0.5625 0.765625
vt 0.5625 0.859375
vt 0.578125 0.859375
vt 0.5625 0.765625
vt 0.46875 0.765625
vt 0.46875 0.859375
vt 0.5625 0.859375
vt 0.671875 0.859375
vt 0.671875 0.765625
vt 0.578125 0.765625
vt 0.578125 0.859375
vt 0.5625 0.75
vt 0.5625 0.765625
vt 0.46875 0.765625
vt 0.46875 0.75
vt 0.46875 0.859375
vt 0.5625 0.859375
vt 0.5625 0.875
vt 0.46875 0.875
vt 0.5625 0.859375
vt 0.5625 0.765625
vt 0.578125 0.765625
vt 0.578125 0.859375
vt 0.578125 0.765625
vt 0.5625 0.765625
vt 0.5625 0.859375
vt 0.578125 0.859375
vt 0.5625 0.765625
vt 0.46875 0.765625
vt 0.46875 0.859375
vt 0.5625 0.859375
vt 0.671875 0.859375
vt 0.671875 0.765625
vt 0.578125 0.765625
vt 0.578125 0.859375
vt 0.5625 0.75
vt 0.5625 0.765625
vt 0.46875 0.765625
vt 0.46875 0.75
vt 0.46875 0.859375
vt 0.5625 0.859375
vt 0.5625 0.875
vt 0.46875 0.875
vt 0.2421875 0.875
vt 0 0.875
vt 0 0.796875
vt 0.2421875 0.796875
vt 0 0.875
vt 0 0.796875
vt 0.2421875 0.796875
vt 0.2421875 0.875
vt 0.1015625 0.875
vt 0.0234375 0.875
vt 0.0234375 0.796875
vt 0.1015625 0.796875
vt 0.1015625 0.796875
vt 0.1015625 0.875
vt 0.0234375 0.875
vt 0.0234375 0.796875
vt 0 0.875
vt 0 0.796875
vt 0.2421875 0.796875
vt 0.2421875 0.875
vt 0.2421875 0.875
vt 0 0.875
vt 0 0.796875
vt 0.2421875 0.796875
vt 0.578125 0.765625
vt 0.5625 0.765625
vt 0.5625 0.859375
vt 0.578125 0.859375
vt 0.5625 0.765625
vt 0.5625 0.859375
vt 0.578125 0.859375
vt 0.578125 0.765625
vt 0.5625 0.859375
vt 0.5625 0.765625
vt 0.46875 0.765625
vt 0.46875 0.859375
vt 0.578125 0.859375
vt 0.671875 0.859375
vt 0.671875 0.765625
vt 0.578125 0.765625
vt 0.46875 0.75
vt 0.5625 0.75
vt 0.5625 0.765625
vt 0.46875 0.765625
vt 0.46875 0.875
vt 0.46875 0.859375
vt 0.5625 0.859375
vt 0.5625 0.875
vt 0.578125 0.765625
vt 0.5625 0.765625
vt 0.5625 0.859375
vt 0.578125 0.859375
vt 0.5625 0.765625
vt 0.5625 0.859375
vt 0.578125 0.859375
vt 0.578125 0.765625
vt 0.5625 0.859375
vt 0.5625 0.765625
vt 0.46875 0.765625
vt 0.46875 0.859375
vt 0.578125 0.859375
vt 0.671875 0.859375
vt 0.671875 0.765625
vt 0.578125 0.765625
vt 0.46875 0.75
vt 0.5625 0.75
vt 0.5625 0.765625
vt 0.46875 0.765625
vt 0.46875 0.875
vt 0.46875 0.859375
vt 0.5625 0.859375
vt 0.5625 0.875
vt 0.2421875 0.796875
vt 0.2421875 0.875
vt 0 0.875
vt 0 0.796875
vt 0.2421875 0.875
vt 0 0.875
vt 0 0.796875
vt 0.2421875 0.796875
vt 0.1015625 0.796875
vt 0.1015625 0.875
vt 0.0234375 0.875
vt 0.0234375 0.796875
vt 0.0234375 0.796875
vt 0.1015625 0.796875
vt 0.1015625 0.875
vt 0.0234375 0.875
vt 0.2421875 0.875
vt 0 0.875
vt 0 0.796875
vt 0.2421875 0.796875
vt 0.2421875 0.796875
vt 0.2421875 0.875
vt 0 0.875
vt 0 0.796875
vt 0.2421875 0.875
vt 0 0.875
vt 0 0.796875
vt 0.2421875 0.796875
vt 0 0.875
vt 0 0.796875
vt 0.2421875 0.796875
vt 0.2421875 0.875
vt 0.1015625 0.875
vt 0.0234375 0.875
vt 0.0234375 0.796875
vt 0.1015625 0.796875
vt 0.1015625 0.796875
vt 0.1015625 0.875
vt 0.0234375 0.875
vt 0.0234375 0.796875
vt 0 0.875
vt 0 0.796875
vt 0.2421875 0.796875
vt 0.2421875 0.875
vt 0.2421875 0.875
vt 0 0.875
vt 0 0.796875
vt 0.2421875 0.796875
vt 0.578125 0.765625
vt 0.5625 0.765625
vt 0.5625 0.859375
vt 0.578125 0.859375
vt 0.5625 0.765625
vt 0.5625 0.859375
vt 0.578125 0.859375
vt 0.578125 0.765625
vt 0.5625 0.859375
vt 0.5625 0.765625
vt 0.46875 0.765625
vt 0.46875 0.859375
vt 0.578125 0.859375
vt 0.671875 0.859375
vt 0.671875 0.765625
vt 0.578125 0.765625
vt 0.46875 0.75
vt 0.5625 0.75
vt 0.5625 0.765625
vt 0.46875 0.765625
vt 0.46875 0.875
vt 0.46875 0.859375
vt 0.5625 0.859375
vt 0.5625 0.875
vt 0.5625 0.859375
vt 0.5625 0.765625
vt 0.578125 0.765625
vt 0.578125 0.859375
vt 0.578125 0.765625
vt 0.5625 0.765625
vt 0.5625 0.859375
vt 0.578125 0.859375
vt 0.46875 0.765625
vt 0.5625 0.765625
vt 0.5625 0.859375
vt 0.46875 0.859375
vt 0.671875 0.765625
vt 0.671875 0.859375
vt 0.578125 0.859375
vt 0.578125 0.765625
vt 0.5625 0.765625
vt 0.5625 0.75
vt 0.46875 0.75
vt 0.46875 0.765625
vt 0.5625 0.859375
vt 0.46875 0.859375
vt 0.46875 0.875
vt 0.5625 0.875
vt 0.578125 0.765625
vt 0.5625 0.765625
vt 0.5625 0.859375
vt 0.578125 0.859375
vt 0.5625 0.859375
vt 0.5625 0.765625
vt 0.578125 0.765625
vt 0.578125 0.859375
vt 0.5625 0.859375
vt 0.5625 0.765625
vt 0.46875 0.765625
vt 0.46875 0.859375
vt 0.578125 0.859375
vt 0.671875 0.859375
vt 0.671875 0.765625
vt 0.578125 0.765625
vt 0.46875 0.75
vt 0.5625 0.75
vt 0.5625 0.765625
vt 0.46875 0.765625
vt 0.46875 0.875
vt 0.46875 0.859375
vt 0.5625 0.859375
vt 0.5625 0.875
vt 0.5625 0.859375
vt 0.5625 0.765625
vt 0.578125 0.765625
vt 0.578125 0.859375
vt 0.578125 0.765625
vt 0.5625 0.765625
vt 0.5625 0.859375
vt 0.578125 0.859375
vt 0.46875 0.765625
vt 0.5625 0.765625
vt 0.5625 0.859375
vt 0.46875 0.859375
vt 0.671875 0.765625
vt 0.671875 0.859375
vt 0.578125 0.859375
vt 0.578125 0.765625
vt 0.5625 0.765625
vt 0.5625 0.75
vt 0.46875 0.75
vt 0.46875 0.765625
vt 0.5625 0.859375
vt 0.46875 0.859375
vt 0.46875 0.875
vt 0.5625 0.875
vt 0.1015625 0.875
vt 0.0234375 0.875
vt 0.0234375 0.796875
vt 0.1015625 0.796875
vt 0.1015625 0.796875
vt 0.1015625 0.875
vt 0.0234375 0.875
vt 0.0234375 0.796875
vt 0.0234375 0.796875
vt 0.1484375 0.796875
vt 0.1484375 0.875
vt 0.0234375 0.875
vt 0.1484375 0.796875
vt 0.1484375 0.875
vt 0.0234375 0.875
vt 0.0234375 0.796875
vt 0.1484375 0.796875
vt 0.1484375 0.875
vt 0.0234375 0.875
vt 0.0234375 0.796875
vt 0.1484375 0.875
vt 0.0234375 0.875
vt 0.0234375 0.796875
vt 0.1484375 0.796875
vt 0.1015625 0.796875
vt 0.1015625 0.875
vt 0.0234375 0.875
vt 0.0234375 0.796875
vt 0.1015625 0.875
vt 0.0234375 0.875
vt 0.0234375 0.796875
vt 0.1015625 0.796875
vt 0.0234375 0.875
vt 0.0234375 0.796875
vt 0.1484375 0.796875
vt 0.1484375 0.875
vt 0.1484375 0.875
vt 0.0234375 0.875
vt 0.0234375 0.796875
vt 0.1484375 0.796875
vt 0.1484375 0.875
vt 0.0234375 0.875
vt 0.0234375 0.796875
vt 0.1484375 0.796875
vt 0.1484375 0.796875
vt 0.1484375 0.875
vt 0.0234375 0.875
vt 0.0234375 0.796875
vt 0.671875 0.765625
vt 0.671875 0.859375
vt 0.578125 0.859375
vt 0.578125 0.765625
vt 0.56250078125 0.859375
vt 0.46875 0.859375
vt 0.46875 0.765625
vt 0.56250078125 0.765625
vt 0.5625 0.875
vt 0.46875 0.875
vt 0.46875 0.85970234375
vt 0.5625 0.859375
vt 0.46875 0.75032734375
vt 0.46875 0.765625
vt 0.5625 0.765625
vt 0.5625 0.75
vt 0.5625 0.859375
vt 0.57779765625 0.859375
vt 0.57779765625 0.765625
vt 0.5625 0.765625
vt 0.578125 0.765625
vt 0.578125 0.859375
vt 0.5625 0.859375
vt 0.5625 0.765625
vt 0.578125 0.859375
vt 0.671875 0.859375
vt 0.671875 0.765625
vt 0.578125 0.765625
vt 0.46875 0.765625
vt 0.46875 0.859375
vt 0.56250078125 0.859375
vt 0.56250078125 0.765625
vt 0.46875 0.85970234375
vt 0.46875 0.875
vt 0.5625 0.875
vt 0.5625 0.859375
vt 0.5625 0.765625
vt 0.46875 0.765625
vt 0.46875 0.75032734375
vt 0.5625 0.75
vt 0.57779765625 0.765625
vt 0.57779765625 0.859375
vt 0.5625 0.859375
vt 0.5625 0.765625
vt 0.5625 0.859375
vt 0.578125 0.859375
vt 0.578125 0.765625
vt 0.5625 0.765625
vt 0.8984375 0.75
vt 0.5546875 0.75
vt 0.5546875 0.625
vt 0.8984375 0.625
vt 0.8984375 0.625
vt 0.8984375 0.75
vt 0.5546875 0.75
vt 0.5546875 0.625
vt 0.65625 0
vt 1 0
vt 1 0.34375
vt 0.65625 0.34375
vt 1 0
vt 1 0.34375
vt 0.65625 0.34375
vt 0.65625 0
vt 0.8984375 0.625
vt 0.8984375 0.75
vt 0.5546875 0.75
vt 0.5546875 0.625
vt 0.8984375 0.75
vt 0.5546875 0.75
vt 0.5546875 0.625
vt 0.8984375 0.625
vt 0.265625 0.46875
vt 0.078125 0.46875
vt 0 0.1484375
vt 0.34375 0.1484375
vt 0.34375 0.1484375
vt 0.265625 0.46875
vt 0.078125 0.46875
vt 0 0.1484375
vt 0.3359375 0.28125
vt 0.5234375 0.28125
vt 0.5234375 0.46875
vt 0.3359375 0.46875
vt 1 0
vt 1 0.34375
vt 0.65625 0.34375
vt 0.65625 0
vt 0.34375 0.1484375
vt 0.265625 0.46875
vt 0.078125 0.46875
vt 0 0.1484375
vt 0.265625 0.46875
vt 0.078125 0.46875
vt 0 0.1484375
vt 0.34375 0.1484375
vt 0.8984375 0.75
vt 0.5546875 0.75
vt 0.6140625 0.61161484375
vt 0.8390625 0.61161484375
vt 0.8390625 0.61161484375
vt 0.8984375 0.75
vt 0.5546875 0.75
vt 0.6140625 0.61161484375
vt 0.6484375 0
vt 0.9921875 0
vt 0.9921875 0.34375
vt 0.6484375 0.34375
vt 0.3109375 0.24375000000000002
vt 0.3109375 0.46875
vt 0.0859375 0.46875
vt 0.0859375 0.24375000000000002
vt 0.8390625 0.61161484375
vt 0.8984375 0.75
vt 0.5546875 0.75
vt 0.6140625 0.61161484375
vt 0.8984375 0.75
vt 0.5546875 0.75
vt 0.6140625 0.61161484375
vt 0.8390625 0.61161484375
vt 0.5234375 0.5
vt 0.3359375 0.5
vt 0.3359375 0.46875
vt 0.5234375 0.46875
vt 0.5234375 0.46875
vt 0.5234375 0.5
vt 0.3359375 0.5
vt 0.3359375 0.46875
vt 0.3359375 0.28125
vt 0.5234375 0.28125
vt 0.5234375 0.46875
vt 0.3359375 0.46875
vt 0.5234375 0.28125
vt 0.5234375 0.46875
vt 0.3359375 0.46875
vt 0.3359375 0.28125
vt 0.5234375 0.46875
vt 0.5234375 0.5
vt 0.3359375 0.5
vt 0.3359375 0.46875
vt 0.5234375 0.5
vt 0.3359375 0.5
vt 0.3359375 0.46875
vt 0.5234375 0.46875
vt 0.5625 0.75
vt 0.28125 0.75
vt 0.28125 0.625
vt 0.5625 0.625
vt 0.5625 0.625
vt 0.5625 0.75
vt 0.28125 0.75
vt 0.28125 0.625
vt 0 0.46875
vt 0.28125 0.46875
vt 0.28125 0.75
vt 0 0.75
vt 0.28125 0.46875
vt 0.28125 0.75
vt 0 0.75
vt 0 0.46875
vt 0.5625 0.625
vt 0.5625 0.75
vt 0.28125 0.75
vt 0.28125 0.625
vt 0.5625 0.75
vt 0.28125 0.75
vt 0.28125 0.625
vt 0.5625 0.625
vt 0.5234375 0.5859375
vt 0.5078125 0.5859375
vt 0.5078125 0.5546875
vt 0.5234375 0.5546875
vt 0.5234375 0.5546875
vt 0.5234375 0.5859375
vt 0.5078125 0.5859375
vt 0.5078125 0.5546875
vt 0.5234375 0.5078125
vt 0.7109375 0.5078125
vt 0.7109375 0.5234375
vt 0.5234375 0.5234375
vt 0.7109375 0.5390625
vt 0.7109375 0.5546875
vt 0.5234375 0.5546875
vt 0.5234375 0.5390625
vt 0.7109375 0.5546875
vt 0.7109375 0.5859375
vt 0.5234375 0.5859375
vt 0.5234375 0.5546875
vt 0.7109375 0.5859375
vt 0.5234375 0.5859375
vt 0.5234375 0.5546875
vt 0.7109375 0.5546875
vt 0.5234375 0.5625
vt 0.5234375 0.546875
vt 0.6015625 0.546875
vt 0.6015625 0.5625
vt 0.60413125 0.58069375
vt 0.52600625 0.58069375
vt 0.52600625 0.55993125
vt 0.60413125 0.55993125
vt 0.4443359375 0.5068359375
vt 0.4443359375 0.5537109375
vt 0.4287109375 0.5537109375
vt 0.4287109375 0.521102265625
vt 0.5390625 0.5546875
vt 0.5234375 0.5546875
vt 0.5234375 0.5078125
vt 0.5390625 0.522078828125
vt 0.5234375 0.5546875
vt 0.4453125 0.5546875
vt 0.4453125 0.5078125
vt 0.5234375 0.5078125
vt 0.4453125 0.5859375
vt 0.4453125 0.5546875
vt 0.5234375 0.5546875
vt 0.5234375 0.5859375
vt 0.5234375 0.5625
vt 0.5234375 0.546875
vt 0.6015625 0.546875
vt 0.6015625 0.5625
vt 0.60413125 0.58069375
vt 0.52600625 0.58069375
vt 0.52600625 0.55993125
vt 0.60413125 0.55993125
vt 0.4443359375 0.5068359375
vt 0.4443359375 0.5537109375
vt 0.4287109375 0.5537109375
vt 0.4287109375 0.521102265625
vt 0.5390625 0.5546875
vt 0.5234375 0.5546875
vt 0.5234375 0.5078125
vt 0.5390625 0.522078828125
vt 0.5234375 0.5546875
vt 0.4453125 0.5546875
vt 0.4453125 0.5078125
vt 0.5234375 0.5078125
vt 0.4453125 0.5859375
vt 0.4453125 0.5546875
vt 0.5234375 0.5546875
vt 0.5234375 0.5859375
vt 0.6015625 0.5625
vt 0.5234375 0.5625
vt 0.5234375 0.546875
vt 0.6015625 0.546875
vt 0.6015625 0.5625
vt 0.6015625 0.5859375
vt 0.5234375 0.5859375
vt 0.5234375 0.5625
vt 0.5390625 0.5546875
vt 0.5234375 0.5546875
vt 0.5234375 0.5078125
vt 0.5390625 0.522078828125
vt 0.4453125 0.5078125
vt 0.4453125 0.5546875
vt 0.4296875 0.5546875
vt 0.4296875 0.522078828125
vt 0.5234375 0.5078125
vt 0.5234375 0.5546875
vt 0.4453125 0.5546875
vt 0.4453125 0.5078125
vt 0.5234375 0.5859375
vt 0.4453125 0.5859375
vt 0.4453125 0.5546875
vt 0.5234375 0.5546875
vt 0.6015625 0.5625
vt 0.5234375 0.5625
vt 0.5234375 0.546875
vt 0.6015625 0.546875
vt 0.6015625 0.5625
vt 0.6015625 0.5859375
vt 0.5234375 0.5859375
vt 0.5234375 0.5625
vt 0.5390625 0.5546875
vt 0.5234375 0.5546875
vt 0.5234375 0.5078125
vt 0.5390625 0.522078828125
vt 0.4453125 0.5078125
vt 0.4453125 0.5546875
vt 0.4296875 0.5546875
vt 0.4296875 0.522078828125
vt 0.5234375 0.5078125
vt 0.5234375 0.5546875
vt 0.4453125 0.5546875
vt 0.4453125 0.5078125
vt 0.5234375 0.5859375
vt 0.4453125 0.5859375
vt 0.4453125 0.5546875
vt 0.5234375 0.5546875
vt 0.5546875 0.5625
vt 0.5 0.5625
vt 0.5 0.546875
vt 0.5546875 0.546875
vt 0.641133203125 0.562286328125
vt 0.641133203125 0.585723828125
vt 0.547383203125 0.585723828125
vt 0.547383203125 0.562286328125
vt 0.430195703125 0.555195703125
vt 0.445820703125 0.555195703125
vt 0.445820703125 0.508320703125
vt 0.430195703125 0.5225870312500001
vt 0.60640546875 0.5625
vt 0.546875 0.5625
vt 0.546875 0.546875
vt 0.59608828125 0.546875
vt 0.4453125 0.5078125
vt 0.4453125 0.5546875
vt 0.5 0.5546875
vt 0.5390625 0.5078125
vt 0.5 0.5546875
vt 0.4453125 0.5546875
vt 0.4453125 0.5859375
vt 0.5390625 0.5859375
vt 0.421875 0.6015625
vt 0.40625 0.6015625
vt 0.40630390625 0.54208203125
vt 0.421875 0.55235703125
vt 0.42182109375 0.54208203125
vt 0.421875 0.6015625
vt 0.40625 0.6015625
vt 0.40625 0.55235703125
vt 0.484375 0.5546875
vt 0.75 0.5546875
vt 0.75 0.5703125
vt 0.484375 0.5703125
vt 0.791199921875 0.5078125
vt 0.8046875 0.5234375
vt 0.4296875 0.5234375
vt 0.443174296875 0.5078125
vt 0.8046875 0.5234375
vt 0.751651640625 0.5546875
vt 0.482723359375 0.5546875
vt 0.4296875 0.5234375
vt 0.75 0.5546875
vt 0.484375 0.5546875
vt 0.4453125 0.5234375
vt 0.7890625 0.5234375
vt 0.51171875 0.5625
vt 0.51171875 0.546875
vt 0.56640625 0.546875
vt 0.56640625 0.5625
vt 0.6328125 0.5859375
vt 0.5390625 0.5859375
vt 0.5390625 0.5625
vt 0.6328125 0.5625
vt 0.4453125 0.5078125
vt 0.4453125 0.5546875
vt 0.4296875 0.5546875
vt 0.4296875 0.522078828125
vt 0.5859375 0.578125
vt 0.5703125 0.578125
vt 0.5703125 0.51859453125
vt 0.5859375 0.52891171875
vt 0.5 0.5546875
vt 0.4453125 0.5546875
vt 0.4453125 0.5078125
vt 0.5390625 0.5078125
vt 0.4453125 0.5859375
vt 0.4453125 0.5546875
vt 0.5 0.5546875
vt 0.5390625 0.5859375
vt 0.5234375 0.5859375
vt 0.5078125 0.5859375
vt 0.5078125 0.5546875
vt 0.5234375 0.5546875
vt 0.5234375 0.5546875
vt 0.5234375 0.5859375
vt 0.5078125 0.5859375
vt 0.5078125 0.5546875
vt 0.5234375 0.5078125
vt 0.7109375 0.5078125
vt 0.7109375 0.5234375
vt 0.5234375 0.5234375
vt 0.7109375 0.5390625
vt 0.7109375 0.5546875
vt 0.5234375 0.5546875
vt 0.5234375 0.5390625
vt 0.7109375 0.5546875
vt 0.7109375 0.5859375
vt 0.5234375 0.5859375
vt 0.5234375 0.5546875
vt 0.7109375 0.5859375
vt 0.5234375 0.5859375
vt 0.5234375 0.5546875
vt 0.7109375 0.5546875
vt 0.5234375 0.5625
vt 0.5234375 0.546875
vt 0.6015625 0.546875
vt 0.6015625 0.5625
vt 0.60413125 0.58069375
vt 0.52600625 0.58069375
vt 0.52600625 0.55993125
vt 0.60413125 0.55993125
vt 0.4443359375 0.5068359375
vt 0.4443359375 0.5537109375
vt 0.4287109375 0.5537109375
vt 0.4287109375 0.521102265625
vt 0.5390625 0.5546875
vt 0.5234375 0.5546875
vt 0.5234375 0.5078125
vt 0.5390625 0.522078828125
vt 0.5234375 0.5546875
vt 0.4453125 0.5546875
vt 0.4453125 0.5078125
vt 0.5234375 0.5078125
vt 0.4453125 0.5859375
vt 0.4453125 0.5546875
vt 0.5234375 0.5546875
vt 0.5234375 0.5859375
vt 0.5234375 0.5625
vt 0.5234375 0.546875
vt 0.6015625 0.546875
vt 0.6015625 0.5625
vt 0.60413125 0.58069375
vt 0.52600625 0.58069375
vt 0.52600625 0.55993125
vt 0.60413125 0.55993125
vt 0.4443359375 0.5068359375
vt 0.4443359375 0.5537109375
vt 0.4287109375 0.5537109375
vt 0.4287109375 0.521102265625
vt 0.5390625 0.5546875
vt 0.5234375 0.5546875
vt 0.5234375 0.5078125
vt 0.5390625 0.522078828125
vt 0.5234375 0.5546875
vt 0.4453125 0.5546875
vt 0.4453125 0.5078125
vt 0.5234375 0.5078125
vt 0.4453125 0.5859375
vt 0.4453125 0.5546875
vt 0.5234375 0.5546875
vt 0.5234375 0.5859375
vt 0.6015625 0.5625
vt 0.5234375 0.5625
vt 0.5234375 0.546875
vt 0.6015625 0.546875
vt 0.6015625 0.5625
vt 0.6015625 0.5859375
vt 0.5234375 0.5859375
vt 0.5234375 0.5625
vt 0.5390625 0.5546875
vt 0.5234375 0.5546875
vt 0.5234375 0.5078125
vt 0.5390625 0.522078828125
vt 0.4453125 0.5078125
vt 0.4453125 0.5546875
vt 0.4296875 0.5546875
vt 0.4296875 0.522078828125
vt 0.5234375 0.5078125
vt 0.5234375 0.5546875
vt 0.4453125 0.5546875
vt 0.4453125 0.5078125
vt 0.5234375 0.5859375
vt 0.4453125 0.5859375
vt 0.4453125 0.5546875
vt 0.5234375 0.5546875
vt 0.6015625 0.5625
vt 0.5234375 0.5625
vt 0.5234375 0.546875
vt 0.6015625 0.546875
vt 0.6015625 0.5625
vt 0.6015625 0.5859375
vt 0.5234375 0.5859375
vt 0.5234375 0.5625
vt 0.5390625 0.5546875
vt 0.5234375 0.5546875
vt 0.5234375 0.5078125
vt 0.5390625 0.522078828125
vt 0.4453125 0.5078125
vt 0.4453125 0.5546875
vt 0.4296875 0.5546875
vt 0.4296875 0.522078828125
vt 0.5234375 0.5078125
vt 0.5234375 0.5546875
vt 0.4453125 0.5546875
vt 0.4453125 0.5078125
vt 0.5234375 0.5859375
vt 0.4453125 0.5859375
vt 0.4453125 0.5546875
vt 0.5234375 0.5546875
vt 0.5546875 0.5625
vt 0.5 0.5625
vt 0.5 0.546875
vt 0.5546875 0.546875
vt 0.641133203125 0.562286328125
vt 0.641133203125 0.585723828125
vt 0.547383203125 0.585723828125
vt 0.547383203125 0.562286328125
vt 0.430195703125 0.555195703125
vt 0.445820703125 0.555195703125
vt 0.445820703125 0.508320703125
vt 0.430195703125 0.5225870312500001
vt 0.60640546875 0.5625
vt 0.546875 0.5625
vt 0.546875 0.546875
vt 0.59608828125 0.546875
vt 0.4453125 0.5078125
vt 0.4453125 0.5546875
vt 0.5 0.5546875
vt 0.5390625 0.5078125
vt 0.5 0.5546875
vt 0.4453125 0.5546875
vt 0.4453125 0.5859375
vt 0.5390625 0.5859375
vt 0.51171875 0.5625
vt 0.51171875 0.546875
vt 0.56640625 0.546875
vt 0.56640625 0.5625
vt 0.6328125 0.5859375
vt 0.5390625 0.5859375
vt 0.5390625 0.5625
vt 0.6328125 0.5625
vt 0.4453125 0.5078125
vt 0.4453125 0.5546875
vt 0.4296875 0.5546875
vt 0.4296875 0.522078828125
vt 0.5859375 0.578125
vt 0.5703125 0.578125
vt 0.5703125 0.51859453125
vt 0.5859375 0.52891171875
vt 0.5 0.5546875
vt 0.4453125 0.5546875
vt 0.4453125 0.5078125
vt 0.5390625 0.5078125
vt 0.4453125 0.5859375
vt 0.4453125 0.5546875
vt 0.5 0.5546875
vt 0.5390625 0.5859375
vt 0.421875 0.6015625
vt 0.40625 0.6015625
vt 0.40630390625 0.54208203125
vt 0.421875 0.55235703125
vt 0.42182109375 0.54208203125
vt 0.421875 0.6015625
vt 0.40625 0.6015625
vt 0.40625 0.55235703125
vt 0.484375 0.5546875
vt 0.75 0.5546875
vt 0.75 0.5703125
vt 0.484375 0.5703125
vt 0.791199921875 0.5078125
vt 0.8046875 0.5234375
vt 0.4296875 0.5234375
vt 0.443174296875 0.5078125
vt 0.8046875 0.5234375
vt 0.751651640625 0.5546875
vt 0.482723359375 0.5546875
vt 0.4296875 0.5234375
vt 0.75 0.5546875
vt 0.484375 0.5546875
vt 0.4453125 0.5234375
vt 0.7890625 0.5234375
vt 0.5234375 0.5859375
vt 0.5078125 0.5859375
vt 0.5078125 0.5546875
vt 0.5234375 0.5546875
vt 0.5234375 0.5546875
vt 0.5234375 0.5859375
vt 0.5078125 0.5859375
vt 0.5078125 0.5546875
vt 0.5234375 0.5078125
vt 0.7109375 0.5078125
vt 0.7109375 0.5234375
vt 0.5234375 0.5234375
vt 0.7109375 0.5390625
vt 0.7109375 0.5546875
vt 0.5234375 0.5546875
vt 0.5234375 0.5390625
vt 0.7109375 0.5546875
vt 0.7109375 0.5859375
vt 0.5234375 0.5859375
vt 0.5234375 0.5546875
vt 0.7109375 0.5859375
vt 0.5234375 0.5859375
vt 0.5234375 0.5546875
vt 0.7109375 0.5546875
vt 0.5234375 0.5625
vt 0.5234375 0.546875
vt 0.6015625 0.546875
vt 0.6015625 0.5625
vt 0.60413125 0.58069375
vt 0.52600625 0.58069375
vt 0.52600625 0.55993125
vt 0.60413125 0.55993125
vt 0.4443359375 0.5068359375
vt 0.4443359375 0.5537109375
vt 0.4287109375 0.5537109375
vt 0.4287109375 0.521102265625
vt 0.5390625 0.5546875
vt 0.5234375 0.5546875
vt 0.5234375 0.5078125
vt 0.5390625 0.522078828125
vt 0.5234375 0.5546875
vt 0.4453125 0.5546875
vt 0.4453125 0.5078125
vt 0.5234375 0.5078125
vt 0.4453125 0.5859375
vt 0.4453125 0.5546875
vt 0.5234375 0.5546875
vt 0.5234375 0.5859375
vt 0.5234375 0.5625
vt 0.5234375 0.546875
vt 0.6015625 0.546875
vt 0.6015625 0.5625
vt 0.60413125 0.58069375
vt 0.52600625 0.58069375
vt 0.52600625 0.55993125
vt 0.60413125 0.55993125
vt 0.4443359375 0.5068359375
vt 0.4443359375 0.5537109375
vt 0.4287109375 0.5537109375
vt 0.4287109375 0.521102265625
vt 0.5390625 0.5546875
vt 0.5234375 0.5546875
vt 0.5234375 0.5078125
vt 0.5390625 0.522078828125
vt 0.5234375 0.5546875
vt 0.4453125 0.5546875
vt 0.4453125 0.5078125
vt 0.5234375 0.5078125
vt 0.4453125 0.5859375
vt 0.4453125 0.5546875
vt 0.5234375 0.5546875
vt 0.5234375 0.5859375
vt 0.6015625 0.5625
vt 0.5234375 0.5625
vt 0.5234375 0.546875
vt 0.6015625 0.546875
vt 0.6015625 0.5625
vt 0.6015625 0.5859375
vt 0.5234375 0.5859375
vt 0.5234375 0.5625
vt 0.5390625 0.5546875
vt 0.5234375 0.5546875
vt 0.5234375 0.5078125
vt 0.5390625 0.522078828125
vt 0.4453125 0.5078125
vt 0.4453125 0.5546875
vt 0.4296875 0.5546875
vt 0.4296875 0.522078828125
vt 0.5234375 0.5078125
vt 0.5234375 0.5546875
vt 0.4453125 0.5546875
vt 0.4453125 0.5078125
vt 0.5234375 0.5859375
vt 0.4453125 0.5859375
vt 0.4453125 0.5546875
vt 0.5234375 0.5546875
vt 0.6015625 0.5625
vt 0.5234375 0.5625
vt 0.5234375 0.546875
vt 0.6015625 0.546875
vt 0.6015625 0.5625
vt 0.6015625 0.5859375
vt 0.5234375 0.5859375
vt 0.5234375 0.5625
vt 0.5390625 0.5546875
vt 0.5234375 0.5546875
vt 0.5234375 0.5078125
vt 0.5390625 0.522078828125
vt 0.4453125 0.5078125
vt 0.4453125 0.5546875
vt 0.4296875 0.5546875
vt 0.4296875 0.522078828125
vt 0.5234375 0.5078125
vt 0.5234375 0.5546875
vt 0.4453125 0.5546875
vt 0.4453125 0.5078125
vt 0.5234375 0.5859375
vt 0.4453125 0.5859375
vt 0.4453125 0.5546875
vt 0.5234375 0.5546875
vt 0.421875 0.6015625
vt 0.40625 0.6015625
vt 0.40630390625 0.54208203125
vt 0.421875 0.55235703125
vt 0.42182109375 0.54208203125
vt 0.421875 0.6015625
vt 0.40625 0.6015625
vt 0.40625 0.55235703125
vt 0.484375 0.5546875
vt 0.75 0.5546875
vt 0.75 0.5703125
vt 0.484375 0.5703125
vt 0.791199921875 0.5078125
vt 0.8046875 0.5234375
vt 0.4296875 0.5234375
vt 0.443174296875 0.5078125
vt 0.8046875 0.5234375
vt 0.751651640625 0.5546875
vt 0.482723359375 0.5546875
vt 0.4296875 0.5234375
vt 0.75 0.5546875
vt 0.484375 0.5546875
vt 0.4453125 0.5234375
vt 0.7890625 0.5234375
vt 0.5546875 0.5625
vt 0.5 0.5625
vt 0.5 0.546875
vt 0.5546875 0.546875
vt 0.641133203125 0.562286328125
vt 0.641133203125 0.585723828125
vt 0.547383203125 0.585723828125
vt 0.547383203125 0.562286328125
vt 0.430195703125 0.555195703125
vt 0.445820703125 0.555195703125
vt 0.445820703125 0.508320703125
vt 0.430195703125 0.5225870312500001
vt 0.60640546875 0.5625
vt 0.546875 0.5625
vt 0.546875 0.546875
vt 0.59608828125 0.546875
vt 0.4453125 0.5078125
vt 0.4453125 0.5546875
vt 0.5 0.5546875
vt 0.5390625 0.5078125
vt 0.5 0.5546875
vt 0.4453125 0.5546875
vt 0.4453125 0.5859375
vt 0.5390625 0.5859375
vt 0.51171875 0.5625
vt 0.51171875 0.546875
vt 0.56640625 0.546875
vt 0.56640625 0.5625
vt 0.6328125 0.5859375
vt 0.5390625 0.5859375
vt 0.5390625 0.5625
vt 0.6328125 0.5625
vt 0.4453125 0.5078125
vt 0.4453125 0.5546875
vt 0.4296875 0.5546875
vt 0.4296875 0.522078828125
vt 0.5859375 0.578125
vt 0.5703125 0.578125
vt 0.5703125 0.51859453125
vt 0.5859375 0.52891171875
vt 0.5 0.5546875
vt 0.4453125 0.5546875
vt 0.4453125 0.5078125
vt 0.5390625 0.5078125
vt 0.4453125 0.5859375
vt 0.4453125 0.5546875
vt 0.5 0.5546875
vt 0.5390625 0.5859375
vt 0.53125 0.5859375
vt 0.515625 0.5859375
vt 0.515625 0.5546875
vt 0.53125 0.5546875
vt 0.5234375 0.5546875
vt 0.5234375 0.5859375
vt 0.5078125 0.5859375
vt 0.5078125 0.5546875
vt 0.5234375 0.5078125
vt 0.7109375 0.5078125
vt 0.7109375 0.5234375
vt 0.5234375 0.5234375
vt 0.7109375 0.5390625
vt 0.7109375 0.5546875
vt 0.5234375 0.5546875
vt 0.5234375 0.5390625
vt 0.7109375 0.5546875
vt 0.7109375 0.5859375
vt 0.5234375 0.5859375
vt 0.5234375 0.5546875
vt 0.7109375 0.5859375
vt 0.5234375 0.5859375
vt 0.5234375 0.5546875
vt 0.7109375 0.5546875
vt 0.5234375 0.5625
vt 0.5234375 0.546875
vt 0.6015625 0.546875
vt 0.6015625 0.5625
vt 0.60413125 0.58069375
vt 0.52600625 0.58069375
vt 0.52600625 0.55993125
vt 0.60413125 0.55993125
vt 0.4443359375 0.5068359375
vt 0.4443359375 0.5537109375
vt 0.4287109375 0.5537109375
vt 0.4287109375 0.521102265625
vt 0.5390625 0.5546875
vt 0.5234375 0.5546875
vt 0.5234375 0.5078125
vt 0.5390625 0.522078828125
vt 0.5234375 0.5546875
vt 0.4453125 0.5546875
vt 0.4453125 0.5078125
vt 0.5234375 0.5078125
vt 0.4453125 0.5859375
vt 0.4453125 0.5546875
vt 0.5234375 0.5546875
vt 0.5234375 0.5859375
vt 0.5234375 0.5625
vt 0.5234375 0.546875
vt 0.6015625 0.546875
vt 0.6015625 0.5625
vt 0.60413125 0.58069375
vt 0.52600625 0.58069375
vt 0.52600625 0.55993125
vt 0.60413125 0.55993125
vt 0.4443359375 0.5068359375
vt 0.4443359375 0.5537109375
vt 0.4287109375 0.5537109375
vt 0.4287109375 0.521102265625
vt 0.5390625 0.5546875
vt 0.5234375 0.5546875
vt 0.5234375 0.5078125
vt 0.5390625 0.522078828125
vt 0.5234375 0.5546875
vt 0.4453125 0.5546875
vt 0.4453125 0.5078125
vt 0.5234375 0.5078125
vt 0.4453125 0.5859375
vt 0.4453125 0.5546875
vt 0.5234375 0.5546875
vt 0.5234375 0.5859375
vt 0.6015625 0.5625
vt 0.5234375 0.5625
vt 0.5234375 0.546875
vt 0.6015625 0.546875
vt 0.6015625 0.5625
vt 0.6015625 0.5859375
vt 0.5234375 0.5859375
vt 0.5234375 0.5625
vt 0.5390625 0.5546875
vt 0.5234375 0.5546875
vt 0.5234375 0.5078125
vt 0.5390625 0.522078828125
vt 0.4453125 0.5078125
vt 0.4453125 0.5546875
vt 0.4296875 0.5546875
vt 0.4296875 0.522078828125
vt 0.5234375 0.5078125
vt 0.5234375 0.5546875
vt 0.4453125 0.5546875
vt 0.4453125 0.5078125
vt 0.5234375 0.5859375
vt 0.4453125 0.5859375
vt 0.4453125 0.5546875
vt 0.5234375 0.5546875
vt 0.6015625 0.5625
vt 0.5234375 0.5625
vt 0.5234375 0.546875
vt 0.6015625 0.546875
vt 0.6015625 0.5625
vt 0.6015625 0.5859375
vt 0.5234375 0.5859375
vt 0.5234375 0.5625
vt 0.5390625 0.5546875
vt 0.5234375 0.5546875
vt 0.5234375 0.5078125
vt 0.5390625 0.522078828125
vt 0.4453125 0.5078125
vt 0.4453125 0.5546875
vt 0.4296875 0.5546875
vt 0.4296875 0.522078828125
vt 0.5234375 0.5078125
vt 0.5234375 0.5546875
vt 0.4453125 0.5546875
vt 0.4453125 0.5078125
vt 0.5234375 0.5859375
vt 0.4453125 0.5859375
vt 0.4453125 0.5546875
vt 0.5234375 0.5546875
vt 0.5546875 0.5625
vt 0.5 0.5625
vt 0.5 0.546875
vt 0.5546875 0.546875
vt 0.641133203125 0.562286328125
vt 0.641133203125 0.585723828125
vt 0.547383203125 0.585723828125
vt 0.547383203125 0.562286328125
vt 0.430195703125 0.555195703125
vt 0.445820703125 0.555195703125
vt 0.445820703125 0.508320703125
vt 0.430195703125 0.5225870312500001
vt 0.60640546875 0.5625
vt 0.546875 0.5625
vt 0.546875 0.546875
vt 0.59608828125 0.546875
vt 0.4453125 0.5078125
vt 0.4453125 0.5546875
vt 0.5 0.5546875
vt 0.5390625 0.5078125
vt 0.5 0.5546875
vt 0.4453125 0.5546875
vt 0.4453125 0.5859375
vt 0.5390625 0.5859375
vt 0.421875 0.6015625
vt 0.40625 0.6015625
vt 0.40630390625 0.54208203125
vt 0.421875 0.55235703125
vt 0.42182109375 0.54208203125
vt 0.421875 0.6015625
vt 0.40625 0.6015625
vt 0.40625 0.55235703125
vt 0.484375 0.5546875
vt 0.75 0.5546875
vt 0.75 0.5703125
vt 0.484375 0.5703125
vt 0.791199921875 0.5078125
vt 0.8046875 0.5234375
vt 0.4296875 0.5234375
vt 0.443174296875 0.5078125
vt 0.8046875 0.5234375
vt 0.751651640625 0.5546875
vt 0.482723359375 0.5546875
vt 0.4296875 0.5234375
vt 0.75 0.5546875
vt 0.484375 0.5546875
vt 0.4453125 0.5234375
vt 0.7890625 0.5234375
vt 0.51171875 0.5625
vt 0.51171875 0.546875
vt 0.56640625 0.546875
vt 0.56640625 0.5625
vt 0.6328125 0.5859375
vt 0.5390625 0.5859375
vt 0.5390625 0.5625
vt 0.6328125 0.5625
vt 0.4453125 0.5078125
vt 0.4453125 0.5546875
vt 0.4296875 0.5546875
vt 0.4296875 0.522078828125
vt 0.5859375 0.578125
vt 0.5703125 0.578125
vt 0.5703125 0.51859453125
vt 0.5859375 0.52891171875
vt 0.5 0.5546875
vt 0.4453125 0.5546875
vt 0.4453125 0.5078125
vt 0.5390625 0.5078125
vt 0.4453125 0.5859375
vt 0.4453125 0.5546875
vt 0.5 0.5546875
vt 0.5390625 0.5859375
vt 0.6640625 0.5703125
vt 0.6640625 0.5546875
vt 0.7890625 0.5546875
vt 0.7890625 0.5703125
vt 0.7890625 0.529909375
vt 0.6640625 0.529909375
vt 0.6640625 0.5078125
vt 0.7890625 0.5078125
vt 0.8046875 0.5078125
vt 0.8046875 0.5546875
vt 0.7890625 0.5546875
vt 0.7890625 0.5234375
vt 0.8046875 0.5546875
vt 0.7890625 0.5546875
vt 0.7890625 0.5078125
vt 0.8046875 0.5234375
vt 0.7890625 0.5546875
vt 0.6640625 0.5546875
vt 0.6640625 0.5078125
vt 0.7890625 0.5078125
vt 0.6640625 0.5390625
vt 0.6640625 0.5078125
vt 0.7890625 0.5078125
vt 0.7890625 0.5390625
vt 0.6640625 0.5703125
vt 0.6640625 0.5546875
vt 0.7890625 0.5546875
vt 0.7890625 0.5703125
vt 0.7890625 0.529909375
vt 0.6640625 0.529909375
vt 0.6640625 0.5078125
vt 0.7890625 0.5078125
vt 0.8046875 0.5078125
vt 0.8046875 0.5546875
vt 0.7890625 0.5546875
vt 0.7890625 0.5234375
vt 0.8046875 0.5546875
vt 0.7890625 0.5546875
vt 0.7890625 0.5078125
vt 0.8046875 0.5234375
vt 0.7890625 0.5546875
vt 0.6640625 0.5546875
vt 0.6640625 0.5078125
vt 0.7890625 0.5078125
vt 0.6640625 0.5390625
vt 0.6640625 0.5078125
vt 0.7890625 0.5078125
vt 0.7890625 0.5390625
vt 0.7890625 0.5703125
vt 0.6640625 0.5703125
vt 0.6640625 0.5546875
vt 0.7890625 0.5546875
vt 0.7890625 0.5078125
vt 0.7890625 0.529909375
vt 0.6640625 0.529909375
vt 0.6640625 0.5078125
vt 0.7890625 0.5234375
vt 0.8046875 0.5078125
vt 0.8046875 0.5546875
vt 0.7890625 0.5546875
vt 0.8046875 0.5234375
vt 0.8046875 0.5546875
vt 0.7890625 0.5546875
vt 0.7890625 0.5078125
vt 0.7890625 0.5078125
vt 0.7890625 0.5546875
vt 0.6640625 0.5546875
vt 0.6640625 0.5078125
vt 0.7890625 0.5390625
vt 0.6640625 0.5390625
vt 0.6640625 0.5078125
vt 0.7890625 0.5078125
vt 0.7890625 0.5703125
vt 0.6640625 0.5703125
vt 0.6640625 0.5546875
vt 0.7890625 0.5546875
vt 0.7890625 0.5078125
vt 0.7890625 0.529909375
vt 0.6640625 0.529909375
vt 0.6640625 0.5078125
vt 0.7890625 0.5234375
vt 0.8046875 0.5078125
vt 0.8046875 0.5546875
vt 0.7890625 0.5546875
vt 0.8046875 0.5234375
vt 0.8046875 0.5546875
vt 0.7890625 0.5546875
vt 0.7890625 0.5078125
vt 0.7890625 0.5078125
vt 0.7890625 0.5546875
vt 0.6640625 0.5546875
vt 0.6640625 0.5078125
vt 0.7890625 0.5390625
vt 0.6640625 0.5390625
vt 0.6640625 0.5078125
vt 0.7890625 0.5078125
vt 0.6640625 0.5703125
vt 0.6640625 0.5546875
vt 0.7890625 0.5546875
vt 0.7890625 0.5703125
vt 0.7890625 0.529909375
vt 0.6640625 0.529909375
vt 0.6640625 0.5078125
vt 0.7890625 0.5078125
vt 0.8046875 0.5078125
vt 0.8046875 0.5546875
vt 0.7890625 0.5546875
vt 0.7890625 0.5234375
vt 0.8046875 0.5546875
vt 0.7890625 0.5546875
vt 0.7890625 0.5078125
vt 0.8046875 0.5234375
vt 0.7890625 0.5546875
vt 0.6640625 0.5546875
vt 0.6640625 0.5078125
vt 0.7890625 0.5078125
vt 0.6640625 0.5390625
vt 0.6640625 0.5078125
vt 0.7890625 0.5078125
vt 0.7890625 0.5390625
vt 0.7890625 0.5703125
vt 0.6640625 0.5703125
vt 0.6640625 0.5546875
vt 0.7890625 0.5546875
vt 0.7890625 0.5078125
vt 0.7890625 0.529909375
vt 0.6640625 0.529909375
vt 0.6640625 0.5078125
vt 0.7890625 0.5234375
vt 0.8046875 0.5078125
vt 0.8046875 0.5546875
vt 0.7890625 0.5546875
vt 0.8046875 0.5234375
vt 0.8046875 0.5546875
vt 0.7890625 0.5546875
vt 0.7890625 0.5078125
vt 0.7890625 0.5078125
vt 0.7890625 0.5546875
vt 0.6640625 0.5546875
vt 0.6640625 0.5078125
vt 0.7890625 0.5390625
vt 0.6640625 0.5390625
vt 0.6640625 0.5078125
vt 0.7890625 0.5078125
vt 0.6640625 0.5703125
vt 0.6640625 0.5546875
vt 0.7890625 0.5546875
vt 0.7890625 0.5703125
vt 0.7890625 0.529909375
vt 0.6640625 0.529909375
vt 0.6640625 0.5078125
vt 0.7890625 0.5078125
vt 0.8046875 0.5078125
vt 0.8046875 0.5546875
vt 0.7890625 0.5546875
vt 0.7890625 0.5234375
vt 0.8046875 0.5546875
vt 0.7890625 0.5546875
vt 0.7890625 0.5078125
vt 0.8046875 0.5234375
vt 0.7890625 0.5546875
vt 0.6640625 0.5546875
vt 0.6640625 0.5078125
vt 0.7890625 0.5078125
vt 0.6640625 0.5390625
vt 0.6640625 0.5078125
vt 0.7890625 0.5078125
vt 0.7890625 0.5390625
vt 0.7890625 0.5703125
vt 0.6640625 0.5703125
vt 0.6640625 0.5546875
vt 0.7890625 0.5546875
vt 0.7890625 0.5078125
vt 0.7890625 0.529909375
vt 0.6640625 0.529909375
vt 0.6640625 0.5078125
vt 0.7890625 0.5234375
vt 0.8046875 0.5078125
vt 0.8046875 0.5546875
vt 0.7890625 0.5546875
vt 0.8046875 0.5234375
vt 0.8046875 0.5546875
vt 0.7890625 0.5546875
vt 0.7890625 0.5078125
vt 0.7890625 0.5078125
vt 0.7890625 0.5546875
vt 0.6640625 0.5546875
vt 0.6640625 0.5078125
vt 0.7890625 0.5390625
vt 0.6640625 0.5390625
vt 0.6640625 0.5078125
vt 0.7890625 0.5078125
vt 0.1015625 0.875
vt 0.0234375 0.875
vt 0.0234375 0.796875
vt 0.1015625 0.796875
vt 0.1015625 0.796875
vt 0.1015625 0.875
vt 0.0234375 0.875
vt 0.0234375 0.796875
vt 0 0.796875
vt 0.46875 0.796875
vt 0.46875 0.875
vt 0 0.875
vt 0.46875 0.796875
vt 0.46875 0.875
vt 0 0.875
vt 0 0.796875
vt 0.46875 0.796875
vt 0.46875 0.875
vt 0 0.875
vt 0 0.796875
vt 0.46875 0.875
vt 0 0.875
vt 0 0.796875
vt 0.46875 0.796875
vt 0.671875 0.859375
vt 0.578125 0.859375
vt 0.578125 0.765625
vt 0.671875 0.765625
vt 0.5625 0.765625
vt 0.5625 0.859375
vt 0.46875 0.859375
vt 0.46875 0.765625
vt 0.5625 0.859375
vt 0.5625 0.875
vt 0.46875 0.875
vt 0.46875 0.859375
vt 0.5625 0.765625
vt 0.46875 0.765625
vt 0.46875 0.75
vt 0.5625 0.75
vt 0.578125 0.765625
vt 0.578125 0.859375
vt 0.5625 0.859375
vt 0.5625 0.765625
vt 0.578125 0.859375
vt 0.5625 0.859375
vt 0.5625 0.765625
vt 0.578125 0.765625
vt 0.578125 0.765625
vt 0.578125 0.859375
vt 0.671875 0.859375
vt 0.671875 0.765625
vt 0.46875 0.859375
vt 0.5625 0.859375
vt 0.5625 0.765625
vt 0.46875 0.765625
vt 0.46875 0.875
vt 0.5625 0.875
vt 0.5625 0.859375
vt 0.46875 0.859375
vt 0.46875 0.75
vt 0.46875 0.765625
vt 0.5625 0.765625
vt 0.5625 0.75
vt 0.5625 0.859375
vt 0.578125 0.859375
vt 0.578125 0.765625
vt 0.5625 0.765625
vt 0.5625 0.765625
vt 0.5625 0.859375
vt 0.578125 0.859375
vt 0.578125 0.765625
vt 0.671875 0.859375
vt 0.578125 0.859375
vt 0.578125 0.765625
vt 0.671875 0.765625
vt 0.5625 0.765625
vt 0.5625 0.859375
vt 0.46875 0.859375
vt 0.46875 0.765625
vt 0.5625 0.859375
vt 0.5625 0.875
vt 0.46875 0.875
vt 0.46875 0.859375
vt 0.5625 0.765625
vt 0.46875 0.765625
vt 0.46875 0.75
vt 0.5625 0.75
vt 0.578125 0.765625
vt 0.578125 0.859375
vt 0.5625 0.859375
vt 0.5625 0.765625
vt 0.578125 0.859375
vt 0.5625 0.859375
vt 0.5625 0.765625
vt 0.578125 0.765625
vt 0.671875 0.859375
vt 0.578125 0.859375
vt 0.578125 0.765625
vt 0.671875 0.765625
vt 0.5625 0.765625
vt 0.5625 0.859375
vt 0.46875 0.859375
vt 0.46875 0.765625
vt 0.5625 0.859375
vt 0.5625 0.875
vt 0.46875 0.875
vt 0.46875 0.859375
vt 0.5625 0.765625
vt 0.46875 0.765625
vt 0.46875 0.75
vt 0.5625 0.75
vt 0.578125 0.765625
vt 0.578125 0.859375
vt 0.5625 0.859375
vt 0.5625 0.765625
vt 0.578125 0.859375
vt 0.5625 0.859375
vt 0.5625 0.765625
vt 0.578125 0.765625
vt 0.671875 0.859375
vt 0.578125 0.859375
vt 0.578125 0.765625
vt 0.671875 0.765625
vt 0.5625 0.765625
vt 0.5625 0.859375
vt 0.46875 0.859375
vt 0.46875 0.765625
vt 0.5625 0.859375
vt 0.5625 0.875
vt 0.46875 0.875
vt 0.46875 0.859375
vt 0.5625 0.765625
vt 0.46875 0.765625
vt 0.46875 0.75
vt 0.5625 0.75
vt 0.578125 0.765625
vt 0.578125 0.859375
vt 0.5625 0.859375
vt 0.5625 0.765625
vt 0.578125 0.859375
vt 0.5625 0.859375
vt 0.5625 0.765625
vt 0.578125 0.765625
vt 0.671875 0.859375
vt 0.578125 0.859375
vt 0.578125 0.765625
vt 0.671875 0.765625
vt 0.5625 0.765625
vt 0.5625 0.859375
vt 0.46875 0.859375
vt 0.46875 0.765625
vt 0.5625 0.859375
vt 0.5625 0.875
vt 0.46875 0.875
vt 0.46875 0.859375
vt 0.5625 0.765625
vt 0.46875 0.765625
vt 0.46875 0.75
vt 0.5625 0.75
vt 0.578125 0.765625
vt 0.578125 0.859375
vt 0.5625 0.859375
vt 0.5625 0.765625
vt 0.5625 0.859375
vt 0.578125 0.859375
vt 0.578125 0.765625
vt 0.5625 0.765625
vt 0.671875 0.859375
vt 0.578125 0.859375
vt 0.578125 0.765625
vt 0.671875 0.765625
vt 0.5625 0.765625
vt 0.5625 0.859375
vt 0.46875 0.859375
vt 0.46875 0.765625
vt 0.5625 0.859375
vt 0.5625 0.875
vt 0.46875 0.875
vt 0.46875 0.859375
vt 0.5625 0.765625
vt 0.46875 0.765625
vt 0.46875 0.75
vt 0.5625 0.75
vt 0.578125 0.765625
vt 0.578125 0.859375
vt 0.5625 0.859375
vt 0.5625 0.765625
vt 0.5625 0.859375
vt 0.578125 0.859375
vt 0.578125 0.765625
vt 0.5625 0.765625
vt 0.671875 0.859375
vt 0.578125 0.859375
vt 0.578125 0.765625
vt 0.671875 0.765625
vt 0.5625 0.765625
vt 0.5625 0.859375
vt 0.46875 0.859375
vt 0.46875 0.765625
vt 0.5625 0.859375
vt 0.5625 0.875
vt 0.46875 0.875
vt 0.46875 0.859375
vt 0.5625 0.765625
vt 0.46875 0.765625
vt 0.46875 0.75
vt 0.5625 0.75
vt 0.578125 0.765625
vt 0.578125 0.859375
vt 0.5625 0.859375
vt 0.5625 0.765625
vt 0.5625 0.859375
vt 0.578125 0.859375
vt 0.578125 0.765625
vt 0.5625 0.765625
vt 0.1015625 0.875
vt 0.0234375 0.875
vt 0.0234375 0.796875
vt 0.1015625 0.796875
vt 0.1015625 0.796875
vt 0.1015625 0.875
vt 0.0234375 0.875
vt 0.0234375 0.796875
vt 0 0.796875
vt 0.46875 0.796875
vt 0.46875 0.875
vt 0 0.875
vt 0.46875 0.796875
vt 0.46875 0.875
vt 0 0.875
vt 0 0.796875
vt 0.46875 0.796875
vt 0.46875 0.875
vt 0 0.875
vt 0 0.796875
vt 0.46875 0.875
vt 0 0.875
vt 0 0.796875
vt 0.46875 0.796875
vt 0.3125 0.875
vt 0 0.875
vt 0 0.796875
vt 0.3125 0.796875
vt 0.3125 0.796875
vt 0.3125 0.875
vt 0 0.875
vt 0 0.796875
vt 0.3125 0.796875
vt 0.3125 0.875
vt 0 0.875
vt 0 0.796875
vt 0.3125 0.875
vt 0 0.875
vt 0 0.796875
vt 0.3125 0.796875
vt 0.2734375 0.796875
vt 0.2734375 0.875
vt 0.1953125 0.875
vt 0.1953125 0.796875
vt 0.2734375 0.875
vt 0.1953125 0.875
vt 0.1953125 0.796875
vt 0.2734375 0.796875
vt 0.75 0.8671875
vt 0.671875 0.8671875
vt 0.671875 0.765625
vt 0.75 0.765625
vt 0.75 0.765625
vt 0.75 0.8671875
vt 0.671875 0.8671875
vt 0.671875 0.765625
vt 0.75 0.765625
vt 0.75 0.8359375
vt 0.671875 0.8359375
vt 0.671875 0.765625
vt 0.75 0.8359375
vt 0.671875 0.8359375
vt 0.671875 0.765625
vt 0.75 0.765625
vt 0.828125 0.765625
vt 0.828125 0.8671875
vt 0.7578125 0.8671875
vt 0.7578125 0.765625
vt 0.7578125 0.8671875
vt 0.828125 0.8671875
vt 0.828125 0.765625
vt 0.7578125 0.765625
vt 0.671875 0.765625
vt 0.671875 0.8671875
vt 0.75 0.8671875
vt 0.75 0.765625
vt 0.671875 0.8671875
vt 0.75 0.8671875
vt 0.75 0.765625
vt 0.671875 0.765625
vt 0.671875 0.8359375
vt 0.75 0.8359375
vt 0.75 0.765625
vt 0.671875 0.765625
vt 0.671875 0.765625
vt 0.671875 0.8359375
vt 0.75 0.8359375
vt 0.75 0.765625
vt 0.7578125 0.8671875
vt 0.828125 0.8671875
vt 0.828125 0.765625
vt 0.7578125 0.765625
vt 0.828125 0.765625
vt 0.828125 0.8671875
vt 0.7578125 0.8671875
vt 0.7578125 0.765625
vt 0.46875 0.75
vt 0.46875 0.765625
vt 0.5625 0.765625
vt 0.5625 0.75
vt 0.46875 0.859375
vt 0.5625 0.859375
vt 0.5625 0.875
vt 0.46875 0.875
vt 0.5625 0.765625
vt 0.46875 0.765625
vt 0.46875 0.859375
vt 0.5625 0.859375
vt 0.578125 0.859375
vt 0.671875 0.859375
vt 0.671875 0.765625
vt 0.578125 0.765625
vt 0.5625 0.859375
vt 0.5625 0.765625
vt 0.578125 0.765625
vt 0.578125 0.859375
vt 0.578125 0.765625
vt 0.5625 0.765625
vt 0.5625 0.859375
vt 0.578125 0.859375
vt 0.5625 0.765625
vt 0.46875 0.765625
vt 0.46875 0.75
vt 0.5625 0.75
vt 0.5625 0.875
vt 0.5625 0.859375
vt 0.46875 0.859375
vt 0.46875 0.875
vt 0.46875 0.859375
vt 0.46875 0.765625
vt 0.5625 0.765625
vt 0.5625 0.859375
vt 0.671875 0.765625
vt 0.671875 0.859375
vt 0.578125 0.859375
vt 0.578125 0.765625
vt 0.578125 0.765625
vt 0.5625 0.765625
vt 0.5625 0.859375
vt 0.578125 0.859375
vt 0.5625 0.859375
vt 0.5625 0.765625
vt 0.578125 0.765625
vt 0.578125 0.859375
vt 0.3125 0.875
vt 0 0.875
vt 0 0.796875
vt 0.3125 0.796875
vt 0.3125 0.796875
vt 0.3125 0.875
vt 0 0.875
vt 0 0.796875
vt 0.3125 0.796875
vt 0.3125 0.875
vt 0 0.875
vt 0 0.796875
vt 0.3125 0.875
vt 0 0.875
vt 0 0.796875
vt 0.3125 0.796875
vt 0.2734375 0.796875
vt 0.2734375 0.875
vt 0.1953125 0.875
vt 0.1953125 0.796875
vt 0.2734375 0.875
vt 0.1953125 0.875
vt 0.1953125 0.796875
vt 0.2734375 0.796875
vt 0.578125 0.859375
vt 0.5625 0.859375
vt 0.5625 0.765625
vt 0.578125 0.765625
vt 0.578125 0.765625
vt 0.578125 0.859375
vt 0.5625 0.859375
vt 0.5625 0.765625
vt 0.46875 0.859375
vt 0.5625 0.859375
vt 0.5625 0.875
vt 0.46875 0.875
vt 0.5625 0.75
vt 0.5625 0.765625
vt 0.46875 0.765625
vt 0.46875 0.75
vt 0.5625 0.765625
vt 0.5625 0.859375
vt 0.46875 0.859375
vt 0.46875 0.765625
vt 0.671875 0.859375
vt 0.578125 0.859375
vt 0.578125 0.765625
vt 0.671875 0.765625
vt 0.578125 0.859375
vt 0.5625 0.859375
vt 0.5625 0.765625
vt 0.578125 0.765625
vt 0.578125 0.765625
vt 0.578125 0.859375
vt 0.5625 0.859375
vt 0.5625 0.765625
vt 0.46875 0.859375
vt 0.5625 0.859375
vt 0.5625 0.875
vt 0.46875 0.875
vt 0.5625 0.75
vt 0.5625 0.765625
vt 0.46875 0.765625
vt 0.46875 0.75
vt 0.5625 0.765625
vt 0.5625 0.859375
vt 0.46875 0.859375
vt 0.46875 0.765625
vt 0.671875 0.859375
vt 0.578125 0.859375
vt 0.578125 0.765625
vt 0.671875 0.765625
vt 0.578125 0.859375
vt 0.5625 0.859375
vt 0.5625 0.765625
vt 0.578125 0.765625
vt 0.578125 0.765625
vt 0.578125 0.859375
vt 0.5625 0.859375
vt 0.5625 0.765625
vt 0.46875 0.859375
vt 0.5625 0.859375
vt 0.5625 0.875
vt 0.46875 0.875
vt 0.5625 0.75
vt 0.5625 0.765625
vt 0.46875 0.765625
vt 0.46875 0.75
vt 0.5625 0.765625
vt 0.5625 0.859375
vt 0.46875 0.859375
vt 0.46875 0.765625
vt 0.671875 0.859375
vt 0.578125 0.859375
vt 0.578125 0.765625
vt 0.671875 0.765625
vt 0.578125 0.859375
vt 0.5625 0.859375
vt 0.5625 0.765625
vt 0.578125 0.765625
vt 0.5625 0.765625
vt 0.5625 0.859375
vt 0.578125 0.859375
vt 0.578125 0.765625
vt 0.46875 0.859375
vt 0.5625 0.859375
vt 0.5625 0.875
vt 0.46875 0.875
vt 0.5625 0.75
vt 0.5625 0.765625
vt 0.46875 0.765625
vt 0.46875 0.75
vt 0.5625 0.765625
vt 0.5625 0.859375
vt 0.46875 0.859375
vt 0.46875 0.765625
vt 0.671875 0.859375
vt 0.578125 0.859375
vt 0.578125 0.765625
vt 0.671875 0.765625
vt 0.578125 0.859375
vt 0.5625 0.859375
vt 0.5625 0.765625
vt 0.578125 0.765625
vt 0.5625 0.765625
vt 0.5625 0.859375
vt 0.578125 0.859375
vt 0.578125 0.765625
vt 0.46875 0.859375
vt 0.5625 0.859375
vt 0.5625 0.875
vt 0.46875 0.875
vt 0.5625 0.75
vt 0.5625 0.765625
vt 0.46875 0.765625
vt 0.46875 0.75
vt 0.5625 0.765625
vt 0.5625 0.859375
vt 0.46875 0.859375
vt 0.46875 0.765625
vt 0.671875 0.859375
vt 0.578125 0.859375
vt 0.578125 0.765625
vt 0.671875 0.765625
vt 0.578125 0.859375
vt 0.5625 0.859375
vt 0.5625 0.765625
vt 0.578125 0.765625
vt 0.5625 0.765625
vt 0.5625 0.859375
vt 0.578125 0.859375
vt 0.578125 0.765625
vt 0.46875 0.859375
vt 0.5625 0.859375
vt 0.5625 0.875
vt 0.46875 0.875
vt 0.5625 0.75
vt 0.5625 0.765625
vt 0.46875 0.765625
vt 0.46875 0.75
vt 0.5625 0.765625
vt 0.5625 0.859375
vt 0.46875 0.859375
vt 0.46875 0.765625
vt 0.671875 0.859375
vt 0.578125 0.859375
vt 0.578125 0.765625
vt 0.671875 0.765625
vt 0.25 1
vt 0.125 1
vt 0.125 0.875
vt 0.25 0.875
vt 0.625 0.875
vt 0.625 1
vt 0.5 1
vt 0.5 0.875
vt 0.375 0.875
vt 0.5 0.875
vt 0.5 1
vt 0.375 1
vt 0.375 0.875
vt 0.375 1
vt 0.25 1
vt 0.25 0.875
vt 0.25 0.875
vt 0.25 1
vt 0.125 1
vt 0.125 0.875
vt 0.25 1
vt 0.125 1
vt 0.125 0.875
vt 0.25 0.875
vt 0.625 1
vt 0.5 1
vt 0.5 0.875
vt 0.625 0.875
vt 0.25 0.875
vt 0.25 1
vt 0.125 1
vt 0.125 0.875
vt 0.375 0.875
vt 0.5 0.875
vt 0.5 1
vt 0.375 1
vt 0.375 0.875
vt 0.375 1
vt 0.25 1
vt 0.25 0.875
vt 0.25 0.875
vt 0.25 1
vt 0.125 1
vt 0.125 0.875
vt 0.25 1
vt 0.125 1
vt 0.125 0.875
vt 0.25 0.875
vt 0.4921875 0.4375
vt 0.3671875 0.4375
vt 0.3671875 0.375
vt 0.4921875 0.375
vt 0.4921875 0.375
vt 0.4921875 0.4375
vt 0.3671875 0.4375
vt 0.3671875 0.375
vt 0.3671875 0.3125
vt 0.4921875 0.3125
vt 0.4921875 0.4375
vt 0.3671875 0.4375
vt 0.4921875 0.3125
vt 0.4921875 0.4375
vt 0.3671875 0.4375
vt 0.3671875 0.3125
vt 0.4921875 0.375
vt 0.4921875 0.4375
vt 0.3671875 0.4375
vt 0.3671875 0.375
vt 0.4921875 0.4375
vt 0.3671875 0.4375
vt 0.3671875 0.375
vt 0.4921875 0.375
vt 0.4921875 0.5
vt 0.3671875 0.5
vt 0.3671875 0.46875
vt 0.4921875 0.46875
vt 0.4921875 0.46875
vt 0.4921875 0.5
vt 0.3671875 0.5
vt 0.3671875 0.46875
vt 0.8046875 0.4609375
vt 0.9296875 0.4609375
vt 0.9296875 0.5859375
vt 0.8046875 0.5859375
vt 0.625 0.875
vt 0.625 1
vt 0.5 1
vt 0.5 0.875
vt 0.4921875 0.46875
vt 0.4921875 0.5
vt 0.3671875 0.5
vt 0.3671875 0.46875
vt 0.4921875 0.5
vt 0.3671875 0.5
vt 0.3671875 0.46875
vt 0.4921875 0.46875
vt 0.5234375 0.46875
vt 0.6484375 0.46875
vt 0.703125 0.375
vt 0.578125 0.375
vt 0.703125 0.375
vt 0.6484375 0.46875
vt 0.5234375 0.46875
vt 0.578125 0.375
vt 0.3671875 0.3125
vt 0.4921875 0.3125
vt 0.4921875 0.4375
vt 0.3671875 0.4375
vt 0.4921875 0.3125
vt 0.4921875 0.4375
vt 0.3671875 0.4375
vt 0.3671875 0.3125
vt 0.6484375 0.37584062500000004
vt 0.6484375 0.46875
vt 0.5234375 0.46875
vt 0.5234375 0.37584062500000004
vt 0.6484375 0.46875
vt 0.5234375 0.46875
vt 0.5234375 0.37584062500000004
vt 0.6484375 0.37584062500000004
vt 0.25 1
vt 0.125 1
vt 0.125 0.875
vt 0.25 0.875
vt 0.25 0.875
vt 0.25 1
vt 0.125 1
vt 0.125 0.875
vt 0.125 1
vt 0.25 1
vt 0.25 0.875
vt 0.125 0.875
vt 0.375 0.875
vt 0.375 1
vt 0.25 1
vt 0.25 0.875
vt 0.125 0.875
vt 0.125 1
vt 0 1
vt 0 0.875
vt 1 0.25
vt 0.875 0.25
vt 0.875 0.125
vt 1 0.125
vt 0.25 1
vt 0.125 1
vt 0.125 0.875
vt 0.25 0.875
vt 0.25 0.875
vt 0.25 1
vt 0.125 1
vt 0.125 0.875
vt 0.125 1
vt 0.25 1
vt 0.25 0.875
vt 0.125 0.875
vt 0.375 0.875
vt 0.375 1
vt 0.25 1
vt 0.25 0.875
vt 0.125 0.875
vt 0.125 1
vt 0 1
vt 0 0.875
vt 0.75 1
vt 0.625 1
vt 0.625 0.875
vt 0.75 0.875
vt 0.9375 0.25
vt 0.875 0.25
vt 0.875 0.125
vt 0.9375 0.125
vt 1 0.125
vt 1 0.25
vt 0.9375 0.25
vt 0.9375 0.125
vt 0.875 0.125
vt 1 0.125
vt 1 0.1875
vt 0.875 0.1875
vt 1 0.1875
vt 1 0.25
vt 0.875 0.25
vt 0.875 0.1875
vt 0.875 0.5
vt 0.875 0.625
vt 0.75 0.625
vt 0.75 0.5
vt 1 0.25
vt 0.875 0.25
vt 0.875 0.125
vt 1 0.125
vt 0.75 0.5625
vt 0.71875 0.5625
vt 0.71875 0.5
vt 0.75 0.5
vt 0.75 0.5
vt 0.75 0.5625
vt 0.71875 0.5625
vt 0.71875 0.5
vt 0.703125 0.53125
vt 0.71875 0.53125
vt 0.71875 0.5625
vt 0.703125 0.5625
vt 0.71875 0.53125
vt 0.71875 0.5625
vt 0.703125 0.5625
vt 0.703125 0.53125
vt 0.71875 0.5
vt 0.71875 0.5625
vt 0.703125 0.5625
vt 0.703125 0.5
vt 0.71875 0.5625
vt 0.703125 0.5625
vt 0.703125 0.5
vt 0.71875 0.5
vt 0.75 0.5625
vt 0.71875 0.5625
vt 0.71875 0.5
vt 0.75 0.5
vt 0.75 0.5
vt 0.75 0.5625
vt 0.71875 0.5625
vt 0.71875 0.5
vt 0.703125 0.53125
vt 0.71875 0.53125
vt 0.71875 0.5625
vt 0.703125 0.5625
vt 0.71875 0.53125
vt 0.71875 0.5625
vt 0.703125 0.5625
vt 0.703125 0.53125
vt 0.71875 0.5
vt 0.71875 0.5625
vt 0.703125 0.5625
vt 0.703125 0.5
vt 0.71875 0.5625
vt 0.703125 0.5625
vt 0.703125 0.5
vt 0.71875 0.5
vt 0.75 0.5625
vt 0.71875 0.5625
vt 0.71875 0.5
vt 0.75 0.5
vt 0.75 0.5
vt 0.75 0.5625
vt 0.71875 0.5625
vt 0.71875 0.5
vt 0.703125 0.53125
vt 0.71875 0.53125
vt 0.71875 0.5625
vt 0.703125 0.5625
vt 0.71875 0.53125
vt 0.71875 0.5625
vt 0.703125 0.5625
vt 0.703125 0.53125
vt 0.71875 0.5
vt 0.71875 0.5625
vt 0.703125 0.5625
vt 0.703125 0.5
vt 0.71875 0.5625
vt 0.703125 0.5625
vt 0.703125 0.5
vt 0.71875 0.5
vt 0.25 0.9375
vt 0.125 0.9375
vt 0.125 0.875
vt 0.25 0.875
vt 0.25 0.875
vt 0.25 0.9375
vt 0.125 0.9375
vt 0.125 0.875
vt 0.375 0.875
vt 0.5 0.875
vt 0.5 1
vt 0.375 1
vt 0.375 0.875
vt 0.375 1
vt 0.25 1
vt 0.25 0.875
vt 0.25 0.875
vt 0.25 0.9375
vt 0.125 0.9375
vt 0.125 0.875
vt 0.25 0.9375
vt 0.125 0.9375
vt 0.125 0.875
vt 0.25 0.875
vt 0.25 0.9375
vt 0.125 0.9375
vt 0.125 0.875
vt 0.25 0.875
vt 0.25 0.875
vt 0.25 0.9375
vt 0.125 0.9375
vt 0.125 0.875
vt 0.375 0.875
vt 0.5 0.875
vt 0.5 1
vt 0.375 1
vt 0.375 0.875
vt 0.375 1
vt 0.25 1
vt 0.25 0.875
vt 0.25 0.875
vt 0.25 0.9375
vt 0.125 0.9375
vt 0.125 0.875
vt 0.25 0.9375
vt 0.125 0.9375
vt 0.125 0.875
vt 0.25 0.875
vt 0.25 0.9375
vt 0.125 0.9375
vt 0.125 0.875
vt 0.25 0.875
vt 0.25 0.875
vt 0.25 0.9375
vt 0.125 0.9375
vt 0.125 0.875
vt 0.375 0.875
vt 0.5 0.875
vt 0.5 1
vt 0.375 1
vt 0.375 0.875
vt 0.375 1
vt 0.25 1
vt 0.25 0.875
vt 0.25 0.875
vt 0.25 0.9375
vt 0.125 0.9375
vt 0.125 0.875
vt 0.25 0.9375
vt 0.125 0.9375
vt 0.125 0.875
vt 0.25 0.875
vt 0.25 0.9375
vt 0.125 0.9375
vt 0.125 0.875
vt 0.25 0.875
vt 0.25 0.875
vt 0.25 0.9375
vt 0.125 0.9375
vt 0.125 0.875
vt 0.375 0.875
vt 0.5 0.875
vt 0.5 1
vt 0.375 1
vt 0.375 0.875
vt 0.375 1
vt 0.25 1
vt 0.25 0.875
vt 0.25 0.875
vt 0.25 0.9375
vt 0.125 0.9375
vt 0.125 0.875
vt 0.25 0.9375
vt 0.125 0.9375
vt 0.125 0.875
vt 0.25 0.875
vt 0.25 0.9375
vt 0.125 0.9375
vt 0.125 0.875
vt 0.25 0.875
vt 0.25 0.875
vt 0.25 0.9375
vt 0.125 0.9375
vt 0.125 0.875
vt 0.375 0.875
vt 0.5 0.875
vt 0.5 1
vt 0.375 1
vt 0.375 0.875
vt 0.375 1
vt 0.25 1
vt 0.25 0.875
vt 0.25 0.875
vt 0.25 0.9375
vt 0.125 0.9375
vt 0.125 0.875
vt 0.25 0.9375
vt 0.125 0.9375
vt 0.125 0.875
vt 0.25 0.875
vt 0.25 1
vt 0.125 1
vt 0.125 0.9375
vt 0.25 0.9375
vt 0.25 0.9375
vt 0.25 1
vt 0.125 1
vt 0.125 0.9375
vt 0.375 0.875
vt 0.5 0.875
vt 0.5 1
vt 0.375 1
vt 0.375 0.875
vt 0.375 1
vt 0.25 1
vt 0.25 0.875
vt 0.25 0.9375
vt 0.25 1
vt 0.125 1
vt 0.125 0.9375
vt 0.25 1
vt 0.125 1
vt 0.125 0.9375
vt 0.25 0.9375
vt 0.875 0.875
vt 0.828125 0.875
vt 0.828125 0.75
vt 0.875 0.75
vt 0.875 0.75
vt 0.875 0.875
vt 0.828125 0.875
vt 0.828125 0.75
vt 0.8984375 0.625
vt 0.921875 0.625
vt 0.921875 0.671875
vt 0.8984375 0.671875
vt 0.921875 0.625
vt 0.921875 0.671875
vt 0.8984375 0.671875
vt 0.8984375 0.625
vt 0.921875 0.625
vt 0.921875 0.75
vt 0.8984375 0.75
vt 0.8984375 0.625
vt 0.8984375 0.75
vt 0.921875 0.75
vt 0.921875 0.625
vt 0.8984375 0.625
vt 0.875 0.875
vt 0.828125 0.875
vt 0.828125 0.75
vt 0.875 0.75
vt 0.875 0.75
vt 0.875 0.875
vt 0.828125 0.875
vt 0.828125 0.75
vt 0.8984375 0.625
vt 0.921875 0.625
vt 0.921875 0.671875
vt 0.8984375 0.671875
vt 0.921875 0.625
vt 0.921875 0.671875
vt 0.8984375 0.671875
vt 0.8984375 0.625
vt 0.921875 0.625
vt 0.921875 0.75
vt 0.8984375 0.75
vt 0.8984375 0.625
vt 0.8984375 0.75
vt 0.921875 0.75
vt 0.921875 0.625
vt 0.8984375 0.625
vt 0.875 0.875
vt 0.828125 0.875
vt 0.828125 0.75
vt 0.875 0.75
vt 0.875 0.75
vt 0.875 0.875
vt 0.828125 0.875
vt 0.828125 0.75
vt 0.8984375 0.625
vt 0.921875 0.625
vt 0.921875 0.671875
vt 0.8984375 0.671875
vt 0.921875 0.625
vt 0.921875 0.671875
vt 0.8984375 0.671875
vt 0.8984375 0.625
vt 0.921875 0.625
vt 0.921875 0.75
vt 0.8984375 0.75
vt 0.8984375 0.625
vt 0.8984375 0.75
vt 0.921875 0.75
vt 0.921875 0.625
vt 0.8984375 0.625
vt 0.875 0.875
vt 0.828125 0.875
vt 0.828125 0.75
vt 0.875 0.75
vt 0.875 0.75
vt 0.875 0.875
vt 0.828125 0.875
vt 0.828125 0.75
vt 0.8984375 0.625
vt 0.921875 0.625
vt 0.921875 0.671875
vt 0.8984375 0.671875
vt 0.921875 0.625
vt 0.921875 0.671875
vt 0.8984375 0.671875
vt 0.8984375 0.625
vt 0.921875 0.625
vt 0.921875 0.75
vt 0.8984375 0.75
vt 0.8984375 0.625
vt 0.8984375 0.75
vt 0.921875 0.75
vt 0.921875 0.625
vt 0.8984375 0.625
vt 0.875 0.859375
vt 0.828125 0.859375
vt 0.828125 0.75
vt 0.875 0.75
vt 0.875 0.75
vt 0.875 0.859375
vt 0.828125 0.859375
vt 0.828125 0.75
vt 0.8984375 0.6171875
vt 0.921875 0.6171875
vt 0.921875 0.6640625
vt 0.8984375 0.6640625
vt 0.921875 0.6171875
vt 0.921875 0.6640625
vt 0.8984375 0.6640625
vt 0.8984375 0.6171875
vt 0.921875 0.625
vt 0.921875 0.734375
vt 0.8984375 0.734375
vt 0.8984375 0.625
vt 0.8984375 0.734375
vt 0.921875 0.734375
vt 0.921875 0.625
vt 0.8984375 0.625
vt 0.875 0.875
vt 0.828125 0.875
vt 0.828125 0.75
vt 0.875 0.75
vt 0.875 0.75
vt 0.875 0.875
vt 0.828125 0.875
vt 0.828125 0.75
vt 0.8984375 0.625
vt 0.921875 0.625
vt 0.921875 0.671875
vt 0.8984375 0.671875
vt 0.921875 0.625
vt 0.921875 0.671875
vt 0.8984375 0.671875
vt 0.8984375 0.625
vt 0.921875 0.625
vt 0.921875 0.75
vt 0.8984375 0.75
vt 0.8984375 0.625
vt 0.8984375 0.75
vt 0.921875 0.75
vt 0.921875 0.625
vt 0.8984375 0.625
vt 0.828125 0.75
vt 0.828125 0.875
vt 0.875 0.875
vt 0.875 0.75
vt 0.828125 0.875
vt 0.875 0.875
vt 0.875 0.75
vt 0.828125 0.75
vt 0.921875 0.671875
vt 0.921875 0.625
vt 0.8984375 0.625
vt 0.8984375 0.671875
vt 0.8984375 0.671875
vt 0.921875 0.671875
vt 0.921875 0.625
vt 0.8984375 0.625
vt 0.8984375 0.75
vt 0.921875 0.75
vt 0.921875 0.625
vt 0.8984375 0.625
vt 0.921875 0.625
vt 0.921875 0.75
vt 0.8984375 0.75
vt 0.8984375 0.625
vt 0.828125 0.75
vt 0.828125 0.875
vt 0.875 0.875
vt 0.875 0.75
vt 0.828125 0.875
vt 0.875 0.875
vt 0.875 0.75
vt 0.828125 0.75
vt 0.921875 0.671875
vt 0.921875 0.625
vt 0.8984375 0.625
vt 0.8984375 0.671875
vt 0.8984375 0.671875
vt 0.921875 0.671875
vt 0.921875 0.625
vt 0.8984375 0.625
vt 0.8984375 0.75
vt 0.921875 0.75
vt 0.921875 0.625
vt 0.8984375 0.625
vt 0.921875 0.625
vt 0.921875 0.75
vt 0.8984375 0.75
vt 0.8984375 0.625
vt 0.828125 0.75
vt 0.828125 0.875
vt 0.875 0.875
vt 0.875 0.75
vt 0.828125 0.875
vt 0.875 0.875
vt 0.875 0.75
vt 0.828125 0.75
vt 0.921875 0.671875
vt 0.921875 0.625
vt 0.8984375 0.625
vt 0.8984375 0.671875
vt 0.8984375 0.671875
vt 0.921875 0.671875
vt 0.921875 0.625
vt 0.8984375 0.625
vt 0.8984375 0.75
vt 0.921875 0.75
vt 0.921875 0.625
vt 0.8984375 0.625
vt 0.921875 0.625
vt 0.921875 0.75
vt 0.8984375 0.75
vt 0.8984375 0.625
vt 0.828125 0.75
vt 0.828125 0.875
vt 0.875 0.875
vt 0.875 0.75
vt 0.828125 0.875
vt 0.875 0.875
vt 0.875 0.75
vt 0.828125 0.75
vt 0.921875 0.671875
vt 0.921875 0.625
vt 0.8984375 0.625
vt 0.8984375 0.671875
vt 0.8984375 0.671875
vt 0.921875 0.671875
vt 0.921875 0.625
vt 0.8984375 0.625
vt 0.8984375 0.75
vt 0.921875 0.75
vt 0.921875 0.625
vt 0.8984375 0.625
vt 0.921875 0.625
vt 0.921875 0.75
vt 0.8984375 0.75
vt 0.8984375 0.625
vt 0.828125 0.75
vt 0.828125 0.875
vt 0.875 0.875
vt 0.875 0.75
vt 0.828125 0.875
vt 0.875 0.875
vt 0.875 0.75
vt 0.828125 0.75
vt 0.921875 0.671875
vt 0.921875 0.625
vt 0.8984375 0.625
vt 0.8984375 0.671875
vt 0.8984375 0.671875
vt 0.921875 0.671875
vt 0.921875 0.625
vt 0.8984375 0.625
vt 0.8984375 0.75
vt 0.921875 0.75
vt 0.921875 0.625
vt 0.8984375 0.625
vt 0.921875 0.625
vt 0.921875 0.75
vt 0.8984375 0.75
vt 0.8984375 0.625
vt 0.828125 0.75
vt 0.828125 0.859375
vt 0.875 0.859375
vt 0.875 0.75
vt 0.828125 0.859375
vt 0.875 0.859375
vt 0.875 0.75
vt 0.828125 0.75
vt 0.921875 0.6640625
vt 0.921875 0.6171875
vt 0.8984375 0.6171875
vt 0.8984375 0.6640625
vt 0.8984375 0.6640625
vt 0.921875 0.6640625
vt 0.921875 0.6171875
vt 0.8984375 0.6171875
vt 0.8984375 0.734375
vt 0.921875 0.734375
vt 0.921875 0.625
vt 0.8984375 0.625
vt 0.921875 0.625
vt 0.921875 0.734375
vt 0.8984375 0.734375
vt 0.8984375 0.625
vt 0.828125 0.75
vt 0.828125 0.875
vt 0.875 0.875
vt 0.875 0.75
vt 0.828125 0.875
vt 0.875 0.875
vt 0.875 0.75
vt 0.828125 0.75
vt 0.921875 0.671875
vt 0.921875 0.625
vt 0.8984375 0.625
vt 0.8984375 0.671875
vt 0.8984375 0.671875
vt 0.921875 0.671875
vt 0.921875 0.625
vt 0.8984375 0.625
vt 0.8984375 0.75
vt 0.921875 0.75
vt 0.921875 0.625
vt 0.8984375 0.625
vt 0.921875 0.625
vt 0.921875 0.75
vt 0.8984375 0.75
vt 0.8984375 0.625
vt 0.828125 0.75
vt 0.828125 0.875
vt 0.875 0.875
vt 0.875 0.75
vt 0.828125 0.875
vt 0.875 0.875
vt 0.875 0.75
vt 0.828125 0.75
vt 0.921875 0.671875
vt 0.921875 0.625
vt 0.8984375 0.625
vt 0.8984375 0.671875
vt 0.8984375 0.671875
vt 0.921875 0.671875
vt 0.921875 0.625
vt 0.8984375 0.625
vt 0.8984375 0.75
vt 0.921875 0.75
vt 0.921875 0.625
vt 0.8984375 0.625
vt 0.921875 0.625
vt 0.921875 0.75
vt 0.8984375 0.75
vt 0.8984375 0.625
vt 0.828125 0.75
vt 0.828125 0.875
vt 0.875 0.875
vt 0.875 0.75
vt 0.828125 0.875
vt 0.875 0.875
vt 0.875 0.75
vt 0.828125 0.75
vt 0.921875 0.671875
vt 0.921875 0.625
vt 0.8984375 0.625
vt 0.8984375 0.671875
vt 0.8984375 0.671875
vt 0.921875 0.671875
vt 0.921875 0.625
vt 0.8984375 0.625
vt 0.8984375 0.75
vt 0.921875 0.75
vt 0.921875 0.625
vt 0.8984375 0.625
vt 0.921875 0.625
vt 0.921875 0.75
vt 0.8984375 0.75
vt 0.8984375 0.625
vt 0.828125 0.75
vt 0.828125 0.875
vt 0.875 0.875
vt 0.875 0.75
vt 0.828125 0.875
vt 0.875 0.875
vt 0.875 0.75
vt 0.828125 0.75
vt 0.921875 0.671875
vt 0.921875 0.625
vt 0.8984375 0.625
vt 0.8984375 0.671875
vt 0.8984375 0.671875
vt 0.921875 0.671875
vt 0.921875 0.625
vt 0.8984375 0.625
vt 0.8984375 0.75
vt 0.921875 0.75
vt 0.921875 0.625
vt 0.8984375 0.625
vt 0.921875 0.625
vt 0.921875 0.75
vt 0.8984375 0.75
vt 0.8984375 0.625
vt 0.828125 0.75
vt 0.828125 0.875
vt 0.875 0.875
vt 0.875 0.75
vt 0.828125 0.875
vt 0.875 0.875
vt 0.875 0.75
vt 0.828125 0.75
vt 0.921875 0.671875
vt 0.921875 0.625
vt 0.8984375 0.625
vt 0.8984375 0.671875
vt 0.8984375 0.671875
vt 0.921875 0.671875
vt 0.921875 0.625
vt 0.8984375 0.625
vt 0.8984375 0.75
vt 0.921875 0.75
vt 0.921875 0.625
vt 0.8984375 0.625
vt 0.921875 0.625
vt 0.921875 0.75
vt 0.8984375 0.75
vt 0.8984375 0.625
vt 0.828125 0.75
vt 0.828125 0.859375
vt 0.875 0.859375
vt 0.875 0.75
vt 0.828125 0.859375
vt 0.875 0.859375
vt 0.875 0.75
vt 0.828125 0.75
vt 0.921875 0.671875
vt 0.921875 0.625
vt 0.8984375 0.625
vt 0.8984375 0.671875
vt 0.8984375 0.6640625
vt 0.921875 0.6640625
vt 0.921875 0.6171875
vt 0.8984375 0.6171875
vt 0.8984375 0.734375
vt 0.921875 0.734375
vt 0.921875 0.625
vt 0.8984375 0.625
vt 0.921875 0.625
vt 0.921875 0.734375
vt 0.8984375 0.734375
vt 0.8984375 0.625
vt 0.875 0.875
vt 0.828125 0.875
vt 0.828125 0.75
vt 0.875 0.75
vt 0.875 0.75
vt 0.875 0.875
vt 0.828125 0.875
vt 0.828125 0.75
vt 0.8984375 0.625
vt 0.921875 0.625
vt 0.921875 0.671875
vt 0.8984375 0.671875
vt 0.921875 0.625
vt 0.921875 0.671875
vt 0.8984375 0.671875
vt 0.8984375 0.625
vt 0.921875 0.625
vt 0.921875 0.75
vt 0.8984375 0.75
vt 0.8984375 0.625
vt 0.8984375 0.75
vt 0.921875 0.75
vt 0.921875 0.625
vt 0.8984375 0.625
vt 0.875 0.875
vt 0.828125 0.875
vt 0.828125 0.75
vt 0.875 0.75
vt 0.875 0.75
vt 0.875 0.875
vt 0.828125 0.875
vt 0.828125 0.75
vt 0.8984375 0.625
vt 0.921875 0.625
vt 0.921875 0.671875
vt 0.8984375 0.671875
vt 0.921875 0.625
vt 0.921875 0.671875
vt 0.8984375 0.671875
vt 0.8984375 0.625
vt 0.921875 0.625
vt 0.921875 0.75
vt 0.8984375 0.75
vt 0.8984375 0.625
vt 0.8984375 0.75
vt 0.921875 0.75
vt 0.921875 0.625
vt 0.8984375 0.625
vt 0.875 0.875
vt 0.828125 0.875
vt 0.828125 0.75
vt 0.875 0.75
vt 0.875 0.75
vt 0.875 0.875
vt 0.828125 0.875
vt 0.828125 0.75
vt 0.8984375 0.625
vt 0.921875 0.625
vt 0.921875 0.671875
vt 0.8984375 0.671875
vt 0.921875 0.625
vt 0.921875 0.671875
vt 0.8984375 0.671875
vt 0.8984375 0.625
vt 0.921875 0.625
vt 0.921875 0.75
vt 0.8984375 0.75
vt 0.8984375 0.625
vt 0.8984375 0.75
vt 0.921875 0.75
vt 0.921875 0.625
vt 0.8984375 0.625
vt 0.875 0.875
vt 0.828125 0.875
vt 0.828125 0.75
vt 0.875 0.75
vt 0.875 0.75
vt 0.875 0.875
vt 0.828125 0.875
vt 0.828125 0.75
vt 0.8984375 0.625
vt 0.921875 0.625
vt 0.921875 0.671875
vt 0.8984375 0.671875
vt 0.921875 0.625
vt 0.921875 0.671875
vt 0.8984375 0.671875
vt 0.8984375 0.625
vt 0.921875 0.625
vt 0.921875 0.75
vt 0.8984375 0.75
vt 0.8984375 0.625
vt 0.8984375 0.75
vt 0.921875 0.75
vt 0.921875 0.625
vt 0.8984375 0.625
vt 0.875 0.875
vt 0.828125 0.875
vt 0.828125 0.75
vt 0.875 0.75
vt 0.875 0.75
vt 0.875 0.875
vt 0.828125 0.875
vt 0.828125 0.75
vt 0.8984375 0.625
vt 0.921875 0.625
vt 0.921875 0.671875
vt 0.8984375 0.671875
vt 0.921875 0.625
vt 0.921875 0.671875
vt 0.8984375 0.671875
vt 0.8984375 0.625
vt 0.921875 0.625
vt 0.921875 0.75
vt 0.8984375 0.75
vt 0.8984375 0.625
vt 0.8984375 0.75
vt 0.921875 0.75
vt 0.921875 0.625
vt 0.8984375 0.625
vt 0.875 0.859375
vt 0.828125 0.859375
vt 0.828125 0.75
vt 0.875 0.75
vt 0.875 0.75
vt 0.875 0.859375
vt 0.828125 0.859375
vt 0.828125 0.75
vt 0.8984375 0.625
vt 0.921875 0.625
vt 0.921875 0.671875
vt 0.8984375 0.671875
vt 0.921875 0.6171875
vt 0.921875 0.6640625
vt 0.8984375 0.6640625
vt 0.8984375 0.6171875
vt 0.921875 0.625
vt 0.921875 0.734375
vt 0.8984375 0.734375
vt 0.8984375 0.625
vt 0.8984375 0.734375
vt 0.921875 0.734375
vt 0.921875 0.625
vt 0.8984375 0.625
vt 0.875 0.859375
vt 0.828125 0.859375
vt 0.828125 0.75
vt 0.875 0.75
vt 0.875 0.75
vt 0.875 0.859375
vt 0.828125 0.859375
vt 0.828125 0.75
vt 0.8984375 0.6171875
vt 0.921875 0.6171875
vt 0.921875 0.6640625
vt 0.8984375 0.6640625
vt 0.921875 0.6171875
vt 0.921875 0.6640625
vt 0.8984375 0.6640625
vt 0.8984375 0.6171875
vt 0.921875 0.625
vt 0.921875 0.734375
vt 0.8984375 0.734375
vt 0.8984375 0.625
vt 0.8984375 0.734375
vt 0.921875 0.734375
vt 0.921875 0.625
vt 0.8984375 0.625
vt 0.875 0.875
vt 0.828125 0.875
vt 0.828125 0.75
vt 0.875 0.75
vt 0.875 0.75
vt 0.875 0.875
vt 0.828125 0.875
vt 0.828125 0.75
vt 0.8984375 0.625
vt 0.921875 0.625
vt 0.921875 0.671875
vt 0.8984375 0.671875
vt 0.921875 0.625
vt 0.921875 0.671875
vt 0.8984375 0.671875
vt 0.8984375 0.625
vt 0.921875 0.625
vt 0.921875 0.75
vt 0.8984375 0.75
vt 0.8984375 0.625
vt 0.8984375 0.75
vt 0.921875 0.75
vt 0.921875 0.625
vt 0.8984375 0.625
vt 0.875 0.875
vt 0.828125 0.875
vt 0.828125 0.75
vt 0.875 0.75
vt 0.875 0.75
vt 0.875 0.875
vt 0.828125 0.875
vt 0.828125 0.75
vt 0.8984375 0.625
vt 0.921875 0.625
vt 0.921875 0.671875
vt 0.8984375 0.671875
vt 0.921875 0.625
vt 0.921875 0.671875
vt 0.8984375 0.671875
vt 0.8984375 0.625
vt 0.921875 0.625
vt 0.921875 0.75
vt 0.8984375 0.75
vt 0.8984375 0.625
vt 0.8984375 0.75
vt 0.921875 0.75
vt 0.921875 0.625
vt 0.8984375 0.625
vt 0.875 0.875
vt 0.828125 0.875
vt 0.828125 0.75
vt 0.875 0.75
vt 0.875 0.75
vt 0.875 0.875
vt 0.828125 0.875
vt 0.828125 0.75
vt 0.8984375 0.625
vt 0.921875 0.625
vt 0.921875 0.671875
vt 0.8984375 0.671875
vt 0.921875 0.625
vt 0.921875 0.671875
vt 0.8984375 0.671875
vt 0.8984375 0.625
vt 0.921875 0.625
vt 0.921875 0.75
vt 0.8984375 0.75
vt 0.8984375 0.625
vt 0.8984375 0.75
vt 0.921875 0.75
vt 0.921875 0.625
vt 0.8984375 0.625
vt 0.875 0.875
vt 0.828125 0.875
vt 0.828125 0.75
vt 0.875 0.75
vt 0.875 0.75
vt 0.875 0.875
vt 0.828125 0.875
vt 0.828125 0.75
vt 0.8984375 0.625
vt 0.921875 0.625
vt 0.921875 0.671875
vt 0.8984375 0.671875
vt 0.921875 0.625
vt 0.921875 0.671875
vt 0.8984375 0.671875
vt 0.8984375 0.625
vt 0.921875 0.625
vt 0.921875 0.75
vt 0.8984375 0.75
vt 0.8984375 0.625
vt 0.8984375 0.75
vt 0.921875 0.75
vt 0.921875 0.625
vt 0.8984375 0.625
vt 0.875 0.875
vt 0.828125 0.875
vt 0.828125 0.75
vt 0.875 0.75
vt 0.875 0.75
vt 0.875 0.875
vt 0.828125 0.875
vt 0.828125 0.75
vt 0.8984375 0.625
vt 0.921875 0.625
vt 0.921875 0.671875
vt 0.8984375 0.671875
vt 0.921875 0.625
vt 0.921875 0.671875
vt 0.8984375 0.671875
vt 0.8984375 0.625
vt 0.921875 0.625
vt 0.921875 0.75
vt 0.8984375 0.75
vt 0.8984375 0.625
vt 0.8984375 0.75
vt 0.921875 0.75
vt 0.921875 0.625
vt 0.8984375 0.625
vt 0.828125 0.75
vt 0.828125 0.859375
vt 0.875 0.859375
vt 0.875 0.75
vt 0.828125 0.859375
vt 0.875 0.859375
vt 0.875 0.75
vt 0.828125 0.75
vt 0.921875 0.6640625
vt 0.921875 0.6171875
vt 0.8984375 0.6171875
vt 0.8984375 0.6640625
vt 0.8984375 0.6640625
vt 0.921875 0.6640625
vt 0.921875 0.6171875
vt 0.8984375 0.6171875
vt 0.8984375 0.734375
vt 0.921875 0.734375
vt 0.921875 0.625
vt 0.8984375 0.625
vt 0.921875 0.625
vt 0.921875 0.734375
vt 0.8984375 0.734375
vt 0.8984375 0.625
vt 0.828125 0.75
vt 0.828125 0.875
vt 0.875 0.875
vt 0.875 0.75
vt 0.828125 0.875
vt 0.875 0.875
vt 0.875 0.75
vt 0.828125 0.75
vt 0.921875 0.671875
vt 0.921875 0.625
vt 0.8984375 0.625
vt 0.8984375 0.671875
vt 0.8984375 0.671875
vt 0.921875 0.671875
vt 0.921875 0.625
vt 0.8984375 0.625
vt 0.8984375 0.75
vt 0.921875 0.75
vt 0.921875 0.625
vt 0.8984375 0.625
vt 0.921875 0.625
vt 0.921875 0.75
vt 0.8984375 0.75
vt 0.8984375 0.625
vt 0.828125 0.75
vt 0.828125 0.875
vt 0.875 0.875
vt 0.875 0.75
vt 0.828125 0.875
vt 0.875 0.875
vt 0.875 0.75
vt 0.828125 0.75
vt 0.921875 0.671875
vt 0.921875 0.625
vt 0.8984375 0.625
vt 0.8984375 0.671875
vt 0.8984375 0.671875
vt 0.921875 0.671875
vt 0.921875 0.625
vt 0.8984375 0.625
vt 0.8984375 0.75
vt 0.921875 0.75
vt 0.921875 0.625
vt 0.8984375 0.625
vt 0.921875 0.625
vt 0.921875 0.75
vt 0.8984375 0.75
vt 0.8984375 0.625
vt 0.828125 0.75
vt 0.828125 0.875
vt 0.875 0.875
vt 0.875 0.75
vt 0.828125 0.875
vt 0.875 0.875
vt 0.875 0.75
vt 0.828125 0.75
vt 0.921875 0.671875
vt 0.921875 0.625
vt 0.8984375 0.625
vt 0.8984375 0.671875
vt 0.8984375 0.671875
vt 0.921875 0.671875
vt 0.921875 0.625
vt 0.8984375 0.625
vt 0.8984375 0.75
vt 0.921875 0.75
vt 0.921875 0.625
vt 0.8984375 0.625
vt 0.921875 0.625
vt 0.921875 0.75
vt 0.8984375 0.75
vt 0.8984375 0.625
vt 0.828125 0.75
vt 0.828125 0.875
vt 0.875 0.875
vt 0.875 0.75
vt 0.828125 0.875
vt 0.875 0.875
vt 0.875 0.75
vt 0.828125 0.75
vt 0.921875 0.671875
vt 0.921875 0.625
vt 0.8984375 0.625
vt 0.8984375 0.671875
vt 0.8984375 0.671875
vt 0.921875 0.671875
vt 0.921875 0.625
vt 0.8984375 0.625
vt 0.8984375 0.75
vt 0.921875 0.75
vt 0.921875 0.625
vt 0.8984375 0.625
vt 0.921875 0.625
vt 0.921875 0.75
vt 0.8984375 0.75
vt 0.8984375 0.625
vt 0.828125 0.75
vt 0.828125 0.875
vt 0.875 0.875
vt 0.875 0.75
vt 0.828125 0.875
vt 0.875 0.875
vt 0.875 0.75
vt 0.828125 0.75
vt 0.921875 0.671875
vt 0.921875 0.625
vt 0.8984375 0.625
vt 0.8984375 0.671875
vt 0.8984375 0.671875
vt 0.921875 0.671875
vt 0.921875 0.625
vt 0.8984375 0.625
vt 0.8984375 0.75
vt 0.921875 0.75
vt 0.921875 0.625
vt 0.8984375 0.625
vt 0.921875 0.625
vt 0.921875 0.75
vt 0.8984375 0.75
vt 0.8984375 0.625
vt 0.875 0.9375
vt 0.75 0.9375
vt 0.75 0.875
vt 0.875 0.875
vt 0.875 0.875
vt 0.875 0.9375
vt 0.75 0.9375
vt 0.75 0.875
vt 0.9375 0.75
vt 1 0.75
vt 1 0.875
vt 0.9375 0.875
vt 1 0.75
vt 1 0.875
vt 0.9375 0.875
vt 0.9375 0.75
vt 0.8125 0.875
vt 0.8125 0.9375
vt 0.75 0.9375
vt 0.75 0.875
vt 0.7890625 0.9375
vt 0.7265625 0.9375
vt 0.7265625 0.875
vt 0.7890625 0.875
vt 0.875 0.9375
vt 0.75 0.9375
vt 0.75 0.875
vt 0.875 0.875
vt 0.875 0.875
vt 0.875 0.9375
vt 0.75 0.9375
vt 0.75 0.875
vt 0.9375 0.75
vt 1 0.75
vt 1 0.875
vt 0.9375 0.875
vt 1 0.75
vt 1 0.875
vt 0.9375 0.875
vt 0.9375 0.75
vt 0.8125 0.875
vt 0.8125 0.9375
vt 0.75 0.9375
vt 0.75 0.875
vt 0.7890625 0.9375
vt 0.7265625 0.9375
vt 0.7265625 0.875
vt 0.7890625 0.875
vt 0.875 0.9375
vt 0.75 0.9375
vt 0.75 0.875
vt 0.875 0.875
vt 0.875 0.875
vt 0.875 0.9375
vt 0.75 0.9375
vt 0.75 0.875
vt 0.9375 0.75
vt 1 0.75
vt 1 0.875
vt 0.9375 0.875
vt 1 0.75
vt 1 0.875
vt 0.9375 0.875
vt 0.9375 0.75
vt 0.875 0.875
vt 0.875 0.9375
vt 0.8125 0.9375
vt 0.8125 0.875
vt 0.8125 0.9375
vt 0.75 0.9375
vt 0.75 0.875
vt 0.8125 0.875
vt 0.875 0.9375
vt 0.75 0.9375
vt 0.75 0.875
vt 0.875 0.875
vt 0.875 0.875
vt 0.875 0.9375
vt 0.75 0.9375
vt 0.75 0.875
vt 0.9375 0.75
vt 1 0.75
vt 1 0.875
vt 0.9375 0.875
vt 1 0.75
vt 1 0.875
vt 0.9375 0.875
vt 0.9375 0.75
vt 0.875 0.875
vt 0.875 0.9375
vt 0.8125 0.9375
vt 0.8125 0.875
vt 0.8125 0.9375
vt 0.75 0.9375
vt 0.75 0.875
vt 0.8125 0.875
vt 0.875 1
vt 0.75 1
vt 0.75 0.875
vt 0.875 0.875
vt 0.875 0.875
vt 0.875 1
vt 0.75 1
vt 0.75 0.875
vt 0.9375 0.75
vt 1 0.75
vt 1 0.875
vt 0.9375 0.875
vt 1 0.75
vt 1 0.875
vt 0.9375 0.875
vt 0.9375 0.75
vt 0.875 0.875
vt 0.875 1
vt 0.8125 1
vt 0.8125 0.875
vt 0.8125 1
vt 0.75 1
vt 0.75 0.875
vt 0.8125 0.875
vt 0.875 0.9375
vt 0.75 0.9375
vt 0.75 0.875
vt 0.875 0.875
vt 0.875 0.875
vt 0.875 0.9375
vt 0.75 0.9375
vt 0.75 0.875
vt 0.9375 0.75
vt 1 0.75
vt 1 0.875
vt 0.9375 0.875
vt 1 0.75
vt 1 0.875
vt 0.9375 0.875
vt 0.9375 0.75
vt 0.875 0.875
vt 0.875 0.9375
vt 0.8125 0.9375
vt 0.8125 0.875
vt 0.8125 0.9375
vt 0.75 0.9375
vt 0.75 0.875
vt 0.8125 0.875
vt 0.875 0.9375
vt 0.75 0.9375
vt 0.75 0.875
vt 0.875 0.875
vt 0.875 0.875
vt 0.875 0.9375
vt 0.75 0.9375
vt 0.75 0.875
vt 0.9375 0.75
vt 1 0.75
vt 1 0.875
vt 0.9375 0.875
vt 1 0.75
vt 1 0.875
vt 0.9375 0.875
vt 0.9375 0.75
vt 0.8125 0.875
vt 0.8125 0.9375
vt 0.75 0.9375
vt 0.75 0.875
vt 0.875 0.9375
vt 0.8125 0.9375
vt 0.8125 0.875
vt 0.875 0.875
vt 0.875 1
vt 0.75 1
vt 0.75 0.875
vt 0.875 0.875
vt 0.875 0.875
vt 0.875 1
vt 0.75 1
vt 0.75 0.875
vt 0.9375 0.75
vt 1 0.75
vt 1 0.875
vt 0.9375 0.875
vt 1 0.75
vt 1 0.875
vt 0.9375 0.875
vt 0.9375 0.75
vt 0.875 0.875
vt 0.875 1
vt 0.8125 1
vt 0.8125 0.875
vt 0.8125 1
vt 0.75 1
vt 0.75 0.875
vt 0.8125 0.875
vt 0.875 1
vt 0.75 1
vt 0.75 0.875
vt 0.875 0.875
vt 0.875 0.875
vt 0.875 1
vt 0.75 1
vt 0.75 0.875
vt 0.9375 0.75
vt 1 0.75
vt 1 0.875
vt 0.9375 0.875
vt 1 0.75
vt 1 0.875
vt 0.9375 0.875
vt 0.9375 0.75
vt 0.875 0.875
vt 0.875 1
vt 0.8125 1
vt 0.8125 0.875
vt 0.8125 1
vt 0.75 1
vt 0.75 0.875
vt 0.8125 0.875
vt 0.875 1
vt 0.75 1
vt 0.75 0.875
vt 0.875 0.875
vt 0.875 0.875
vt 0.875 1
vt 0.75 1
vt 0.75 0.875
vt 0.9375 0.75
vt 1 0.75
vt 1 0.875
vt 0.9375 0.875
vt 1 0.75
vt 1 0.875
vt 0.9375 0.875
vt 0.9375 0.75
vt 0.875 0.875
vt 0.875 1
vt 0.8125 1
vt 0.8125 0.875
vt 0.8125 1
vt 0.75 1
vt 0.75 0.875
vt 0.8125 0.875
vt 0.875 1
vt 0.75 1
vt 0.75 0.875
vt 0.875 0.875
vt 0.875 0.875
vt 0.875 1
vt 0.75 1
vt 0.75 0.875
vt 0.9375 0.75
vt 1 0.75
vt 1 0.875
vt 0.9375 0.875
vt 1 0.75
vt 1 0.875
vt 0.9375 0.875
vt 0.9375 0.75
vt 0.875 0.875
vt 0.875 1
vt 0.8125 1
vt 0.8125 0.875
vt 0.8125 1
vt 0.75 1
vt 0.75 0.875
vt 0.8125 0.875
vt 0.875 1
vt 0.75 1
vt 0.75 0.875
vt 0.875 0.875
vt 0.875 0.875
vt 0.875 1
vt 0.75 1
vt 0.75 0.875
vt 0.9375 0.75
vt 1 0.75
vt 1 0.875
vt 0.9375 0.875
vt 1 0.75
vt 1 0.875
vt 0.9375 0.875
vt 0.9375 0.75
vt 0.875 0.875
vt 0.875 1
vt 0.8125 1
vt 0.8125 0.875
vt 0.8125 1
vt 0.75 1
vt 0.75 0.875
vt 0.8125 0.875
vt 0.875 0.9375
vt 0.75 0.9375
vt 0.75 0.875
vt 0.875 0.875
vt 0.875 0.875
vt 0.875 0.9375
vt 0.75 0.9375
vt 0.75 0.875
vt 0.9375 0.75
vt 1 0.75
vt 1 0.875
vt 0.9375 0.875
vt 1 0.75
vt 1 0.875
vt 0.9375 0.875
vt 0.9375 0.75
vt 0.875 0.875
vt 0.875 0.9375
vt 0.8125 0.9375
vt 0.8125 0.875
vt 0.8125 0.9375
vt 0.75 0.9375
vt 0.75 0.875
vt 0.8125 0.875
vt 0.875 1
vt 0.75 1
vt 0.75 0.875
vt 0.875 0.875
vt 0.875 0.875
vt 0.875 1
vt 0.75 1
vt 0.75 0.875
vt 0.9375 0.75
vt 1 0.75
vt 1 0.875
vt 0.9375 0.875
vt 1 0.75
vt 1 0.875
vt 0.9375 0.875
vt 0.9375 0.75
vt 0.8125 0.875
vt 0.8125 1
vt 0.75 1
vt 0.75 0.875
vt 0.875 1
vt 0.8125 1
vt 0.8125 0.875
vt 0.875 0.875
vt 0.875 1
vt 0.75 1
vt 0.75 0.875
vt 0.875 0.875
vt 0.875 0.875
vt 0.875 1
vt 0.75 1
vt 0.75 0.875
vt 0.9375 0.75
vt 1 0.75
vt 1 0.875
vt 0.9375 0.875
vt 1 0.75
vt 1 0.875
vt 0.9375 0.875
vt 0.9375 0.75
vt 0.8125 0.875
vt 0.8125 1
vt 0.75 1
vt 0.75 0.875
vt 0.875 1
vt 0.8125 1
vt 0.8125 0.875
vt 0.875 0.875
vt 0.875 1
vt 0.75 1
vt 0.75 0.875
vt 0.875 0.875
vt 0.875 0.875
vt 0.875 1
vt 0.75 1
vt 0.75 0.875
vt 0.9375 0.75
vt 1 0.75
vt 1 0.875
vt 0.9375 0.875
vt 1 0.75
vt 1 0.875
vt 0.9375 0.875
vt 0.9375 0.75
vt 0.8125 0.875
vt 0.8125 1
vt 0.75 1
vt 0.75 0.875
vt 0.875 1
vt 0.8125 1
vt 0.8125 0.875
vt 0.875 0.875
vt 0.875 1
vt 0.75 1
vt 0.75 0.875
vt 0.875 0.875
vt 0.875 0.875
vt 0.875 1
vt 0.75 1
vt 0.75 0.875
vt 0.9375 0.75
vt 1 0.75
vt 1 0.875
vt 0.9375 0.875
vt 1 0.75
vt 1 0.875
vt 0.9375 0.875
vt 0.9375 0.75
vt 0.8125 0.875
vt 0.8125 1
vt 0.75 1
vt 0.75 0.875
vt 0.875 1
vt 0.8125 1
vt 0.8125 0.875
vt 0.875 0.875
vt 0.875 1
vt 0.75 1
vt 0.75 0.875
vt 0.875 0.875
vt 0.875 0.875
vt 0.875 1
vt 0.75 1
vt 0.75 0.875
vt 0.9375 0.75
vt 1 0.75
vt 1 0.875
vt 0.9375 0.875
vt 1 0.75
vt 1 0.875
vt 0.9375 0.875
vt 0.9375 0.75
vt 0.8125 0.875
vt 0.8125 1
vt 0.75 1
vt 0.75 0.875
vt 0.875 1
vt 0.8125 1
vt 0.8125 0.875
vt 0.875 0.875
vt 0.875 1
vt 0.75 1
vt 0.75 0.875
vt 0.875 0.875
vt 0.875 0.875
vt 0.875 1
vt 0.75 1
vt 0.75 0.875
vt 0.9375 0.75
vt 1 0.75
vt 1 0.875
vt 0.9375 0.875
vt 1 0.75
vt 1 0.875
vt 0.9375 0.875
vt 0.9375 0.75
vt 0.8125 0.875
vt 0.8125 1
vt 0.75 1
vt 0.75 0.875
vt 0.875 1
vt 0.8125 1
vt 0.8125 0.875
vt 0.875 0.875
vt 0.875 0.9375
vt 0.75 0.9375
vt 0.75 0.875
vt 0.875 0.875
vt 0.875 0.875
vt 0.875 0.9375
vt 0.75 0.9375
vt 0.75 0.875
vt 0.9375 0.75
vt 1 0.75
vt 1 0.875
vt 0.9375 0.875
vt 1 0.75
vt 1 0.875
vt 0.9375 0.875
vt 0.9375 0.75
vt 0.8125 0.875
vt 0.8125 0.9375
vt 0.75 0.9375
vt 0.75 0.875
vt 0.875 0.9375
vt 0.8125 0.9375
vt 0.8125 0.875
vt 0.875 0.875
vt 0.875 1
vt 0.75 1
vt 0.75 0.9375
vt 0.875 0.9375
vt 0.875 0.9375
vt 0.875 1
vt 0.75 1
vt 0.75 0.9375
vt 0.875 0.875
vt 1 0.875
vt 1 1
vt 0.875 1
vt 1 0.875
vt 1 1
vt 0.875 1
vt 0.875 0.875
vt 0.875 0.9375
vt 0.875 1
vt 0.75 1
vt 0.75 0.9375
vt 0.875 1
vt 0.75 1
vt 0.75 0.9375
vt 0.875 0.9375
vt 0.875 1
vt 0.75 1
vt 0.75 0.9375
vt 0.875 0.9375
vt 0.875 0.9375
vt 0.875 1
vt 0.75 1
vt 0.75 0.9375
vt 0.875 0.875
vt 1 0.875
vt 1 1
vt 0.875 1
vt 1 0.875
vt 1 1
vt 0.875 1
vt 0.875 0.875
vt 1 0.8125
vt 1 0.875
vt 0.875 0.875
vt 0.875 0.8125
vt 0.875 1
vt 0.75 1
vt 0.75 0.9375
vt 0.875 0.9375
vt 0.875 1
vt 0.75 1
vt 0.75 0.9375
vt 0.875 0.9375
vt 0.875 0.9375
vt 0.875 1
vt 0.75 1
vt 0.75 0.9375
vt 0.875 0.875
vt 1 0.875
vt 1 1
vt 0.875 1
vt 1 0.875
vt 1 1
vt 0.875 1
vt 0.875 0.875
vt 1 0.8125
vt 1 0.875
vt 0.875 0.875
vt 0.875 0.8125
vt 0.875 1
vt 0.75 1
vt 0.75 0.9375
vt 0.875 0.9375
vt 0.875 1
vt 0.75 1
vt 0.75 0.9375
vt 0.875 0.9375
vt 0.875 0.9375
vt 0.875 1
vt 0.75 1
vt 0.75 0.9375
vt 0.875 0.875
vt 1 0.875
vt 1 1
vt 0.875 1
vt 1 0.875
vt 1 1
vt 0.875 1
vt 0.875 0.875
vt 1 0.8125
vt 1 0.875
vt 0.875 0.875
vt 0.875 0.8125
vt 0.875 1
vt 0.75 1
vt 0.75 0.9375
vt 0.875 0.9375
vt 0.875 1
vt 0.75 1
vt 0.75 0.9375
vt 0.875 0.9375
vt 0.875 0.9375
vt 0.875 1
vt 0.75 1
vt 0.75 0.9375
vt 0.875 0.875
vt 1 0.875
vt 1 1
vt 0.875 1
vt 1 0.875
vt 1 1
vt 0.875 1
vt 0.875 0.875
vt 0.875 0.9375
vt 0.875 1
vt 0.75 1
vt 0.75 0.9375
vt 0.875 1
vt 0.75 1
vt 0.75 0.9375
vt 0.875 0.9375
vt 0.875 1
vt 0.75 1
vt 0.75 0.9375
vt 0.875 0.9375
vt 0.875 0.9375
vt 0.875 1
vt 0.75 1
vt 0.75 0.9375
vt 0.875 0.875
vt 1 0.875
vt 1 1
vt 0.875 1
vt 1 0.875
vt 1 1
vt 0.875 1
vt 0.875 0.875
vt 0.875 0.9375
vt 0.875 1
vt 0.75 1
vt 0.75 0.9375
vt 0.875 1
vt 0.75 1
vt 0.75 0.9375
vt 0.875 0.9375
vt 0.875 1
vt 0.75 1
vt 0.75 0.9375
vt 0.875 0.9375
vt 0.875 0.9375
vt 0.875 1
vt 0.75 1
vt 0.75 0.9375
vt 0.875 0.875
vt 1 0.875
vt 1 1
vt 0.875 1
vt 1 0.875
vt 1 1
vt 0.875 1
vt 0.875 0.875
vt 1 0.8125
vt 1 0.875
vt 0.875 0.875
vt 0.875 0.8125
vt 0.875 1
vt 0.75 1
vt 0.75 0.9375
vt 0.875 0.9375
vt 0.875 1
vt 0.75 1
vt 0.75 0.9375
vt 0.875 0.9375
vt 0.875 0.9375
vt 0.875 1
vt 0.75 1
vt 0.75 0.9375
vt 0.875 0.875
vt 1 0.875
vt 1 1
vt 0.875 1
vt 1 0.875
vt 1 1
vt 0.875 1
vt 0.875 0.875
vt 1 0.8125
vt 1 0.875
vt 0.875 0.875
vt 0.875 0.8125
vt 0.875 1
vt 0.75 1
vt 0.75 0.9375
vt 0.875 0.9375
vt 0.875 1
vt 0.75 1
vt 0.75 0.9375
vt 0.875 0.9375
vt 0.875 0.9375
vt 0.875 1
vt 0.75 1
vt 0.75 0.9375
vt 0.875 0.875
vt 1 0.875
vt 1 1
vt 0.875 1
vt 1 0.875
vt 1 1
vt 0.875 1
vt 0.875 0.875
vt 1 0.8125
vt 1 0.875
vt 0.875 0.875
vt 0.875 0.8125
vt 0.875 1
vt 0.75 1
vt 0.75 0.9375
vt 0.875 0.9375
vt 0.875 1
vt 0.75 1
vt 0.75 0.9375
vt 0.875 0.9375
vt 0.875 0.9375
vt 0.875 1
vt 0.75 1
vt 0.75 0.9375
vt 0.875 0.875
vt 1 0.875
vt 1 1
vt 0.875 1
vt 1 0.875
vt 1 1
vt 0.875 1
vt 0.875 0.875
vt 0.875 0.9375
vt 0.875 1
vt 0.75 1
vt 0.75 0.9375
vt 0.875 1
vt 0.75 1
vt 0.75 0.9375
vt 0.875 0.9375
vt 0.875 1
vt 0.75 1
vt 0.75 0.9375
vt 0.875 0.9375
vt 0.875 0.9375
vt 0.875 1
vt 0.75 1
vt 0.75 0.9375
vt 0.875 0.875
vt 1 0.875
vt 1 1
vt 0.875 1
vt 1 0.875
vt 1 1
vt 0.875 1
vt 0.875 0.875
vt 1 0.8125
vt 1 0.875
vt 0.875 0.875
vt 0.875 0.8125
vt 0.875 1
vt 0.75 1
vt 0.75 0.9375
vt 0.875 0.9375
vt 0.875 1
vt 0.75 1
vt 0.75 0.9375
vt 0.875 0.9375
vt 0.875 0.9375
vt 0.875 1
vt 0.75 1
vt 0.75 0.9375
vt 0.875 0.875
vt 1 0.875
vt 1 1
vt 0.875 1
vt 1 0.875
vt 1 1
vt 0.875 1
vt 0.875 0.875
vt 1 0.8125
vt 1 0.875
vt 0.875 0.875
vt 0.875 0.8125
vt 0.875 1
vt 0.75 1
vt 0.75 0.9375
vt 0.875 0.9375
vt 0.875 1
vt 0.75 1
vt 0.75 0.9375
vt 0.875 0.9375
vt 0.875 0.9375
vt 0.875 1
vt 0.75 1
vt 0.75 0.9375
vt 0.875 0.875
vt 1 0.875
vt 1 1
vt 0.875 1
vt 1 0.875
vt 1 1
vt 0.875 1
vt 0.875 0.875
vt 1 0.8125
vt 1 0.875
vt 0.875 0.875
vt 0.875 0.8125
vt 0.875 1
vt 0.75 1
vt 0.75 0.9375
vt 0.875 0.9375
vt 0.875 1
vt 0.75 1
vt 0.75 0.9375
vt 0.875 0.9375
vt 0.875 0.9375
vt 0.875 1
vt 0.75 1
vt 0.75 0.9375
vt 0.875 0.875
vt 1 0.875
vt 1 1
vt 0.875 1
vt 1 0.875
vt 1 1
vt 0.875 1
vt 0.875 0.875
vt 1 0.8125
vt 1 0.875
vt 0.875 0.875
vt 0.875 0.8125
vt 0.875 1
vt 0.75 1
vt 0.75 0.9375
vt 0.875 0.9375
vt 0.875 1
vt 0.75 1
vt 0.75 0.9375
vt 0.875 0.9375
vt 0.875 0.9375
vt 0.875 1
vt 0.75 1
vt 0.75 0.9375
vt 0.875 0.875
vt 1 0.875
vt 1 1
vt 0.875 1
vt 1 0.875
vt 1 1
vt 0.875 1
vt 0.875 0.875
vt 1 0.8125
vt 1 0.875
vt 0.875 0.875
vt 0.875 0.8125
vt 0.875 1
vt 0.75 1
vt 0.75 0.9375
vt 0.875 0.9375
vt 0.875 1
vt 0.75 1
vt 0.75 0.9375
vt 0.875 0.9375
vt 0.875 0.9375
vt 0.875 1
vt 0.75 1
vt 0.75 0.9375
vt 0.875 0.875
vt 1 0.875
vt 1 1
vt 0.875 1
vt 1 0.875
vt 1 1
vt 0.875 1
vt 0.875 0.875
vt 1 0.8125
vt 1 0.875
vt 0.875 0.875
vt 0.875 0.8125
vt 0.875 1
vt 0.75 1
vt 0.75 0.9375
vt 0.875 0.9375
vt 0.25 1
vt 0.125 1
vt 0.125 0.9375
vt 0.25 0.9375
vt 0.25 0.9375
vt 0.25 1
vt 0.125 1
vt 0.125 0.9375
vt 0.375 0.875
vt 0.5 0.875
vt 0.5 1
vt 0.375 1
vt 0.375 0.875
vt 0.375 1
vt 0.25 1
vt 0.25 0.875
vt 0.25 0.9375
vt 0.25 1
vt 0.125 1
vt 0.125 0.9375
vt 0.25 1
vt 0.125 1
vt 0.125 0.9375
vt 0.25 0.9375
vt 0.25 0.9375
vt 0.125 0.9375
vt 0.125 0.875
vt 0.25 0.875
vt 0.25 0.875
vt 0.25 0.9375
vt 0.125 0.9375
vt 0.125 0.875
vt 0.375 0.875
vt 0.5 0.875
vt 0.5 1
vt 0.375 1
vt 0.375 0.875
vt 0.375 1
vt 0.25 1
vt 0.25 0.875
vt 0.25 0.875
vt 0.25 0.9375
vt 0.125 0.9375
vt 0.125 0.875
vt 0.25 0.9375
vt 0.125 0.9375
vt 0.125 0.875
vt 0.25 0.875
vt 0.25 0.9375
vt 0.125 0.9375
vt 0.125 0.875
vt 0.25 0.875
vt 0.25 0.875
vt 0.25 0.9375
vt 0.125 0.9375
vt 0.125 0.875
vt 0.375 0.875
vt 0.5 0.875
vt 0.5 1
vt 0.375 1
vt 0.375 0.875
vt 0.375 1
vt 0.25 1
vt 0.25 0.875
vt 0.25 0.875
vt 0.25 0.9375
vt 0.125 0.9375
vt 0.125 0.875
vt 0.25 0.9375
vt 0.125 0.9375
vt 0.125 0.875
vt 0.25 0.875
vt 0.25 0.9375
vt 0.125 0.9375
vt 0.125 0.875
vt 0.25 0.875
vt 0.25 0.875
vt 0.25 0.9375
vt 0.125 0.9375
vt 0.125 0.875
vt 0.375 0.875
vt 0.5 0.875
vt 0.5 1
vt 0.375 1
vt 0.375 0.875
vt 0.375 1
vt 0.25 1
vt 0.25 0.875
vt 0.25 0.875
vt 0.25 0.9375
vt 0.125 0.9375
vt 0.125 0.875
vt 0.25 0.9375
vt 0.125 0.9375
vt 0.125 0.875
vt 0.25 0.875
vt 0.25 0.9375
vt 0.125 0.9375
vt 0.125 0.875
vt 0.25 0.875
vt 0.25 0.875
vt 0.25 0.9375
vt 0.125 0.9375
vt 0.125 0.875
vt 0.375 0.875
vt 0.5 0.875
vt 0.5 1
vt 0.375 1
vt 0.375 0.875
vt 0.375 1
vt 0.25 1
vt 0.25 0.875
vt 0.25 0.875
vt 0.25 0.9375
vt 0.125 0.9375
vt 0.125 0.875
vt 0.25 0.9375
vt 0.125 0.9375
vt 0.125 0.875
vt 0.25 0.875
vt 0.25 0.9375
vt 0.125 0.9375
vt 0.125 0.875
vt 0.25 0.875
vt 0.25 0.875
vt 0.25 0.9375
vt 0.125 0.9375
vt 0.125 0.875
vt 0.375 0.875
vt 0.5 0.875
vt 0.5 1
vt 0.375 1
vt 0.375 0.875
vt 0.375 1
vt 0.25 1
vt 0.25 0.875
vt 0.25 0.875
vt 0.25 0.9375
vt 0.125 0.9375
vt 0.125 0.875
vt 0.25 0.9375
vt 0.125 0.9375
vt 0.125 0.875
vt 0.25 0.875
vt 0.25 0.9375
vt 0.125 0.9375
vt 0.125 0.875
vt 0.25 0.875
vt 0.25 0.875
vt 0.25 0.9375
vt 0.125 0.9375
vt 0.125 0.875
vt 0.375 0.875
vt 0.5 0.875
vt 0.5 1
vt 0.375 1
vt 0.375 0.875
vt 0.375 1
vt 0.25 1
vt 0.25 0.875
vt 0.25 0.875
vt 0.25 0.9375
vt 0.125 0.9375
vt 0.125 0.875
vt 0.25 0.9375
vt 0.125 0.9375
vt 0.125 0.875
vt 0.25 0.875
vt 0.25 0.9375
vt 0.125 0.9375
vt 0.125 0.875
vt 0.25 0.875
vt 0.25 0.875
vt 0.25 0.9375
vt 0.125 0.9375
vt 0.125 0.875
vt 0.375 0.875
vt 0.5 0.875
vt 0.5 1
vt 0.375 1
vt 0.375 0.875
vt 0.375 1
vt 0.25 1
vt 0.25 0.875
vt 0.25 0.875
vt 0.25 0.9375
vt 0.125 0.9375
vt 0.125 0.875
vt 0.25 0.9375
vt 0.125 0.9375
vt 0.125 0.875
vt 0.25 0.875
vt 0.25 1
vt 0.125 1
vt 0.125 0.875
vt 0.25 0.875
vt 0.25 0.875
vt 0.25 1
vt 0.125 1
vt 0.125 0.875
vt 0.375 0.875
vt 0.5 0.875
vt 0.5 1
vt 0.375 1
vt 0.375 0.875
vt 0.375 1
vt 0.25 1
vt 0.25 0.875
vt 0.25 0.875
vt 0.25 1
vt 0.125 1
vt 0.125 0.875
vt 0.25 1
vt 0.125 1
vt 0.125 0.875
vt 0.25 0.875
vt 0.25 1
vt 0.125 1
vt 0.125 0.875
vt 0.25 0.875
vt 0.25 0.875
vt 0.25 1
vt 0.125 1
vt 0.125 0.875
vt 0.375 0.875
vt 0.5 0.875
vt 0.5 1
vt 0.375 1
vt 0.375 0.875
vt 0.375 1
vt 0.25 1
vt 0.25 0.875
vt 0.25 0.875
vt 0.25 1
vt 0.125 1
vt 0.125 0.875
vt 0.25 1
vt 0.125 1
vt 0.125 0.875
vt 0.25 0.875
vt 0.25 1
vt 0.125 1
vt 0.125 0.875
vt 0.25 0.875
vt 0.25 0.875
vt 0.25 1
vt 0.125 1
vt 0.125 0.875
vt 0.375 0.875
vt 0.5 0.875
vt 0.5 1
vt 0.375 1
vt 0.375 0.875
vt 0.375 1
vt 0.25 1
vt 0.25 0.875
vt 0.25 0.875
vt 0.25 1
vt 0.125 1
vt 0.125 0.875
vt 0.25 1
vt 0.125 1
vt 0.125 0.875
vt 0.25 0.875
vt 0.25 1
vt 0.125 1
vt 0.125 0.875
vt 0.25 0.875
vt 0.25 0.875
vt 0.25 1
vt 0.125 1
vt 0.125 0.875
vt 0.375 0.875
vt 0.5 0.875
vt 0.5 1
vt 0.375 1
vt 0.375 0.875
vt 0.375 1
vt 0.25 1
vt 0.25 0.875
vt 0.25 0.875
vt 0.25 1
vt 0.125 1
vt 0.125 0.875
vt 0.25 1
vt 0.125 1
vt 0.125 0.875
vt 0.25 0.875
vn 1 0 0
vn -1 0 0
vn 0 1 0
vn 0 -1 0
vn 0 0 1
vn 0 0 -1
vn 1 0 0
vn -1 0 0
vn 0 1 0
vn 0 -1 0
vn 0 0 1
vn 0 0 -1
vn 1 0 0
vn -1 0 0
vn 0 1 0
vn 0 -1 0
vn 0 0 1
vn 0 0 -1
vn 1 0 0
vn -1 0 0
vn 0 1 0
vn 0 -1 0
vn 0 0 1
vn 0 0 -1
vn 1 0 0
vn -1 0 0
vn 0 1 0
vn 0 -1 0
vn 0 0 1
vn 0 0 -1
vn 1 0 0
vn -1 0 0
vn 0 1 0
vn 0 -1 0
vn 0 0 1
vn 0 0 -1
vn -0.7071067811865475 0 -0.7071067811865476
vn 0.6793959704262909 0 0.7337718414933341
vn 0 1 0
vn 0 -1 0
vn -0.7071067811865476 0 0.7071067811865475
vn 0.7071067811865476 0 -0.7071067811865476
vn 0.7071067811865476 0 -0.7071067811865476
vn -0.679395970426291 0 0.7337718414933341
vn 0 1 0
vn 0 -1 0
vn 0.7071067811865476 0 0.7071067811865475
vn -0.7071067811865476 0 -0.7071067811865476
vn -0.7071067811865475 0 -0.7071067811865477
vn 0.7046358698745244 0 0.709569088169836
vn 0 1 0
vn 0 -1 0
vn -0.7071067811865476 0 0.7071067811865476
vn 0.7071067811865462 0 -0.7071067811865489
vn 0.7071067811865475 0 -0.7071067811865477
vn -0.7046358698745245 0 0.7095690881698359
vn 0 1 0
vn 0 -1 0
vn 0.7071067811865476 0 0.7071067811865476
vn -0.7071067811865467 0 -0.7071067811865485
vn -1 0 0
vn 1 0 0
vn 0 1 0
vn 0 -1 0
vn 0 0 1
vn 0 0 -1
vn -1 0 0
vn 1 0 0
vn 0 1 0
vn 0 -1 0
vn 0 0 1
vn 0 0 -1
vn -1 0 0
vn 1 0 0
vn 0 1 0
vn 0 -1 0
vn 0 0 1
vn 0 0 -1
vn 1 0 0
vn -1 0 0
vn 0 0.9238795325112868 -0.38268343236509
vn 0 -0.9238795325112866 0.38268343236509006
vn 0 0.38268343236508967 0.9238795325112868
vn 0 -0.3826834323650898 -0.9238795325112868
vn 1 0 0
vn -1 0 0
vn 0 0.9238795325112867 -0.38268343236509034
vn 0 -0.9238795325112866 0.3826834323650902
vn 0 0.3826834323650899 0.9238795325112867
vn 0 -0.38268343236508845 -0.9238795325112875
vn 1 0 0
vn -1 0 0
vn 0 0.9238795325112866 -0.3826834323650902
vn 0 -0.9238795325112871 0.38268343236508917
vn 0 0.3826834323650874 0.9238795325112878
vn 0 -0.3826834323650899 -0.9238795325112867
vn 1 0 0
vn -1 0 0
vn 0 0.9238795325112868 0.38268343236509
vn 0 -0.9238795325112866 -0.38268343236509006
vn 0 0.38268343236508967 -0.9238795325112868
vn 0 -0.3826834323650898 0.9238795325112868
vn 1 0 0
vn -1 0 0
vn 0 0.9238795325112866 0.3826834323650902
vn 0 -0.9238795325112871 -0.38268343236508917
vn 0 0.3826834323650874 -0.9238795325112878
vn 0 -0.3826834323650899 0.9238795325112867
vn 1 0 0
vn -1 0 0
vn 0 0.9238795325112866 0.3826834323650901
vn 0 -0.9238795325112866 -0.3826834323650902
vn 0 0.3826834323650899 -0.9238795325112867
vn 0 -0.3826834323650914 0.9238795325112861
vn 3.030732501173756e-8 2.6515473226549334e-9 -0.9999999999999997
vn -3.0307325011737556e-8 -2.651547322654931e-9 0.9999999999999997
vn -0.173648177666928 0.9848077530122085 -2.651548138278178e-9
vn 0.1736481776669266 -0.9848077530122088 2.6515481721389752e-9
vn 0.9848077530122082 0.17364817766692767 3.0307324730147826e-8
vn -0.9848077530122082 -0.17364817766692778 -3.030732486248218e-8
vn -3.030732501173757e-8 2.651547322654933e-9 -0.9999999999999997
vn 3.0307325011737556e-8 -2.65154732265493e-9 0.9999999999999997
vn 0.173648177666928 0.9848077530122085 -2.651548136611838e-9
vn -0.17364817766692664 -0.9848077530122087 2.6515481691242493e-9
vn -0.9848077530122082 0.17364817766692767 3.030732468754518e-8
vn 0.9848077530122082 -0.17364817766692772 -3.03073249135137e-8
vn -3.0307324804169836e-8 2.6515481588422702e-9 -0.9999999999999996
vn 3.030732510418124e-8 -2.6515473098623652e-9 0.9999999999999997
vn 0.17364817766692778 0.9848077530122086 -2.6515481662177852e-9
vn -0.17364817766692775 -0.9848077530122087 2.6515481588422454e-9
vn -0.984807753012208 0.17364817766692883 3.030732480416985e-8
vn 0.984807753012208 -0.17364817766692883 -3.030732480258102e-8
vn 3.030732480416984e-8 2.6515481588422533e-9 -0.9999999999999997
vn -3.0307325104181237e-8 -2.651547309862371e-9 0.9999999999999996
vn -0.17364817766692778 0.9848077530122086 -2.651548158842246e-9
vn 0.17364817766692775 -0.9848077530122087 2.651548166217785e-9
vn 0.984807753012208 0.17364817766692883 3.0307324802581014e-8
vn -0.984807753012208 -0.17364817766692883 -3.030732480416985e-8
vn -3.0307324804169836e-8 2.6515481588422438e-9 -0.9999999999999996
vn 3.030732511263097e-8 -2.6515464094722364e-9 0.9999999999999997
vn 0.17364817766692775 0.9848077530122086 -2.651547006651515e-9
vn -0.17364817766692775 -0.9848077530122087 2.6515469925955878e-9
vn -0.9848077530122081 0.17364817766692797 3.03073250098106e-8
vn 0.984807753012208 -0.17364817766692883 -3.0307325006121907e-8
vn 3.030732480416984e-8 2.6515481588422177e-9 -0.9999999999999997
vn -3.0307325112630966e-8 -2.651546409472256e-9 0.9999999999999996
vn -0.17364817766692775 0.9848077530122086 -2.6515469925955878e-9
vn 0.17364817766692775 -0.9848077530122087 2.6515469819798917e-9
vn 0.9848077530122081 0.17364817766692797 3.0307325010747845e-8
vn -0.984807753012208 -0.17364817766692883 -3.03073250098106e-8
vn 0.7071067811865476 0 0.7071067811865476
vn -0.7071067811865477 0 -0.7071067811865475
vn 0 1 0
vn 0 -1 0
vn -0.7071067811865477 0 0.7071067811865474
vn 0.7071067811865477 0 -0.7071067811865475
vn -0.7071067811865476 0 0.7071067811865476
vn 0.7071067811865476 0 -0.7071067811865476
vn 0 1 0
vn 0 -1 0
vn 0.7071067811865477 0 0.7071067811865474
vn -0.7071067811865477 0 -0.7071067811865474
vn -0.7071067811865475 0 0.7071067811865477
vn 0.7071067811865475 0 -0.7071067811865477
vn 0 1 0
vn 0 -1 0
vn 0.7071067811865485 0 0.7071067811865467
vn -0.7071067811865471 0 -0.707106781186548
vn 0.7071067811865475 0 0.7071067811865477
vn -0.7071067811865475 0 -0.7071067811865477
vn 0 1 0
vn 0 -1 0
vn -0.7071067811865485 0 0.7071067811865467
vn 0.7071067811865471 0 -0.707106781186548
vn 1 0 0
vn -1 0 0
vn 0 1 0
vn 0 -1 0
vn 0 0 1
vn 0 0 -1
vn 0.9701425001453319 0.24253562503633297 0
vn -0.9701425001453319 0.24253562503633297 0
vn 0 1 0
vn 0 -1 0
vn 0 0.24253562503633297 0.9701425001453319
vn 0 0.24253562503633297 -0.9701425001453319
vn 0.9032775043542899 -0.4290568145682878 0
vn -0.90327750435429 -0.42905681456828776 0
vn 0 1 0
vn 0 -1 0
vn 0 -0.4290568145682878 0.9032775043542899
vn 0 -0.4290568145682878 -0.9032775043542899
vn 1 0 0
vn -1 0 0
vn 0 1 0
vn 0 -1 0
vn 0 0 1
vn 0 0 -1
vn 1 0 0
vn -1 0 0
vn 0 1 0
vn 0 -1 0
vn 0 0 1
vn 0 0 -1
vn 0 0 1
vn 0 0 -1
vn 0.2672383760782606 0.963630453208622 -7.911845284947242e-17
vn -0.2672383760782606 -0.963630453208622 7.864079757761519e-17
vn -0.9636304532086232 0.26723837607825646 2.8680761469483217e-16
vn 0.9636304532086232 -0.26723837607825646 -2.8529192436858345e-16
vn -0.06465080846693431 -0.2331232797562302 0.9702957329599418
vn 0.6860931409586315 0.010237783967760379 -0.7274416744378542
vn 0.2424431188024607 0.9395280569453929 0.24188502301248602
vn -0.24244311880246075 -0.9395280569453928 -0.24188502301248602
vn -0.9680090945388422 0.2508795859533258 -0.004222113449328657
vn 0.9680090945388422 -0.25087958595332593 0.004222113449329057
vn -0.06465080846693594 -0.23312327975622976 0.9702957329599418
vn 0.6860931409586327 0.010237783967759298 -0.7274416744378531
vn 0.24244311880246006 0.9395280569453929 0.24188502301248616
vn -0.24244311880246003 -0.9395280569453934 -0.24188502301248388
vn -0.968009094538842 0.25087958595332593 -0.004222113449329274
vn 0.9680090945388422 -0.25087958595332566 0.0042221134493286685
vn -0.06465080846693595 -0.23312327975622973 -0.9702957329599416
vn 0.6860931409586327 0.010237783967759765 0.727441674437853
vn 0.24244311880245992 0.939528056945393 -0.24188502301248635
vn -0.24244311880246022 -0.9395280569453935 0.24188502301248394
vn -0.9680090945388422 0.25087958595332577 0.004222113449329909
vn 0.9680090945388422 -0.2508795859533257 -0.004222113449329167
vn -0.06465080846693602 -0.2331232797562298 -0.9702957329599415
vn 0.6860931409586326 0.01023778396775931 0.7274416744378531
vn 0.2424431188024601 0.939528056945393 -0.2418850230124863
vn -0.24244311880246028 -0.9395280569453929 0.24188502301248618
vn -0.9680090945388422 0.25087958595332577 0.004222113449329909
vn 0.9680090945388422 -0.2508795859533259 -0.004222113449329523
vn -0.05251378073107275 -0.21873563880571756 -0.9743700647852352
vn 0.6798307206637666 0.010890496282348098 0.7332882027773991
vn 0.22746217430408935 0.9474481423330986 -0.2249510543438657
vn -0.2061026379691441 -0.8584792705478974 -0.46961158914757406
vn -0.9723699203976768 0.23344536385590525 5.626968870149869e-16
vn 0.9723699203976766 -0.23344536385590556 -8.881784197001252e-16
vn 0.19061716609276003 0.8598184720385873 0.4736848014576721
vn 0.19061716609275955 0.8598184720385874 -0.4736848014576721
vn 0.21643961393810002 0.976296007119934 -6.784835091813419e-17
vn -0.4014877575136645 -0.9158643898343515 8.99060250653167e-17
vn -0.9767065420493961 0.214579427527225 3.0422654969897334e-16
vn 0.9762960071199335 -0.21643961393810243 -2.0402942229725288e-16
vn -0.05251378073107265 -0.21873563880571753 0.9743700647852352
vn 0.6798307206637659 0.010890496282348588 -0.7332882027773997
vn 0.2274621743040893 0.9474481423330986 0.22495105434386536
vn -0.20610263796914374 -0.8584792705478976 0.4696115891475742
vn -0.9723699203976766 0.23344536385590542 7.061294268423364e-16
vn 0.9723699203976767 -0.23344536385590536 7.137148015447435e-17
vn 1 0 0
vn -1 0 0
vn 0 0.963630453208622 -0.2672383760782606
vn 0 -0.963630453208622 0.2672383760782606
vn 0 0.26723837607825646 0.9636304532086232
vn 0 -0.26723837607825646 -0.9636304532086232
vn 0.9702957329599415 -0.23312327975623004 0.06465080846693519
vn -0.7274416744378528 0.010237783967759094 -0.6860931409586329
vn 0.24188502301248607 0.9395280569453928 -0.24244311880246047
vn -0.24188502301248388 -0.9395280569453934 0.24244311880246003
vn -0.004222113449329273 0.25087958595332593 0.968009094538842
vn 0.004222113449329136 -0.2508795859533256 -0.9680090945388421
vn 0.9702957329599416 -0.23312327975623018 0.06465080846693509
vn -0.7274416744378528 0.010237783967759104 -0.6860931409586328
vn 0.24188502301248618 0.9395280569453929 -0.24244311880246006
vn -0.24188502301248604 -0.9395280569453928 0.24244311880246053
vn -0.004222113449329952 0.25087958595332577 0.9680090945388422
vn 0.004222113449329056 -0.25087958595332593 -0.968009094538842
vn -0.9702957329599416 -0.23312327975623032 0.06465080846693508
vn 0.7274416744378525 0.010237783967758967 -0.6860931409586333
vn -0.24188502301248613 0.9395280569453929 -0.2424431188024601
vn 0.2418850230124862 -0.9395280569453929 0.2424431188024603
vn 0.004222113449329906 0.25087958595332577 0.9680090945388422
vn -0.004222113449328992 -0.25087958595332593 -0.9680090945388422
vn -0.9702957329599415 -0.23312327975623015 0.06465080846693518
vn 0.7274416744378528 0.010237783967759092 -0.6860931409586329
vn -0.24188502301248604 0.9395280569453928 -0.24244311880246053
vn 0.24188502301248385 -0.9395280569453934 0.24244311880246003
vn 0.004222113449329243 0.25087958595332593 0.968009094538842
vn -0.00422211344932917 -0.2508795859533256 -0.9680090945388421
vn -0.9743700647852354 -0.21873563880571756 0.052513780731072844
vn 0.7332882027773987 0.010890496282347423 -0.6798307206637672
vn -0.22495105434386542 0.9474481423330985 -0.22746217430408977
vn -0.4696115891475742 -0.8584792705478973 0.2061026379691442
vn -1.434325398273495e-16 0.23344536385590553 0.9723699203976767
vn -8.881784197001252e-16 -0.23344536385590556 -0.9723699203976766
vn 0.9743700647852354 -0.21873563880571756 0.052513780731072754
vn -0.7332882027773987 0.010890496282347423 -0.6798307206637672
vn 0.2249510543438654 0.9474481423330986 -0.2274621743040898
vn 0.4696115891475743 -0.8584792705478973 0.206102637969144
vn 1.3239926753293802e-16 0.2334453638559056 0.9723699203976767
vn 9.1196891308495e-16 -0.23344536385590553 -0.9723699203976766
vn 0.47368480145767217 0.8598184720385872 -0.19061716609276
vn -0.4736848014576722 0.8598184720385873 -0.1906171660927599
vn 0 0.976296007119934 -0.21643961393810002
vn 0 -0.9158643898343516 0.4014877575136647
vn 0 0.2145794275272254 0.976706542049396
vn 0 -0.21643961393810307 -0.9762960071199335
vn 0 0 -1
vn 0 0 1
vn -0.2672383760782606 0.963630453208622 -7.911845284947242e-17
vn 0.2672383760782606 -0.963630453208622 7.864079757761519e-17
vn 0.9636304532086232 0.26723837607825646 2.7755575615628923e-16
vn -0.9636304532086232 -0.26723837607825646 -2.8529192436858345e-16
vn 0.06465080846693598 -0.23312327975622976 -0.9702957329599418
vn -0.6860931409586327 0.01023778396775931 0.7274416744378531
vn -0.2424431188024603 0.9395280569453929 -0.24188502301248632
vn 0.24244311880246033 -0.9395280569453929 0.24188502301248616
vn 0.9680090945388422 0.25087958595332577 0.004222113449329955
vn -0.9680090945388422 -0.2508795859533258 -0.004222113449329968
vn 0.06465080846693588 -0.2331232797562298 -0.9702957329599416
vn -0.6860931409586327 0.010237783967759762 0.7274416744378529
vn -0.2424431188024599 0.939528056945393 -0.24188502301248638
vn 0.24244311880246044 -0.9395280569453933 0.24188502301248388
vn 0.9680090945388422 0.25087958595332577 0.004222113449329955
vn -0.9680090945388422 -0.25087958595332593 -0.004222113449329057
vn 0.0646508084669343 -0.23312327975623015 0.9702957329599418
vn -0.6860931409586315 0.010237783967760414 -0.7274416744378542
vn -0.2424431188024608 0.9395280569453929 0.24188502301248604
vn 0.24244311880246072 -0.9395280569453928 -0.24188502301248602
vn 0.9680090945388422 0.2508795859533258 -0.004222113449328657
vn -0.9680090945388422 -0.2508795859533259 0.004222113449328989
vn 0.06465080846693602 -0.2331232797562298 0.9702957329599415
vn -0.6860931409586326 0.010237783967759297 -0.7274416744378531
vn -0.24244311880246008 0.9395280569453929 0.24188502301248613
vn 0.24244311880246006 -0.9395280569453935 -0.24188502301248388
vn 0.968009094538842 0.25087958595332593 -0.0042221134493292435
vn -0.9680090945388422 -0.25087958595332566 0.004222113449328723
vn -0.1906171660927597 0.8598184720385874 -0.4736848014576721
vn -0.19061716609275994 0.8598184720385875 0.4736848014576722
vn -0.2164396139380997 0.9762960071199343 -6.784835091813409e-17
vn 0.4014877575136647 -0.9158643898343514 8.990602506531674e-17
vn 0.9767065420493963 0.2145794275272239 3.078482943382469e-16
vn -0.9762960071199335 -0.2164396139381028 -2.0402942229725288e-16
vn 0.05251378073107275 -0.21873563880571756 0.9743700647852352
vn -0.6798307206637659 0.010890496282348588 -0.7332882027773997
vn -0.22746217430408935 0.9474481423330986 0.22495105434386542
vn 0.20610263796914383 -0.8584792705478976 0.4696115891475742
vn 0.9723699203976766 0.23344536385590542 7.281959714311595e-16
vn -0.9723699203976767 -0.23344536385590536 6.34413156928661e-17
vn 0.05251378073107266 -0.21873563880571756 -0.9743700647852352
vn -0.6798307206637666 0.010890496282348098 0.7332882027773991
vn -0.22746217430408933 0.9474481423330986 -0.2249510543438657
vn 0.20610263796914408 -0.8584792705478975 -0.46961158914757417
vn 0.9723699203976768 0.23344536385590525 5.737301593093985e-16
vn -0.9723699203976766 -0.23344536385590553 -9.1196891308495e-16
vn -1 4.2793788655287476e-16 1.1867767927420866e-16
vn 1 -4.2793788655287486e-16 -1.1867767927420868e-16
vn 0 0.963630453208622 0.2672383760782606
vn 0 -0.963630453208622 -0.2672383760782606
vn 0 0.26723837607825646 -0.9636304532086232
vn 0 -0.26723837607825646 0.9636304532086232
vn -0.9702957329599418 -0.2331232797562297 -0.06465080846693598
vn 0.7274416744378531 0.01023778396775931 0.6860931409586327
vn -0.2418850230124862 0.9395280569453929 0.2424431188024603
vn 0.24188502301248616 -0.9395280569453928 -0.24244311880246033
vn 0.004222113449329274 0.25087958595332593 -0.968009094538842
vn -0.004222113449329134 -0.2508795859533256 0.9680090945388422
vn -0.9702957329599418 -0.23312327975622993 -0.06465080846693515
vn 0.7274416744378528 0.010237783967759425 0.686093140958633
vn -0.24188502301248607 0.9395280569453928 0.24244311880246047
vn 0.24188502301248388 -0.9395280569453934 -0.24244311880246025
vn 0.004222113449329273 0.25087958595332593 -0.968009094538842
vn -0.004222113449329136 -0.2508795859533256 0.9680090945388421
vn 0.9702957329599416 -0.23312327975622973 -0.06465080846693595
vn -0.7274416744378531 0.010237783967759545 0.6860931409586327
vn 0.24188502301248635 0.939528056945393 0.24244311880245992
vn -0.24188502301248602 -0.939528056945393 -0.2424431188024601
vn -0.004222113449329909 0.25087958595332577 -0.9680090945388422
vn 0.004222113449329167 -0.2508795859533256 0.9680090945388422
vn 0.9702957329599416 -0.23312327975622973 -0.06465080846693595
vn -0.7274416744378528 0.010237783967759461 0.686093140958633
vn 0.24188502301248627 0.939528056945393 0.24244311880245992
vn -0.2418850230124839 -0.9395280569453933 -0.24244311880246067
vn -0.004222113449329907 0.25087958595332577 -0.9680090945388422
vn 0.004222113449328989 -0.25087958595332593 0.9680090945388422
vn 0.9743700647852352 -0.21873563880571759 -0.05251378073107267
vn -0.7332882027773991 0.010890496282347931 0.6798307206637665
vn 0.2249510543438657 0.9474481423330987 0.227462174304089
vn 0.4696115891475742 -0.8584792705478973 -0.2061026379691442
vn -5.626968870149869e-16 0.23344536385590525 -0.9723699203976768
vn -6.34413156928661e-17 -0.23344536385590586 0.9723699203976767
vn -0.4736848014576722 0.8598184720385875 0.19061716609275972
vn 0.47368480145767206 0.8598184720385874 0.19061716609275958
vn 4.5232233945422727e-17 0.9762960071199343 0.2164396139380997
vn 0 -0.9158643898343517 -0.40148775751366395
vn -2.0281769979931552e-16 0.21457942752722575 -0.9767065420493959
vn 2.0402942229725283e-16 -0.2164396139381033 0.9762960071199333
vn -0.9743700647852352 -0.21873563880571759 -0.05251378073107257
vn 0.7332882027773988 0.010890496282347664 0.679830720663767
vn -0.2249510543438657 0.9474481423330987 0.22746217430408894
vn -0.4696115891475743 -0.8584792705478973 -0.206102637969144
vn 5.737301593093985e-16 0.23344536385590525 -0.9723699203976768
vn 8.802482552385169e-16 -0.23344536385590564 0.9723699203976766
vn 0 0 1
vn 0.7071067811865476 0 -0.7071067811865476
vn 0 1 0
vn 0 -1 0
vn -1 0 0
vn 1 0 0
vn 1 0 0
vn -0.7071067811865476 0 -0.7071067811865476
vn 0 1 0
vn 0 -1 0
vn 0 0 1
vn 0 0 -1
vn -1 0 0
vn 0.7071067811865476 0 -0.7071067811865476
vn 0 1 0
vn 0 -1 0
vn 0 0 1
vn 0 0 -1
vn 0 0 1
vn -0.7071067811865476 0 -0.7071067811865476
vn 0 1 0
vn 0 -1 0
vn 1 0 0
vn -1 0 0
vn 0 0 -1
vn -0.7071067811865476 0 0.7071067811865476
vn 0 1 0
vn 0 -1 0
vn 1 0 0
vn -1 0 0
vn 1 0 0
vn -0.7071067811865476 0 0.7071067811865476
vn 0 1 0
vn 0 -1 0
vn 0 0 -1
vn 0 0 1
vn -1 0 0
vn 0.7071067811865476 0 0.7071067811865476
vn 0 1 0
vn 0 -1 0
vn 0 0 -1
vn 0 0 1
vn 0 0 -1
vn 0.7071067811865476 0 0.7071067811865476
vn 0 1 0
vn 0 -1 0
vn -1 0 0
vn 1 0 0
vn 1 0 0
vn -1 0 0
vn 0 1 0
vn 0 -1 0
vn 0 0 1
vn 0 0 -1
vn 1 0 0
vn -1 0 0
vn 0 1 0
vn 0 -1 0
vn 0 0 1
vn 0 0 -1
vn -1 0 0
vn 1 0 0
vn 0 1 0
vn 0 -1 0
vn 0 0 1
vn 0 0 -1
vn 1 0 0
vn -1 0 0
vn 0 1 0
vn 0 -1 0
vn 0 0 1
vn 0 0 -1
vn 1 0 0
vn -1 0 0
vn 0 1 0
vn 0 -1 0
vn 0 0 1
vn 0 0 -1
vn 1 0 0
vn -1 0 0
vn 0 1 0
vn 0 -1 0
vn 0 0 1
vn 0 0 -1
vn 1 0 0
vn -1 0 0
vn 0 1 0
vn 0 -1 0
vn 0 0 1
vn 0 0 -1
vn 1 0 0
vn -1 0 0
vn 0 1 0
vn 0 -1 0
vn 0 0 1
vn 0 0 -1
vn 1 0 0
vn -1 0 0
vn 0 1 0
vn 0 -1 0
vn 0 0 1
vn 0 0 -1
vn 1 0 0
vn -1 0 0
vn 0 1 0
vn 0 -1 0
vn 0 0 1
vn 0 0 -1
vn 1 0 0
vn -1 0 0
vn 0 1 0
vn 0 -1 0
vn 0 0 1
vn 0 0 -1
vn 1 0 0
vn -1 0 0
vn 0 1 0
vn 0 -1 0
vn 0 0 1
vn 0 0 -1
vn -1 0 0
vn 1 0 0
vn 0 1 0
vn 0 -1 0
vn 0 0 1
vn 0 0 -1
vn -1 0 0
vn 1 0 0
vn 0 1 0
vn 0 -1 0
vn 0 0 1
vn 0 0 -1
vn 1 0 0
vn -1 0 0
vn 0 1 0
vn 0 -1 0
vn 0 0 1
vn 0 0 -1
vn 1 0 0
vn -1 0 0
vn 0 1 0
vn 0 -1 0
vn 0 0 1
vn 0 0 -1
vn 1 0 0
vn -1 0 0
vn 0 1 0
vn 0 -1 0
vn 0 0 1
vn 0 0 -1
vn 1 0 0
vn -1 0 0
vn 0 1 0
vn 0 -1 0
vn 0 0 1
vn 0 0 -1
vn 1 0 0
vn -1 0 0
vn 0 1 0
vn 0 -1 0
vn 0 0 1
vn 0 0 -1
vn 1 0 0
vn -1 0 0
vn 0 1 0
vn 0 -1 0
vn 0 0 1
vn 0 0 -1
vn 1 0 0
vn -1 0 0
vn 0 1 0
vn 0 -1 0
vn 0 0 1
vn 0 0 -1
vn 1 0 0
vn -1 0 0
vn 0 1 0
vn 0 -1 0
vn 0 0 1
vn 0 0 -1
vn 1 0 0
vn -1 0 0
vn 0 1 0
vn 0 -1 0
vn 0 0 1
vn 0 0 -1
vn 1 0 0
vn -1 0 0
vn 0 1 0
vn 0 -1 0
vn 0 0 1
vn 0 0 -1
vn 1 0 0
vn -1 0 0
vn 0 1 0
vn 0 -1 0
vn 0 0 1
vn 0 0 -1
vn 1 0 0
vn -1 0 0
vn 0 1 0
vn 0 -1 0
vn 0 0 1
vn 0 0 -1
vn 1 0 0
vn -1 0 0
vn 0 1 0
vn 0 -1 0
vn 0 0.5038710255240862 0.8637789008984335
vn 0 -0.5038710255240862 -0.8637789008984335
vn 1 0 0
vn -1 0 0
vn 0 1 0
vn 0 -1 0
vn 0 0 1
vn 0 0 -1
vn 1 0 0
vn -1 0 0
vn 0 1 0
vn 0 -1 0
vn 0 0 1
vn 0 0 -1
vn 1 0 0
vn -1 0 0
vn 0 1 0
vn 0 -1 0
vn 0 0 1
vn 0 0 -1
vn 1 0 0
vn -1 0 0
vn 0 1 0
vn 0 -1 0
vn 0 0 1
vn 0 0 -1
vn 1 0 0
vn -1 0 0
vn 0 1 0
vn 0 -1 0
vn 0 0 1
vn 0 0 -1
vn 1 0 0
vn -1 0 0
vn 0 1 0
vn 0 -1 0
vn 0 0 1
vn 0 0 -1
vn 1 0 0
vn -1 0 0
vn 0 1 0
vn 0 -1 0
vn 0 0 1
vn 0 0 -1
vn 1 0 0
vn -1 0 0
vn 0 1 0
vn 0 -1 0
vn 0 0 1
vn 0 0 -1
vn 1 0 0
vn -1 0 0
vn 0 1 0
vn 0 -1 0
vn 0 0 1
vn 0 0 -1
vn 1 0 0
vn -1 0 0
vn 0 1 0
vn 0 -1 0
vn 0 0 1
vn 0 0 -1
vn 1 0 0
vn -1 0 0
vn 0 1 0
vn 0 -1 0
vn 0 0 1
vn 0 0 -1
vn 1 0 0
vn -1 0 0
vn 0 1 0
vn 0 -1 0
vn 0 0 1
vn 0 0 -1
vn 1 0 0
vn -1 0 0
vn 0 1 0
vn 0 -1 0
vn 0 0 1
vn 0 0 -1
vn 1 0 0
vn -1 0 0
vn 0 1 0
vn 0 -1 0
vn 0 0 1
vn 0 0 -1
vn 1 0 0
vn -1 0 0
vn 0 1 0
vn 0 -1 0
vn 0 0 1
vn 0 0 -1
vn 1 0 0
vn -1 0 0
vn 0 1 0
vn 0 -1 0
vn 0 0 1
vn 0 0 -1
vn 1 0 0
vn -1 0 0
vn 0 1 0
vn 0 -1 0
vn 0 0 1
vn 0 0 -1
vn 1 0 0
vn -1 0 0
vn 0 1 0
vn 0 -1 0
vn 0 0 1
vn 0 0 -1
vn -1 0 0
vn 1 0 0
vn 0 1 0
vn 0 -1 0
vn 0 0 1
vn 0 0 -1
vn -1 0 0
vn 1 0 0
vn 0 1 0
vn 0 -1 0
vn 0 0 1
vn 0 0 -1
vn -1 0 0
vn 1 0 0
vn 0 1 0
vn 0 -1 0
vn 0 0 1
vn 0 0 -1
vn -1 0 0
vn 1 0 0
vn 0 1 0
vn 0 -1 0
vn 0 0 1
vn 0 0 -1
vn -1 0 0
vn 1 0 0
vn 0 1 0
vn 0 -1 0
vn 0 0 1
vn 0 0 -1
vn -1 0 0
vn 1 0 0
vn 0 1 0
vn 0 -1 0
vn 0 0 1
vn 0 0 -1
vn -1 0 0
vn 1 0 0
vn 0 1 0
vn 0 -1 0
vn 0 0 1
vn 0 0 -1
vn -1 0 0
vn 1 0 0
vn 0 1 0
vn 0 -1 0
vn 0 0 1
vn 0 0 -1
vn -1 0 0
vn 1 0 0
vn 0 1 0
vn 0 -1 0
vn 0 0 1
vn 0 0 -1
vn -1 0 0
vn 1 0 0
vn 0 1 0
vn 0 -1 0
vn 0 0 1
vn 0 0 -1
vn -1 0 0
vn 1 0 0
vn 0 1 0
vn 0 -1 0
vn 0 0 1
vn 0 0 -1
vn -1 0 0
vn 1 0 0
vn 0 1 0
vn 0 -1 0
vn 0 0 1
vn 0 0 -1
vn 1 0 0
vn -1 0 0
vn 0 1 0
vn 0 -1 0
vn 0 0 1
vn 0 0 -1
vn 1 0 0
vn -1 0 0
vn 0 1 0
vn 0 -1 0
vn 0 0 1
vn 0 0 -1
vn 1 0 0
vn -1 0 0
vn 0 1 0
vn 0 -1 0
vn 0 0 1
vn 0 0 -1
vn 1 0 0
vn -1 0 0
vn 0 1 0
vn 0 -1 0
vn 0 0 1
vn 0 0 -1
vn 1 0 0
vn -1 0 0
vn 0 1 0
vn 0 -1 0
vn 0 0 1
vn 0 0 -1
vn 1 0 0
vn -1 0 0
vn 0 1 0
vn 0 -1 0
vn 0 0 1
vn 0 0 -1
vn 1 0 0
vn -1 0 0
vn 0 1 0
vn 0 -1 0
vn 0 0 1
vn 0 0 -1
vn 1 0 0
vn -1 0 0
vn 0 1 0
vn 0 -1 0
vn 0 0 1
vn 0 0 -1
vn 1 0 0
vn -1 0 0
vn 0 1 0
vn 0 -1 0
vn 0 0 1
vn 0 0 -1
vn 1 0 0
vn -1 0 0
vn 0 1 0
vn 0 -1 0
vn 0 0 1
vn 0 0 -1
vn 1 0 0
vn -1 0 0
vn 0 1 0
vn 0 -1 0
vn 0 0 1
vn 0 0 -1
vn 1 0 0
vn -1 0 0
vn 0 1 0
vn 0 -1 0
vn 0 0 1
vn 0 0 -1
vn -1 0 0
vn 1 0 0
vn 0 1 0
vn 0 -1 0
vn 0 0 1
vn 0 0 -1
vn -1 0 0
vn 1 0 0
vn 0 1 0
vn 0 -1 0
vn 0 0 1
vn 0 0 -1
vn -1 0 0
vn 1 0 0
vn 0 1 0
vn 0 -1 0
vn 0 0 1
vn 0 0 -1
vn -1 0 0
vn 1 0 0
vn 0 1 0
vn 0 -1 0
vn 0 0 1
vn 0 0 -1
vn -1 0 0
vn 1 0 0
vn 0 1 0
vn 0 -1 0
vn 0 0 1
vn 0 0 -1
vn -1 0 0
vn 1 0 0
vn 0 1 0
vn 0 -1 0
vn 0 0 1
vn 0 0 -1
vn 1 0 0
vn -1 0 0
vn 0 1 0
vn 0 -1 0
vn 0 0 1
vn 0 0 -1
vn 1 0 0
vn -1 0 0
vn 0 1 0
vn 0 -1 0
vn 0 0 1
vn 0 0 -1
vn 1 0 0
vn -1 0 0
vn 0 1 0
vn 0 -1 0
vn 0 0 1
vn 0 0 -1
vn 1 0 0
vn -1 0 0
vn 0 1 0
vn 0 -1 0
vn 0 0 1
vn 0 0 -1
vn 1 0 0
vn -1 0 0
vn 0 1 0
vn 0 -1 0
vn 0 0 1
vn 0 0 -1
vn 1 0 0
vn -1 0 0
vn 0 1 0
vn 0 -1 0
vn 0 0 1
vn 0 0 -1
vn 1 0 0
vn -1 0 0
vn 0 1 0
vn 0 -1 0
vn 0 0 1
vn 0 0 -1
vn 1 0 0
vn -1 0 0
vn 0 1 0
vn 0 -1 0
vn 0 0 1
vn 0 0 -1
vn 1 0 0
vn -1 0 0
vn 0 1 0
vn 0 -1 0
vn 0 0 1
vn 0 0 -1
vn 1 0 0
vn -1 0 0
vn 0 1 0
vn 0 -1 0
vn 0 0 1
vn 0 0 -1
vn 1 0 0
vn -1 0 0
vn 0 1 0
vn 0 -1 0
vn 0 0 1
vn 0 0 -1
vn 1 0 0
vn -1 0 0
vn 0 1 0
vn 0 -1 0
vn 0 0 1
vn 0 0 -1
vn 1 0 0
vn -1 0 0
vn 0 1 0
vn 0 -1 0
vn 0 0 1
vn 0 0 -1
vn 1 0 0
vn -1 0 0
vn 0 1 0
vn 0 -1 0
vn 0 0 1
vn 0 0 -1
vn 1 0 0
vn -1 0 0
vn 0 1 0
vn 0 -1 0
vn 0 0 1
vn 0 0 -1
vn 1 0 0
vn -1 0 0
vn 0 1 0
vn 0 -1 0
vn 0 0 1
vn 0 0 -1
vn 1 0 0
vn -1 0 0
vn 0 1 0
vn 0 -1 0
vn 0 0 1
vn 0 0 -1
vn 1 0 0
vn -1 0 0
vn 0 1 0
vn 0 -1 0
vn 0 0 1
vn 0 0 -1
vn 1 0 0
vn -1 0 0
vn 0 1 0
vn 0 -1 0
vn 0 0 1
vn 0 0 -1
vn 1 0 0
vn -1 0 0
vn 0 1 0
vn 0 -1 0
vn 0 0 1
vn 0 0 -1
vn 1 0 0
vn -1 0 0
vn 0 1 0
vn 0 -1 0
vn 0 0 1
vn 0 0 -1
vn 1 0 0
vn -1 0 0
vn 0 1 0
vn 0 -1 0
vn 0 0 1
vn 0 0 -1
vn 1 0 0
vn -1 0 0
vn 0 1 0
vn 0 -1 0
vn 0 0 1
vn 0 0 -1
vn 1 0 0
vn -1 0 0
vn 0 1 0
vn 0 -1 0
vn 0 0 1
vn 0 0 -1
vn 1 0 0
vn -1 0 0
vn 0 1 0
vn 0 -1 0
vn 0 0 1
vn 0 0 -1
vn 1 0 0
vn -1 0 0
vn 0 1 0
vn 0 -1 0
vn 0 0 1
vn 0 0 -1
vn 1 0 0
vn -1 0 0
vn 0 1 0
vn 0 -1 0
vn 0 0 1
vn 0 0 -1
vn 1 0 0
vn -1 0 0
vn 0 1 0
vn 0 -1 0
vn 0 0 1
vn 0 0 -1
vn 1 0 0
vn -1 0 0
vn 0 1 0
vn 0 -1 0
vn 0 0 1
vn 0 0 -1
vn 1 0 0
vn -1 0 0
vn 0 1 0
vn 0 -1 0
vn 0 0 1
vn 0 0 -1
vn 1 0 0
vn -1 0 0
vn 0 1 0
vn 0 -1 0
vn 0 0 1
vn 0 0 -1
vn 1 0 0
vn -1 0 0
vn 0 1 0
vn 0 -1 0
vn 0 0 1
vn 0 0 -1
vn 1 0 0
vn -1 0 0
vn 0 1 0
vn 0 -1 0
vn 0 0 1
vn 0 0 -1
vn 1 0 0
vn -1 0 0
vn 0 1 0
vn 0 -1 0
vn 0 0 1
vn 0 0 -1
vn 1 0 0
vn -1 0 0
vn 0 1 0
vn 0 -1 0
vn 0 0 1
vn 0 0 -1
vn 1 0 0
vn -1 0 0
vn 0 1 0
vn 0 -1 0
vn 0 0 1
vn 0 0 -1
vn 1 0 0
vn -1 0 0
vn 0 1 0
vn 0 -1 0
vn 0 0 1
vn 0 0 -1
vn 1 0 0
vn -1 0 0
vn 0 1 0
vn 0 -1 0
vn 0 0 1
vn 0 0 -1
vn 1 0 0
vn -1 0 0
vn 0 1 0
vn 0 -1 0
vn 0 0 1
vn 0 0 -1
vn 1 0 0
vn -1 0 0
vn 0 1 0
vn 0 -1 0
vn 0 0 1
vn 0 0 -1
vn 1 0 0
vn -1 0 0
vn 0 1 0
vn 0 -1 0
vn 0 0 1
vn 0 0 -1
vn 1 0 0
vn -1 0 0
vn 0 1 0
vn 0 -1 0
vn 0 0 1
vn 0 0 -1
vn 1 0 0
vn -1 0 0
vn 0 1 0
vn 0 -1 0
vn 0 0 1
vn 0 0 -1
vn 1 0 0
vn -1 0 0
vn 0 1 0
vn 0 -1 0
vn 0 0 1
vn 0 0 -1
vn 1 0 0
vn -1 0 0
vn 0 1 0
vn 0 -1 0
vn 0 0 1
vn 0 0 -1
vn 1 0 0
vn -1 0 0
vn 0 1 0
vn 0 -1 0
vn 0 0 1
vn 0 0 -1
vn 1 0 0
vn -1 0 0
vn 0 1 0
vn 0 -1 0
vn 0 0 1
vn 0 0 -1
vn 1 0 0
vn -1 0 0
vn 0 1 0
vn 0 -1 0
vn 0 0 1
vn 0 0 -1
usemtl m_5d16e867-f8c1-1568-17ec-7ace54e90f95
f 2/1/1 1/2/1 3/3/1 4/4/1
f 7/5/2 5/6/2 6/7/2 8/8/2
f 5/9/3 1/10/3 2/11/3 6/12/3
f 4/13/4 3/14/4 7/15/4 8/16/4
f 3/17/5 1/18/5 5/19/5 7/20/5
f 6/21/6 2/22/6 4/23/6 8/24/6
f 10/25/7 9/26/7 11/27/7 12/28/7
f 15/29/8 13/30/8 14/31/8 16/32/8
f 13/33/9 9/34/9 10/35/9 14/36/9
f 12/37/10 11/38/10 15/39/10 16/40/10
f 11/41/11 9/42/11 13/43/11 15/44/11
f 14/45/12 10/46/12 12/47/12 16/48/12
f 18/49/13 17/50/13 19/51/13 20/52/13
f 23/53/14 21/54/14 22/55/14 24/56/14
f 21/57/15 17/58/15 18/59/15 22/60/15
f 20/61/16 19/62/16 23/63/16 24/64/16
f 19/65/17 17/66/17 21/67/17 23/68/17
f 22/69/18 18/70/18 20/71/18 24/72/18
f 26/73/19 25/74/19 27/75/19 28/76/19
f 31/77/20 29/78/20 30/79/20 32/80/20
f 29/81/21 25/82/21 26/83/21 30/84/21
f 28/85/22 27/86/22 31/87/22 32/88/22
f 27/89/23 25/90/23 29/91/23 31/92/23
f 30/93/24 26/94/24 28/95/24 32/96/24
f 34/97/25 33/98/25 35/99/25 36/100/25
f 39/101/26 37/102/26 38/103/26 40/104/26
f 37/105/27 33/106/27 34/107/27 38/108/27
f 36/109/28 35/110/28 39/111/28 40/112/28
f 35/113/29 33/114/29 37/115/29 39/116/29
f 38/117/30 34/118/30 36/119/30 40/120/30
f 42/121/31 41/122/31 43/123/31 44/124/31
f 47/125/32 45/126/32 46/127/32 48/128/32
f 45/129/33 41/130/33 42/131/33 46/132/33
f 44/133/34 43/134/34 47/135/34 48/136/34
f 43/137/35 41/138/35 45/139/35 47/140/35
f 46/141/36 42/142/36 44/143/36 48/144/36
f 51/145/37 49/146/37 50/147/37 52/148/37
f 54/149/38 53/150/38 55/151/38 56/152/38
f 50/153/39 49/154/39 53/155/39 54/156/39
f 55/157/40 51/158/40 52/159/40 56/160/40
f 53/161/41 49/162/41 51/163/41 55/164/41
f 52/165/42 50/166/42 54/167/42 56/168/42
f 58/169/43 57/170/43 59/171/43 60/172/43
f 63/173/44 61/174/44 62/175/44 64/176/44
f 61/177/45 57/178/45 58/179/45 62/180/45
f 60/181/46 59/182/46 63/183/46 64/184/46
f 59/185/47 57/186/47 61/187/47 63/188/47
f 62/189/48 58/190/48 60/191/48 64/192/48
f 67/193/49 65/194/49 66/195/49 68/196/49
f 70/197/50 69/198/50 71/199/50 72/200/50
f 66/201/51 65/202/51 69/203/51 70/204/51
f 71/205/52 67/206/52 68/207/52 72/208/52
f 69/209/53 65/210/53 67/211/53 71/212/53
f 68/213/54 66/214/54 70/215/54 72/216/54
f 74/217/55 73/218/55 75/219/55 76/220/55
f 79/221/56 77/222/56 78/223/56 80/224/56
f 77/225/57 73/226/57 74/227/57 78/228/57
f 76/229/58 75/230/58 79/231/58 80/232/58
f 75/233/59 73/234/59 77/235/59 79/236/59
f 78/237/60 74/238/60 76/239/60 80/240/60
f 83/241/61 81/242/61 82/243/61 84/244/61
f 86/245/62 85/246/62 87/247/62 88/248/62
f 82/249/63 81/250/63 85/251/63 86/252/63
f 87/253/64 83/254/64 84/255/64 88/256/64
f 85/257/65 81/258/65 83/259/65 87/260/65
f 84/261/66 82/262/66 86/263/66 88/264/66
f 91/265/67 89/266/67 90/267/67 92/268/67
f 94/269/68 93/270/68 95/271/68 96/272/68
f 90/273/69 89/274/69 93/275/69 94/276/69
f 95/277/70 91/278/70 92/279/70 96/280/70
f 93/281/71 89/282/71 91/283/71 95/284/71
f 92/285/72 90/286/72 94/287/72 96/288/72
f 99/289/73 97/290/73 98/291/73 100/292/73
f 102/293/74 101/294/74 103/295/74 104/296/74
f 98/297/75 97/298/75 101/299/75 102/300/75
f 103/301/76 99/302/76 100/303/76 104/304/76
f 101/305/77 97/306/77 99/307/77 103/308/77
f 100/309/78 98/310/78 102/311/78 104/312/78
f 106/313/79 105/314/79 107/315/79 108/316/79
f 111/317/80 109/318/80 110/319/80 112/320/80
f 109/321/81 105/322/81 106/323/81 110/324/81
f 108/325/82 107/326/82 111/327/82 112/328/82
f 107/329/83 105/330/83 109/331/83 111/332/83
f 110/333/84 106/334/84 108/335/84 112/336/84
f 114/337/85 113/338/85 115/339/85 116/340/85
f 119/341/86 117/342/86 118/343/86 120/344/86
f 117/345/87 113/346/87 114/347/87 118/348/87
f 116/349/88 115/350/88 119/351/88 120/352/88
f 115/353/89 113/354/89 117/355/89 119/356/89
f 118/357/90 114/358/90 116/359/90 120/360/90
f 122/361/91 121/362/91 123/363/91 124/364/91
f 127/365/92 125/366/92 126/367/92 128/368/92
f 125/369/93 121/370/93 122/371/93 126/372/93
f 124/373/94 123/374/94 127/375/94 128/376/94
f 123/377/95 121/378/95 125/379/95 127/380/95
f 126/381/96 122/382/96 124/383/96 128/384/96
f 131/385/97 129/386/97 130/387/97 132/388/97
f 134/389/98 133/390/98 135/391/98 136/392/98
f 130/393/99 129/394/99 133/395/99 134/396/99
f 135/397/100 131/398/100 132/399/100 136/400/100
f 133/401/101 129/402/101 131/403/101 135/404/101
f 132/405/102 130/406/102 134/407/102 136/408/102
f 139/409/103 137/410/103 138/411/103 140/412/103
f 142/413/104 141/414/104 143/415/104 144/416/104
f 138/417/105 137/418/105 141/419/105 142/420/105
f 143/421/106 139/422/106 140/423/106 144/424/106
f 141/425/107 137/426/107 139/427/107 143/428/107
f 140/429/108 138/430/108 142/431/108 144/432/108
f 147/433/109 145/434/109 146/435/109 148/436/109
f 150/437/110 149/438/110 151/439/110 152/440/110
f 146/441/111 145/442/111 149/443/111 150/444/111
f 151/445/112 147/446/112 148/447/112 152/448/112
f 149/449/113 145/450/113 147/451/113 151/452/113
f 148/453/114 146/454/114 150/455/114 152/456/114
f 154/457/115 153/458/115 155/459/115 156/460/115
f 159/461/116 157/462/116 158/463/116 160/464/116
f 157/465/117 153/466/117 154/467/117 158/468/117
f 156/469/118 155/470/118 159/471/118 160/472/118
f 155/473/119 153/474/119 157/475/119 159/476/119
f 158/477/120 154/478/120 156/479/120 160/480/120
f 163/481/121 161/482/121 162/483/121 164/484/121
f 166/485/122 165/486/122 167/487/122 168/488/122
f 162/489/123 161/490/123 165/491/123 166/492/123
f 167/493/124 163/494/124 164/495/124 168/496/124
f 165/497/125 161/498/125 163/499/125 167/500/125
f 164/501/126 162/502/126 166/503/126 168/504/126
f 171/505/127 169/506/127 170/507/127 172/508/127
f 174/509/128 173/510/128 175/511/128 176/512/128
f 170/513/129 169/514/129 173/515/129 174/516/129
f 175/517/130 171/518/130 172/519/130 176/520/130
f 173/521/131 169/522/131 171/523/131 175/524/131
f 172/525/132 170/526/132 174/527/132 176/528/132
f 178/529/133 177/530/133 179/531/133 180/532/133
f 183/533/134 181/534/134 182/535/134 184/536/134
f 181/537/135 177/538/135 178/539/135 182/540/135
f 180/541/136 179/542/136 183/543/136 184/544/136
f 179/545/137 177/546/137 181/547/137 183/548/137
f 182/549/138 178/550/138 180/551/138 184/552/138
f 187/553/139 185/554/139 186/555/139 188/556/139
f 190/557/140 189/558/140 191/559/140 192/560/140
f 186/561/141 185/562/141 189/563/141 190/564/141
f 191/565/142 187/566/142 188/567/142 192/568/142
f 189/569/143 185/570/143 187/571/143 191/572/143
f 188/573/144 186/574/144 190/575/144 192/576/144
f 194/577/145 193/578/145 195/579/145 196/580/145
f 199/581/146 197/582/146 198/583/146 200/584/146
f 197/585/147 193/586/147 194/587/147 198/588/147
f 196/589/148 195/590/148 199/591/148 200/592/148
f 195/593/149 193/594/149 197/595/149 199/596/149
f 198/597/150 194/598/150 196/599/150 200/600/150
f 202/601/151 201/602/151 203/603/151 204/604/151
f 207/605/152 205/606/152 206/607/152 208/608/152
f 205/609/153 201/610/153 202/611/153 206/612/153
f 204/613/154 203/614/154 207/615/154 208/616/154
f 203/617/155 201/618/155 205/619/155 207/620/155
f 206/621/156 202/622/156 204/623/156 208/624/156
f 211/625/157 209/626/157 210/627/157 212/628/157
f 214/629/158 213/630/158 215/631/158 216/632/158
f 210/633/159 209/634/159 213/635/159 214/636/159
f 215/637/160 211/638/160 212/639/160 216/640/160
f 213/641/161 209/642/161 211/643/161 215/644/161
f 212/645/162 210/646/162 214/647/162 216/648/162
f 219/649/163 217/650/163 218/651/163 220/652/163
f 222/653/164 221/654/164 223/655/164 224/656/164
f 218/657/165 217/658/165 221/659/165 222/660/165
f 223/661/166 219/662/166 220/663/166 224/664/166
f 221/665/167 217/666/167 219/667/167 223/668/167
f 220/669/168 218/670/168 222/671/168 224/672/168
f 226/673/169 225/674/169 227/675/169 228/676/169
f 231/677/170 229/678/170 230/679/170 232/680/170
f 229/681/171 225/682/171 226/683/171 230/684/171
f 228/685/172 227/686/172 231/687/172 232/688/172
f 227/689/173 225/690/173 229/691/173 231/692/173
f 230/693/174 226/694/174 228/695/174 232/696/174
f 234/697/175 233/698/175 235/699/175 236/700/175
f 239/701/176 237/702/176 238/703/176 240/704/176
f 237/705/177 233/706/177 234/707/177 238/708/177
f 236/709/178 235/710/178 239/711/178 240/712/178
f 235/713/179 233/714/179 237/715/179 239/716/179
f 238/717/180 234/718/180 236/719/180 240/720/180
f 242/721/181 241/722/181 243/723/181 244/724/181
f 247/725/182 245/726/182 246/727/182 248/728/182
f 245/729/183 241/730/183 242/731/183 246/732/183
f 244/733/184 243/734/184 247/735/184 248/736/184
f 243/737/185 241/738/185 245/739/185 247/740/185
f 246/741/186 242/742/186 244/743/186 248/744/186
f 250/745/187 249/746/187 251/747/187 252/748/187
f 255/749/188 253/750/188 254/751/188 256/752/188
f 253/753/189 249/754/189 250/755/189 254/756/189
f 252/757/190 251/758/190 255/759/190 256/760/190
f 251/761/191 249/762/191 253/763/191 255/764/191
f 254/765/192 250/766/192 252/767/192 256/768/192
f 258/769/193 257/770/193 259/771/193 260/772/193
f 263/773/194 261/774/194 262/775/194 264/776/194
f 261/777/195 257/778/195 258/779/195 262/780/195
f 260/781/196 259/782/196 263/783/196 264/784/196
f 259/785/197 257/786/197 261/787/197 263/788/197
f 262/789/198 258/790/198 260/791/198 264/792/198
f 266/793/199 265/794/199 267/795/199 268/796/199
f 271/797/200 269/798/200 270/799/200 272/800/200
f 269/801/201 265/802/201 266/803/201 270/804/201
f 268/805/202 267/806/202 271/807/202 272/808/202
f 267/809/203 265/810/203 269/811/203 271/812/203
f 270/813/204 266/814/204 268/815/204 272/816/204
f 274/817/205 273/818/205 275/819/205 276/820/205
f 279/821/206 277/822/206 278/823/206 280/824/206
f 277/825/207 273/826/207 274/827/207 278/828/207
f 276/829/208 275/830/208 279/831/208 280/832/208
f 275/833/209 273/834/209 277/835/209 279/836/209
f 278/837/210 274/838/210 276/839/210 280/840/210
f 282/841/211 281/842/211 283/843/211 284/844/211
f 287/845/212 285/846/212 286/847/212 288/848/212
f 285/849/213 281/850/213 282/851/213 286/852/213
f 284/853/214 283/854/214 287/855/214 288/856/214
f 283/857/215 281/858/215 285/859/215 287/860/215
f 286/861/216 282/862/216 284/863/216 288/864/216
f 290/865/217 289/866/217 291/867/217 292/868/217
f 295/869/218 293/870/218 294/871/218 296/872/218
f 293/873/219 289/874/219 290/875/219 294/876/219
f 292/877/220 291/878/220 295/879/220 296/880/220
f 291/881/221 289/882/221 293/883/221 295/884/221
f 294/885/222 290/886/222 292/887/222 296/888/222
f 299/889/223 297/890/223 298/891/223 300/892/223
f 302/893/224 301/894/224 303/895/224 304/896/224
f 298/897/225 297/898/225 301/899/225 302/900/225
f 303/901/226 299/902/226 300/903/226 304/904/226
f 301/905/227 297/906/227 299/907/227 303/908/227
f 300/909/228 298/910/228 302/911/228 304/912/228
f 307/913/229 305/914/229 306/915/229 308/916/229
f 310/917/230 309/918/230 311/919/230 312/920/230
f 306/921/231 305/922/231 309/923/231 310/924/231
f 311/925/232 307/926/232 308/927/232 312/928/232
f 309/929/233 305/930/233 307/931/233 311/932/233
f 308/933/234 306/934/234 310/935/234 312/936/234
f 315/937/235 313/938/235 314/939/235 316/940/235
f 318/941/236 317/942/236 319/943/236 320/944/236
f 314/945/237 313/946/237 317/947/237 318/948/237
f 319/949/238 315/950/238 316/951/238 320/952/238
f 317/953/239 313/954/239 315/955/239 319/956/239
f 316/957/240 314/958/240 318/959/240 320/960/240
f 322/961/241 321/962/241 323/963/241 324/964/241
f 327/965/242 325/966/242 326/967/242 328/968/242
f 325/969/243 321/970/243 322/971/243 326/972/243
f 324/973/244 323/974/244 327/975/244 328/976/244
f 323/977/245 321/978/245 325/979/245 327/980/245
f 326/981/246 322/982/246 324/983/246 328/984/246
f 330/985/247 329/986/247 331/987/247 332/988/247
f 335/989/248 333/990/248 334/991/248 336/992/248
f 333/993/249 329/994/249 330/995/249 334/996/249
f 332/997/250 331/998/250 335/999/250 336/1000/250
f 331/1001/251 329/1002/251 333/1003/251 335/1004/251
f 334/1005/252 330/1006/252 332/1007/252 336/1008/252
f 338/1009/253 337/1010/253 339/1011/253 340/1012/253
f 343/1013/254 341/1014/254 342/1015/254 344/1016/254
f 341/1017/255 337/1018/255 338/1019/255 342/1020/255
f 340/1021/256 339/1022/256 343/1023/256 344/1024/256
f 339/1025/257 337/1026/257 341/1027/257 343/1028/257
f 342/1029/258 338/1030/258 340/1031/258 344/1032/258
f 346/1033/259 345/1034/259 347/1035/259 348/1036/259
f 351/1037/260 349/1038/260 350/1039/260 352/1040/260
f 349/1041/261 345/1042/261 346/1043/261 350/1044/261
f 348/1045/262 347/1046/262 351/1047/262 352/1048/262
f 347/1049/263 345/1050/263 349/1051/263 351/1052/263
f 350/1053/264 346/1054/264 348/1055/264 352/1056/264
f 354/1057/265 353/1058/265 355/1059/265 356/1060/265
f 359/1061/266 357/1062/266 358/1063/266 360/1064/266
f 357/1065/267 353/1066/267 354/1067/267 358/1068/267
f 356/1069/268 355/1070/268 359/1071/268 360/1072/268
f 355/1073/269 353/1074/269 357/1075/269 359/1076/269
f 358/1077/270 354/1078/270 356/1079/270 360/1080/270
f 363/1081/271 361/1082/271 362/1083/271 364/1084/271
f 366/1085/272 365/1086/272 367/1087/272 368/1088/272
f 362/1089/273 361/1090/273 365/1091/273 366/1092/273
f 367/1093/274 363/1094/274 364/1095/274 368/1096/274
f 365/1097/275 361/1098/275 363/1099/275 367/1100/275
f 364/1101/276 362/1102/276 366/1103/276 368/1104/276
f 371/1105/277 369/1106/277 370/1107/277 372/1108/277
f 374/1109/278 373/1110/278 375/1111/278 376/1112/278
f 370/1113/279 369/1114/279 373/1115/279 374/1116/279
f 375/1117/280 371/1118/280 372/1119/280 376/1120/280
f 373/1121/281 369/1122/281 371/1123/281 375/1124/281
f 372/1125/282 370/1126/282 374/1127/282 376/1128/282
f 379/1129/283 377/1130/283 378/1131/283 380/1132/283
f 382/1133/284 381/1134/284 383/1135/284 384/1136/284
f 378/1137/285 377/1138/285 381/1139/285 382/1140/285
f 383/1141/286 379/1142/286 380/1143/286 384/1144/286
f 381/1145/287 377/1146/287 379/1147/287 383/1148/287
f 380/1149/288 378/1150/288 382/1151/288 384/1152/288
f 386/1153/289 385/1154/289 387/1155/289 388/1156/289
f 391/1157/290 389/1158/290 390/1159/290 392/1160/290
f 389/1161/291 385/1162/291 386/1163/291 390/1164/291
f 388/1165/292 387/1166/292 391/1167/292 392/1168/292
f 387/1169/293 385/1170/293 389/1171/293 391/1172/293
f 390/1173/294 386/1174/294 388/1175/294 392/1176/294
f 394/1177/295 393/1178/295 395/1179/295 396/1180/295
f 399/1181/296 397/1182/296 398/1183/296 400/1184/296
f 397/1185/297 393/1186/297 394/1187/297 398/1188/297
f 396/1189/298 395/1190/298 399/1191/298 400/1192/298
f 395/1193/299 393/1194/299 397/1195/299 399/1196/299
f 398/1197/300 394/1198/300 396/1199/300 400/1200/300
f 402/1201/301 401/1202/301 403/1203/301 404/1204/301
f 407/1205/302 405/1206/302 406/1207/302 408/1208/302
f 405/1209/303 401/1210/303 402/1211/303 406/1212/303
f 404/1213/304 403/1214/304 407/1215/304 408/1216/304
f 403/1217/305 401/1218/305 405/1219/305 407/1220/305
f 406/1221/306 402/1222/306 404/1223/306 408/1224/306
f 410/1225/307 409/1226/307 411/1227/307 412/1228/307
f 415/1229/308 413/1230/308 414/1231/308 416/1232/308
f 413/1233/309 409/1234/309 410/1235/309 414/1236/309
f 412/1237/310 411/1238/310 415/1239/310 416/1240/310
f 411/1241/311 409/1242/311 413/1243/311 415/1244/311
f 414/1245/312 410/1246/312 412/1247/312 416/1248/312
f 418/1249/313 417/1250/313 419/1251/313 420/1252/313
f 423/1253/314 421/1254/314 422/1255/314 424/1256/314
f 421/1257/315 417/1258/315 418/1259/315 422/1260/315
f 420/1261/316 419/1262/316 423/1263/316 424/1264/316
f 419/1265/317 417/1266/317 421/1267/317 423/1268/317
f 422/1269/318 418/1270/318 420/1271/318 424/1272/318
f 427/1273/319 425/1274/319 426/1275/319 428/1276/319
f 430/1277/320 429/1278/320 431/1279/320 432/1280/320
f 426/1281/321 425/1282/321 429/1283/321 430/1284/321
f 431/1285/322 427/1286/322 428/1287/322 432/1288/322
f 429/1289/323 425/1290/323 427/1291/323 431/1292/323
f 428/1293/324 426/1294/324 430/1295/324 432/1296/324
f 435/1297/325 433/1298/325 434/1299/325 436/1300/325
f 438/1301/326 437/1302/326 439/1303/326 440/1304/326
f 434/1305/327 433/1306/327 437/1307/327 438/1308/327
f 439/1309/328 435/1310/328 436/1311/328 440/1312/328
f 437/1313/329 433/1314/329 435/1315/329 439/1316/329
f 436/1317/330 434/1318/330 438/1319/330 440/1320/330
f 442/1321/331 441/1322/331 443/1323/331 444/1324/331
f 447/1325/332 445/1326/332 446/1327/332 448/1328/332
f 445/1329/333 441/1330/333 442/1331/333 446/1332/333
f 444/1333/334 443/1334/334 447/1335/334 448/1336/334
f 443/1337/335 441/1338/335 445/1339/335 447/1340/335
f 446/1341/336 442/1342/336 444/1343/336 448/1344/336
f 451/1345/337 449/1346/337 450/1347/337 452/1348/337
f 454/1349/338 453/1350/338 455/1351/338 456/1352/338
f 450/1353/339 449/1354/339 453/1355/339 454/1356/339
f 455/1357/340 451/1358/340 452/1359/340 456/1360/340
f 453/1361/341 449/1362/341 451/1363/341 455/1364/341
f 452/1365/342 450/1366/342 454/1367/342 456/1368/342
f 458/1369/343 457/1370/343 459/1371/343 460/1372/343
f 463/1373/344 461/1374/344 462/1375/344 464/1376/344
f 461/1377/345 457/1378/345 458/1379/345 462/1380/345
f 460/1381/346 459/1382/346 463/1383/346 464/1384/346
f 459/1385/347 457/1386/347 461/1387/347 463/1388/347
f 462/1389/348 458/1390/348 460/1391/348 464/1392/348
f 466/1393/349 465/1394/349 467/1395/349 468/1396/349
f 471/1397/350 469/1398/350 470/1399/350 472/1400/350
f 469/1401/351 465/1402/351 466/1403/351 470/1404/351
f 468/1405/352 467/1406/352 471/1407/352 472/1408/352
f 467/1409/353 465/1410/353 469/1411/353 471/1412/353
f 470/1413/354 466/1414/354 468/1415/354 472/1416/354
f 474/1417/355 473/1418/355 475/1419/355 476/1420/355
f 479/1421/356 477/1422/356 478/1423/356 480/1424/356
f 477/1425/357 473/1426/357 474/1427/357 478/1428/357
f 476/1429/358 475/1430/358 479/1431/358 480/1432/358
f 475/1433/359 473/1434/359 477/1435/359 479/1436/359
f 478/1437/360 474/1438/360 476/1439/360 480/1440/360
f 482/1441/361 481/1442/361 483/1443/361 484/1444/361
f 487/1445/362 485/1446/362 486/1447/362 488/1448/362
f 485/1449/363 481/1450/363 482/1451/363 486/1452/363
f 484/1453/364 483/1454/364 487/1455/364 488/1456/364
f 483/1457/365 481/1458/365 485/1459/365 487/1460/365
f 486/1461/366 482/1462/366 484/1463/366 488/1464/366
f 491/1465/367 489/1466/367 490/1467/367 492/1468/367
f 494/1469/368 493/1470/368 495/1471/368 496/1472/368
f 490/1473/369 489/1474/369 493/1475/369 494/1476/369
f 495/1477/370 491/1478/370 492/1479/370 496/1480/370
f 493/1481/371 489/1482/371 491/1483/371 495/1484/371
f 492/1485/372 490/1486/372 494/1487/372 496/1488/372
f 499/1489/373 497/1490/373 498/1491/373 500/1492/373
f 502/1493/374 501/1494/374 503/1495/374 504/1496/374
f 498/1497/375 497/1498/375 501/1499/375 502/1500/375
f 503/1501/376 499/1502/376 500/1503/376 504/1504/376
f 501/1505/377 497/1506/377 499/1507/377 503/1508/377
f 500/1509/378 498/1510/378 502/1511/378 504/1512/378
f 507/1513/379 505/1514/379 506/1515/379 508/1516/379
f 510/1517/380 509/1518/380 511/1519/380 512/1520/380
f 506/1521/381 505/1522/381 509/1523/381 510/1524/381
f 511/1525/382 507/1526/382 508/1527/382 512/1528/382
f 509/1529/383 505/1530/383 507/1531/383 511/1532/383
f 508/1533/384 506/1534/384 510/1535/384 512/1536/384
f 514/1537/385 513/1538/385 515/1539/385 516/1540/385
f 519/1541/386 517/1542/386 518/1543/386 520/1544/386
f 517/1545/387 513/1546/387 514/1547/387 518/1548/387
f 516/1549/388 515/1550/388 519/1551/388 520/1552/388
f 515/1553/389 513/1554/389 517/1555/389 519/1556/389
f 518/1557/390 514/1558/390 516/1559/390 520/1560/390
f 522/1561/391 521/1562/391 523/1563/391 524/1564/391
f 527/1565/392 525/1566/392 526/1567/392 528/1568/392
f 525/1569/393 521/1570/393 522/1571/393 526/1572/393
f 524/1573/394 523/1574/394 527/1575/394 528/1576/394
f 523/1577/395 521/1578/395 525/1579/395 527/1580/395
f 526/1581/396 522/1582/396 524/1583/396 528/1584/396
f 530/1585/397 529/1586/397 531/1587/397 532/1588/397
f 535/1589/398 533/1590/398 534/1591/398 536/1592/398
f 533/1593/399 529/1594/399 530/1595/399 534/1596/399
f 532/1597/400 531/1598/400 535/1599/400 536/1600/400
f 531/1601/401 529/1602/401 533/1603/401 535/1604/401
f 534/1605/402 530/1606/402 532/1607/402 536/1608/402
f 538/1609/403 537/1610/403 539/1611/403 540/1612/403
f 543/1613/404 541/1614/404 542/1615/404 544/1616/404
f 541/1617/405 537/1618/405 538/1619/405 542/1620/405
f 540/1621/406 539/1622/406 543/1623/406 544/1624/406
f 539/1625/407 537/1626/407 541/1627/407 543/1628/407
f 542/1629/408 538/1630/408 540/1631/408 544/1632/408
f 547/1633/409 545/1634/409 546/1635/409 548/1636/409
f 550/1637/410 549/1638/410 551/1639/410 552/1640/410
f 546/1641/411 545/1642/411 549/1643/411 550/1644/411
f 551/1645/412 547/1646/412 548/1647/412 552/1648/412
f 549/1649/413 545/1650/413 547/1651/413 551/1652/413
f 548/1653/414 546/1654/414 550/1655/414 552/1656/414
f 555/1657/415 553/1658/415 554/1659/415 556/1660/415
f 558/1661/416 557/1662/416 559/1663/416 560/1664/416
f 554/1665/417 553/1666/417 557/1667/417 558/1668/417
f 559/1669/418 555/1670/418 556/1671/418 560/1672/418
f 557/1673/419 553/1674/419 555/1675/419 559/1676/419
f 556/1677/420 554/1678/420 558/1679/420 560/1680/420
f 562/1681/421 561/1682/421 563/1683/421 564/1684/421
f 567/1685/422 565/1686/422 566/1687/422 568/1688/422
f 565/1689/423 561/1690/423 562/1691/423 566/1692/423
f 564/1693/424 563/1694/424 567/1695/424 568/1696/424
f 563/1697/425 561/1698/425 565/1699/425 567/1700/425
f 566/1701/426 562/1702/426 564/1703/426 568/1704/426
f 571/1705/427 569/1706/427 570/1707/427 572/1708/427
f 574/1709/428 573/1710/428 575/1711/428 576/1712/428
f 570/1713/429 569/1714/429 573/1715/429 574/1716/429
f 575/1717/430 571/1718/430 572/1719/430 576/1720/430
f 573/1721/431 569/1722/431 571/1723/431 575/1724/431
f 572/1725/432 570/1726/432 574/1727/432 576/1728/432
f 578/1729/433 577/1730/433 579/1731/433 580/1732/433
f 583/1733/434 581/1734/434 582/1735/434 584/1736/434
f 581/1737/435 577/1738/435 578/1739/435 582/1740/435
f 580/1741/436 579/1742/436 583/1743/436 584/1744/436
f 579/1745/437 577/1746/437 581/1747/437 583/1748/437
f 582/1749/438 578/1750/438 580/1751/438 584/1752/438
f 587/1753/439 585/1754/439 586/1755/439 588/1756/439
f 590/1757/440 589/1758/440 591/1759/440 592/1760/440
f 586/1761/441 585/1762/441 589/1763/441 590/1764/441
f 591/1765/442 587/1766/442 588/1767/442 592/1768/442
f 589/1769/443 585/1770/443 587/1771/443 591/1772/443
f 588/1773/444 586/1774/444 590/1775/444 592/1776/444
f 594/1777/445 593/1778/445 595/1779/445 596/1780/445
f 599/1781/446 597/1782/446 598/1783/446 600/1784/446
f 597/1785/447 593/1786/447 594/1787/447 598/1788/447
f 596/1789/448 595/1790/448 599/1791/448 600/1792/448
f 595/1793/449 593/1794/449 597/1795/449 599/1796/449
f 598/1797/450 594/1798/450 596/1799/450 600/1800/450
f 602/1801/451 601/1802/451 603/1803/451 604/1804/451
f 607/1805/452 605/1806/452 606/1807/452 608/1808/452
f 605/1809/453 601/1810/453 602/1811/453 606/1812/453
f 604/1813/454 603/1814/454 607/1815/454 608/1816/454
f 603/1817/455 601/1818/455 605/1819/455 607/1820/455
f 606/1821/456 602/1822/456 604/1823/456 608/1824/456
f 611/1825/457 609/1826/457 610/1827/457 612/1828/457
f 614/1829/458 613/1830/458 615/1831/458 616/1832/458
f 610/1833/459 609/1834/459 613/1835/459 614/1836/459
f 615/1837/460 611/1838/460 612/1839/460 616/1840/460
f 613/1841/461 609/1842/461 611/1843/461 615/1844/461
f 612/1845/462 610/1846/462 614/1847/462 616/1848/462
f 618/1849/463 617/1850/463 619/1851/463 620/1852/463
f 623/1853/464 621/1854/464 622/1855/464 624/1856/464
f 621/1857/465 617/1858/465 618/1859/465 622/1860/465
f 620/1861/466 619/1862/466 623/1863/466 624/1864/466
f 619/1865/467 617/1866/467 621/1867/467 623/1868/467
f 622/1869/468 618/1870/468 620/1871/468 624/1872/468
f 626/1873/469 625/1874/469 627/1875/469 628/1876/469
f 631/1877/470 629/1878/470 630/1879/470 632/1880/470
f 629/1881/471 625/1882/471 626/1883/471 630/1884/471
f 628/1885/472 627/1886/472 631/1887/472 632/1888/472
f 627/1889/473 625/1890/473 629/1891/473 631/1892/473
f 630/1893/474 626/1894/474 628/1895/474 632/1896/474
f 634/1897/475 633/1898/475 635/1899/475 636/1900/475
f 639/1901/476 637/1902/476 638/1903/476 640/1904/476
f 637/1905/477 633/1906/477 634/1907/477 638/1908/477
f 636/1909/478 635/1910/478 639/1911/478 640/1912/478
f 635/1913/479 633/1914/479 637/1915/479 639/1916/479
f 638/1917/480 634/1918/480 636/1919/480 640/1920/480
f 642/1921/481 641/1922/481 643/1923/481 644/1924/481
f 647/1925/482 645/1926/482 646/1927/482 648/1928/482
f 645/1929/483 641/1930/483 642/1931/483 646/1932/483
f 644/1933/484 643/1934/484 647/1935/484 648/1936/484
f 643/1937/485 641/1938/485 645/1939/485 647/1940/485
f 646/1941/486 642/1942/486 644/1943/486 648/1944/486
f 650/1945/487 649/1946/487 651/1947/487 652/1948/487
f 655/1949/488 653/1950/488 654/1951/488 656/1952/488
f 653/1953/489 649/1954/489 650/1955/489 654/1956/489
f 652/1957/490 651/1958/490 655/1959/490 656/1960/490
f 651/1961/491 649/1962/491 653/1963/491 655/1964/491
f 654/1965/492 650/1966/492 652/1967/492 656/1968/492
f 658/1969/493 657/1970/493 659/1971/493 660/1972/493
f 663/1973/494 661/1974/494 662/1975/494 664/1976/494
f 661/1977/495 657/1978/495 658/1979/495 662/1980/495
f 660/1981/496 659/1982/496 663/1983/496 664/1984/496
f 659/1985/497 657/1986/497 661/1987/497 663/1988/497
f 662/1989/498 658/1990/498 660/1991/498 664/1992/498
f 666/1993/499 665/1994/499 667/1995/499 668/1996/499
f 671/1997/500 669/1998/500 670/1999/500 672/2000/500
f 669/2001/501 665/2002/501 666/2003/501 670/2004/501
f 668/2005/502 667/2006/502 671/2007/502 672/2008/502
f 667/2009/503 665/2010/503 669/2011/503 671/2012/503
f 670/2013/504 666/2014/504 668/2015/504 672/2016/504
f 674/2017/505 673/2018/505 675/2019/505 676/2020/505
f 679/2021/506 677/2022/506 678/2023/506 680/2024/506
f 677/2025/507 673/2026/507 674/2027/507 678/2028/507
f 676/2029/508 675/2030/508 679/2031/508 680/2032/508
f 675/2033/509 673/2034/509 677/2035/509 679/2036/509
f 678/2037/510 674/2038/510 676/2039/510 680/2040/510
f 682/2041/511 681/2042/511 683/2043/511 684/2044/511
f 687/2045/512 685/2046/512 686/2047/512 688/2048/512
f 685/2049/513 681/2050/513 682/2051/513 686/2052/513
f 684/2053/514 683/2054/514 687/2055/514 688/2056/514
f 683/2057/515 681/2058/515 685/2059/515 687/2060/515
f 686/2061/516 682/2062/516 684/2063/516 688/2064/516
f 691/2065/517 689/2066/517 690/2067/517 692/2068/517
f 694/2069/518 693/2070/518 695/2071/518 696/2072/518
f 690/2073/519 689/2074/519 693/2075/519 694/2076/519
f 695/2077/520 691/2078/520 692/2079/520 696/2080/520
f 693/2081/521 689/2082/521 691/2083/521 695/2084/521
f 692/2085/522 690/2086/522 694/2087/522 696/2088/522
f 699/2089/523 697/2090/523 698/2091/523 700/2092/523
f 702/2093/524 701/2094/524 703/2095/524 704/2096/524
f 698/2097/525 697/2098/525 701/2099/525 702/2100/525
f 703/2101/526 699/2102/526 700/2103/526 704/2104/526
f 701/2105/527 697/2106/527 699/2107/527 703/2108/527
f 700/2109/528 698/2110/528 702/2111/528 704/2112/528
f 706/2113/529 705/2114/529 707/2115/529 708/2116/529
f 711/2117/530 709/2118/530 710/2119/530 712/2120/530
f 709/2121/531 705/2122/531 706/2123/531 710/2124/531
f 708/2125/532 707/2126/532 711/2127/532 712/2128/532
f 707/2129/533 705/2130/533 709/2131/533 711/2132/533
f 710/2133/534 706/2134/534 708/2135/534 712/2136/534
f 714/2137/535 713/2138/535 715/2139/535 716/2140/535
f 719/2141/536 717/2142/536 718/2143/536 720/2144/536
f 717/2145/537 713/2146/537 714/2147/537 718/2148/537
f 716/2149/538 715/2150/538 719/2151/538 720/2152/538
f 715/2153/539 713/2154/539 717/2155/539 719/2156/539
f 718/2157/540 714/2158/540 716/2159/540 720/2160/540
f 722/2161/541 721/2162/541 723/2163/541 724/2164/541
f 727/2165/542 725/2166/542 726/2167/542 728/2168/542
f 725/2169/543 721/2170/543 722/2171/543 726/2172/543
f 724/2173/544 723/2174/544 727/2175/544 728/2176/544
f 723/2177/545 721/2178/545 725/2179/545 727/2180/545
f 726/2181/546 722/2182/546 724/2183/546 728/2184/546
f 730/2185/547 729/2186/547 731/2187/547 732/2188/547
f 735/2189/548 733/2190/548 734/2191/548 736/2192/548
f 733/2193/549 729/2194/549 730/2195/549 734/2196/549
f 732/2197/550 731/2198/550 735/2199/550 736/2200/550
f 731/2201/551 729/2202/551 733/2203/551 735/2204/551
f 734/2205/552 730/2206/552 732/2207/552 736/2208/552
f 738/2209/553 737/2210/553 739/2211/553 740/2212/553
f 743/2213/554 741/2214/554 742/2215/554 744/2216/554
f 741/2217/555 737/2218/555 738/2219/555 742/2220/555
f 740/2221/556 739/2222/556 743/2223/556 744/2224/556
f 739/2225/557 737/2226/557 741/2227/557 743/2228/557
f 742/2229/558 738/2230/558 740/2231/558 744/2232/558
f 746/2233/559 745/2234/559 747/2235/559 748/2236/559
f 751/2237/560 749/2238/560 750/2239/560 752/2240/560
f 749/2241/561 745/2242/561 746/2243/561 750/2244/561
f 748/2245/562 747/2246/562 751/2247/562 752/2248/562
f 747/2249/563 745/2250/563 749/2251/563 751/2252/563
f 750/2253/564 746/2254/564 748/2255/564 752/2256/564
f 754/2257/565 753/2258/565 755/2259/565 756/2260/565
f 759/2261/566 757/2262/566 758/2263/566 760/2264/566
f 757/2265/567 753/2266/567 754/2267/567 758/2268/567
f 756/2269/568 755/2270/568 759/2271/568 760/2272/568
f 755/2273/569 753/2274/569 757/2275/569 759/2276/569
f 758/2277/570 754/2278/570 756/2279/570 760/2280/570
f 762/2281/571 761/2282/571 763/2283/571 764/2284/571
f 767/2285/572 765/2286/572 766/2287/572 768/2288/572
f 765/2289/573 761/2290/573 762/2291/573 766/2292/573
f 764/2293/574 763/2294/574 767/2295/574 768/2296/574
f 763/2297/575 761/2298/575 765/2299/575 767/2300/575
f 766/2301/576 762/2302/576 764/2303/576 768/2304/576
f 770/2305/577 769/2306/577 771/2307/577 772/2308/577
f 775/2309/578 773/2310/578 774/2311/578 776/2312/578
f 773/2313/579 769/2314/579 770/2315/579 774/2316/579
f 772/2317/580 771/2318/580 775/2319/580 776/2320/580
f 771/2321/581 769/2322/581 773/2323/581 775/2324/581
f 774/2325/582 770/2326/582 772/2327/582 776/2328/582
f 778/2329/583 777/2330/583 779/2331/583 780/2332/583
f 783/2333/584 781/2334/584 782/2335/584 784/2336/584
f 781/2337/585 777/2338/585 778/2339/585 782/2340/585
f 780/2341/586 779/2342/586 783/2343/586 784/2344/586
f 779/2345/587 777/2346/587 781/2347/587 783/2348/587
f 782/2349/588 778/2350/588 780/2351/588 784/2352/588
f 786/2353/589 785/2354/589 787/2355/589 788/2356/589
f 791/2357/590 789/2358/590 790/2359/590 792/2360/590
f 789/2361/591 785/2362/591 786/2363/591 790/2364/591
f 788/2365/592 787/2366/592 791/2367/592 792/2368/592
f 787/2369/593 785/2370/593 789/2371/593 791/2372/593
f 790/2373/594 786/2374/594 788/2375/594 792/2376/594
f 794/2377/595 793/2378/595 795/2379/595 796/2380/595
f 799/2381/596 797/2382/596 798/2383/596 800/2384/596
f 797/2385/597 793/2386/597 794/2387/597 798/2388/597
f 796/2389/598 795/2390/598 799/2391/598 800/2392/598
f 795/2393/599 793/2394/599 797/2395/599 799/2396/599
f 798/2397/600 794/2398/600 796/2399/600 800/2400/600
f 802/2401/601 801/2402/601 803/2403/601 804/2404/601
f 807/2405/602 805/2406/602 806/2407/602 808/2408/602
f 805/2409/603 801/2410/603 802/2411/603 806/2412/603
f 804/2413/604 803/2414/604 807/2415/604 808/2416/604
f 803/2417/605 801/2418/605 805/2419/605 807/2420/605
f 806/2421/606 802/2422/606 804/2423/606 808/2424/606
f 810/2425/607 809/2426/607 811/2427/607 812/2428/607
f 815/2429/608 813/2430/608 814/2431/608 816/2432/608
f 813/2433/609 809/2434/609 810/2435/609 814/2436/609
f 812/2437/610 811/2438/610 815/2439/610 816/2440/610
f 811/2441/611 809/2442/611 813/2443/611 815/2444/611
usemtl m_7fdd8924-c34d-9441-9318-9274f7ac4c17
f 814/2445/612 810/2446/612 812/2447/612 816/2448/612
usemtl m_5d16e867-f8c1-1568-17ec-7ace54e90f95
f 818/2449/613 817/2450/613 819/2451/613 820/2452/613
f 823/2453/614 821/2454/614 822/2455/614 824/2456/614
f 821/2457/615 817/2458/615 818/2459/615 822/2460/615
f 820/2461/616 819/2462/616 823/2463/616 824/2464/616
f 819/2465/617 817/2466/617 821/2467/617 823/2468/617
f 822/2469/618 818/2470/618 820/2471/618 824/2472/618
usemtl m_7fdd8924-c34d-9441-9318-9274f7ac4c17
f 826/2473/619 825/2474/619 827/2475/619 828/2476/619
f 831/2477/620 829/2478/620 830/2479/620 832/2480/620
f 829/2481/621 825/2482/621 826/2483/621 830/2484/621
f 828/2485/622 827/2486/622 831/2487/622 832/2488/622
usemtl m_e30b65a6-5eac-dd8b-e3c2-086f58264ff0
f 827/2489/623 825/2490/623 829/2491/623 831/2492/623
usemtl m_7fdd8924-c34d-9441-9318-9274f7ac4c17
f 830/2493/624 826/2494/624 828/2495/624 832/2496/624
usemtl m_e30b65a6-5eac-dd8b-e3c2-086f58264ff0
f 834/2497/625 833/2498/625 835/2499/625 836/2500/625
f 839/2501/626 837/2502/626 838/2503/626 840/2504/626
f 837/2505/627 833/2506/627 834/2507/627 838/2508/627
f 836/2509/628 835/2510/628 839/2511/628 840/2512/628
f 835/2513/629 833/2514/629 837/2515/629 839/2516/629
f 838/2517/630 834/2518/630 836/2519/630 840/2520/630
f 842/2521/631 841/2522/631 843/2523/631 844/2524/631
f 847/2525/632 845/2526/632 846/2527/632 848/2528/632
f 845/2529/633 841/2530/633 842/2531/633 846/2532/633
f 844/2533/634 843/2534/634 847/2535/634 848/2536/634
f 843/2537/635 841/2538/635 845/2539/635 847/2540/635
f 846/2541/636 842/2542/636 844/2543/636 848/2544/636
f 850/2545/637 849/2546/637 851/2547/637 852/2548/637
f 855/2549/638 853/2550/638 854/2551/638 856/2552/638
f 853/2553/639 849/2554/639 850/2555/639 854/2556/639
f 852/2557/640 851/2558/640 855/2559/640 856/2560/640
f 851/2561/641 849/2562/641 853/2563/641 855/2564/641
f 854/2565/642 850/2566/642 852/2567/642 856/2568/642
usemtl m_5d16e867-f8c1-1568-17ec-7ace54e90f95
f 858/2569/643 857/2570/643 859/2571/643 860/2572/643
f 863/2573/644 861/2574/644 862/2575/644 864/2576/644
f 861/2577/645 857/2578/645 858/2579/645 862/2580/645
f 860/2581/646 859/2582/646 863/2583/646 864/2584/646
f 859/2585/647 857/2586/647 861/2587/647 863/2588/647
f 862/2589/648 858/2590/648 860/2591/648 864/2592/648
f 866/2593/649 865/2594/649 867/2595/649 868/2596/649
f 871/2597/650 869/2598/650 870/2599/650 872/2600/650
f 869/2601/651 865/2602/651 866/2603/651 870/2604/651
f 868/2605/652 867/2606/652 871/2607/652 872/2608/652
f 867/2609/653 865/2610/653 869/2611/653 871/2612/653
f 870/2613/654 866/2614/654 868/2615/654 872/2616/654
f 874/2617/655 873/2618/655 875/2619/655 876/2620/655
f 879/2621/656 877/2622/656 878/2623/656 880/2624/656
f 877/2625/657 873/2626/657 874/2627/657 878/2628/657
f 876/2629/658 875/2630/658 879/2631/658 880/2632/658
f 875/2633/659 873/2634/659 877/2635/659 879/2636/659
f 878/2637/660 874/2638/660 876/2639/660 880/2640/660
f 882/2641/661 881/2642/661 883/2643/661 884/2644/661
f 887/2645/662 885/2646/662 886/2647/662 888/2648/662
f 885/2649/663 881/2650/663 882/2651/663 886/2652/663
f 884/2653/664 883/2654/664 887/2655/664 888/2656/664
f 883/2657/665 881/2658/665 885/2659/665 887/2660/665
f 886/2661/666 882/2662/666 884/2663/666 888/2664/666
f 890/2665/667 889/2666/667 891/2667/667 892/2668/667
f 895/2669/668 893/2670/668 894/2671/668 896/2672/668
f 893/2673/669 889/2674/669 890/2675/669 894/2676/669
f 892/2677/670 891/2678/670 895/2679/670 896/2680/670
f 891/2681/671 889/2682/671 893/2683/671 895/2684/671
f 894/2685/672 890/2686/672 892/2687/672 896/2688/672
f 898/2689/673 897/2690/673 899/2691/673 900/2692/673
f 903/2693/674 901/2694/674 902/2695/674 904/2696/674
f 901/2697/675 897/2698/675 898/2699/675 902/2700/675
f 900/2701/676 899/2702/676 903/2703/676 904/2704/676
f 899/2705/677 897/2706/677 901/2707/677 903/2708/677
f 902/2709/678 898/2710/678 900/2711/678 904/2712/678
f 906/2713/679 905/2714/679 907/2715/679 908/2716/679
f 911/2717/680 909/2718/680 910/2719/680 912/2720/680
f 909/2721/681 905/2722/681 906/2723/681 910/2724/681
f 908/2725/682 907/2726/682 911/2727/682 912/2728/682
f 907/2729/683 905/2730/683 909/2731/683 911/2732/683
f 910/2733/684 906/2734/684 908/2735/684 912/2736/684
f 914/2737/685 913/2738/685 915/2739/685 916/2740/685
f 919/2741/686 917/2742/686 918/2743/686 920/2744/686
f 917/2745/687 913/2746/687 914/2747/687 918/2748/687
f 916/2749/688 915/2750/688 919/2751/688 920/2752/688
f 915/2753/689 913/2754/689 917/2755/689 919/2756/689
f 918/2757/690 914/2758/690 916/2759/690 920/2760/690
f 922/2761/691 921/2762/691 923/2763/691 924/2764/691
f 927/2765/692 925/2766/692 926/2767/692 928/2768/692
f 925/2769/693 921/2770/693 922/2771/693 926/2772/693
f 924/2773/694 923/2774/694 927/2775/694 928/2776/694
f 923/2777/695 921/2778/695 925/2779/695 927/2780/695
f 926/2781/696 922/2782/696 924/2783/696 928/2784/696
f 930/2785/697 929/2786/697 931/2787/697 932/2788/697
f 935/2789/698 933/2790/698 934/2791/698 936/2792/698
f 933/2793/699 929/2794/699 930/2795/699 934/2796/699
f 932/2797/700 931/2798/700 935/2799/700 936/2800/700
f 931/2801/701 929/2802/701 933/2803/701 935/2804/701
f 934/2805/702 930/2806/702 932/2807/702 936/2808/702
f 938/2809/703 937/2810/703 939/2811/703 940/2812/703
f 943/2813/704 941/2814/704 942/2815/704 944/2816/704
f 941/2817/705 937/2818/705 938/2819/705 942/2820/705
f 940/2821/706 939/2822/706 943/2823/706 944/2824/706
f 939/2825/707 937/2826/707 941/2827/707 943/2828/707
f 942/2829/708 938/2830/708 940/2831/708 944/2832/708
f 946/2833/709 945/2834/709 947/2835/709 948/2836/709
f 951/2837/710 949/2838/710 950/2839/710 952/2840/710
f 949/2841/711 945/2842/711 946/2843/711 950/2844/711
f 948/2845/712 947/2846/712 951/2847/712 952/2848/712
f 947/2849/713 945/2850/713 949/2851/713 951/2852/713
f 950/2853/714 946/2854/714 948/2855/714 952/2856/714
f 955/2857/715 953/2858/715 954/2859/715 956/2860/715
f 958/2861/716 957/2862/716 959/2863/716 960/2864/716
f 954/2865/717 953/2866/717 957/2867/717 958/2868/717
f 959/2869/718 955/2870/718 956/2871/718 960/2872/718
f 957/2873/719 953/2874/719 955/2875/719 959/2876/719
f 956/2877/720 954/2878/720 958/2879/720 960/2880/720
f 963/2881/721 961/2882/721 962/2883/721 964/2884/721
f 966/2885/722 965/2886/722 967/2887/722 968/2888/722
f 962/2889/723 961/2890/723 965/2891/723 966/2892/723
f 967/2893/724 963/2894/724 964/2895/724 968/2896/724
f 965/2897/725 961/2898/725 963/2899/725 967/2900/725
f 964/2901/726 962/2902/726 966/2903/726 968/2904/726
f 971/2905/727 969/2906/727 970/2907/727 972/2908/727
f 974/2909/728 973/2910/728 975/2911/728 976/2912/728
f 970/2913/729 969/2914/729 973/2915/729 974/2916/729
f 975/2917/730 971/2918/730 972/2919/730 976/2920/730
f 973/2921/731 969/2922/731 971/2923/731 975/2924/731
f 972/2925/732 970/2926/732 974/2927/732 976/2928/732
f 979/2929/733 977/2930/733 978/2931/733 980/2932/733
f 982/2933/734 981/2934/734 983/2935/734 984/2936/734
f 978/2937/735 977/2938/735 981/2939/735 982/2940/735
f 983/2941/736 979/2942/736 980/2943/736 984/2944/736
f 981/2945/737 977/2946/737 979/2947/737 983/2948/737
f 980/2949/738 978/2950/738 982/2951/738 984/2952/738
f 987/2953/739 985/2954/739 986/2955/739 988/2956/739
f 990/2957/740 989/2958/740 991/2959/740 992/2960/740
f 986/2961/741 985/2962/741 989/2963/741 990/2964/741
f 991/2965/742 987/2966/742 988/2967/742 992/2968/742
f 989/2969/743 985/2970/743 987/2971/743 991/2972/743
f 988/2973/744 986/2974/744 990/2975/744 992/2976/744
f 995/2977/745 993/2978/745 994/2979/745 996/2980/745
f 998/2981/746 997/2982/746 999/2983/746 1000/2984/746
f 994/2985/747 993/2986/747 997/2987/747 998/2988/747
f 999/2989/748 995/2990/748 996/2991/748 1000/2992/748
f 997/2993/749 993/2994/749 995/2995/749 999/2996/749
f 996/2997/750 994/2998/750 998/2999/750 1000/3000/750
f 1003/3001/751 1001/3002/751 1002/3003/751 1004/3004/751
f 1006/3005/752 1005/3006/752 1007/3007/752 1008/3008/752
f 1002/3009/753 1001/3010/753 1005/3011/753 1006/3012/753
f 1007/3013/754 1003/3014/754 1004/3015/754 1008/3016/754
f 1005/3017/755 1001/3018/755 1003/3019/755 1007/3020/755
f 1004/3021/756 1002/3022/756 1006/3023/756 1008/3024/756
f 1011/3025/757 1009/3026/757 1010/3027/757 1012/3028/757
f 1014/3029/758 1013/3030/758 1015/3031/758 1016/3032/758
f 1010/3033/759 1009/3034/759 1013/3035/759 1014/3036/759
f 1015/3037/760 1011/3038/760 1012/3039/760 1016/3040/760
f 1013/3041/761 1009/3042/761 1011/3043/761 1015/3044/761
f 1012/3045/762 1010/3046/762 1014/3047/762 1016/3048/762
f 1019/3049/763 1017/3050/763 1018/3051/763 1020/3052/763
f 1022/3053/764 1021/3054/764 1023/3055/764 1024/3056/764
f 1018/3057/765 1017/3058/765 1021/3059/765 1022/3060/765
f 1023/3061/766 1019/3062/766 1020/3063/766 1024/3064/766
f 1021/3065/767 1017/3066/767 1019/3067/767 1023/3068/767
f 1020/3069/768 1018/3070/768 1022/3071/768 1024/3072/768
f 1027/3073/769 1025/3074/769 1026/3075/769 1028/3076/769
f 1030/3077/770 1029/3078/770 1031/3079/770 1032/3080/770
f 1026/3081/771 1025/3082/771 1029/3083/771 1030/3084/771
f 1031/3085/772 1027/3086/772 1028/3087/772 1032/3088/772
f 1029/3089/773 1025/3090/773 1027/3091/773 1031/3092/773
f 1028/3093/774 1026/3094/774 1030/3095/774 1032/3096/774
f 1035/3097/775 1033/3098/775 1034/3099/775 1036/3100/775
f 1038/3101/776 1037/3102/776 1039/3103/776 1040/3104/776
f 1034/3105/777 1033/3106/777 1037/3107/777 1038/3108/777
f 1039/3109/778 1035/3110/778 1036/3111/778 1040/3112/778
f 1037/3113/779 1033/3114/779 1035/3115/779 1039/3116/779
f 1036/3117/780 1034/3118/780 1038/3119/780 1040/3120/780
f 1043/3121/781 1041/3122/781 1042/3123/781 1044/3124/781
f 1046/3125/782 1045/3126/782 1047/3127/782 1048/3128/782
f 1042/3129/783 1041/3130/783 1045/3131/783 1046/3132/783
f 1047/3133/784 1043/3134/784 1044/3135/784 1048/3136/784
f 1045/3137/785 1041/3138/785 1043/3139/785 1047/3140/785
f 1044/3141/786 1042/3142/786 1046/3143/786 1048/3144/786
f 1050/3145/787 1049/3146/787 1051/3147/787 1052/3148/787
f 1055/3149/788 1053/3150/788 1054/3151/788 1056/3152/788
f 1053/3153/789 1049/3154/789 1050/3155/789 1054/3156/789
f 1052/3157/790 1051/3158/790 1055/3159/790 1056/3160/790
f 1051/3161/791 1049/3162/791 1053/3163/791 1055/3164/791
f 1054/3165/792 1050/3166/792 1052/3167/792 1056/3168/792
f 1058/3169/793 1057/3170/793 1059/3171/793 1060/3172/793
f 1063/3173/794 1061/3174/794 1062/3175/794 1064/3176/794
f 1061/3177/795 1057/3178/795 1058/3179/795 1062/3180/795
f 1060/3181/796 1059/3182/796 1063/3183/796 1064/3184/796
f 1059/3185/797 1057/3186/797 1061/3187/797 1063/3188/797
f 1062/3189/798 1058/3190/798 1060/3191/798 1064/3192/798
f 1066/3193/799 1065/3194/799 1067/3195/799 1068/3196/799
f 1071/3197/800 1069/3198/800 1070/3199/800 1072/3200/800
f 1069/3201/801 1065/3202/801 1066/3203/801 1070/3204/801
f 1068/3205/802 1067/3206/802 1071/3207/802 1072/3208/802
f 1067/3209/803 1065/3210/803 1069/3211/803 1071/3212/803
f 1070/3213/804 1066/3214/804 1068/3215/804 1072/3216/804
f 1074/3217/805 1073/3218/805 1075/3219/805 1076/3220/805
f 1079/3221/806 1077/3222/806 1078/3223/806 1080/3224/806
f 1077/3225/807 1073/3226/807 1074/3227/807 1078/3228/807
f 1076/3229/808 1075/3230/808 1079/3231/808 1080/3232/808
f 1075/3233/809 1073/3234/809 1077/3235/809 1079/3236/809
f 1078/3237/810 1074/3238/810 1076/3239/810 1080/3240/810
f 1082/3241/811 1081/3242/811 1083/3243/811 1084/3244/811
f 1087/3245/812 1085/3246/812 1086/3247/812 1088/3248/812
f 1085/3249/813 1081/3250/813 1082/3251/813 1086/3252/813
f 1084/3253/814 1083/3254/814 1087/3255/814 1088/3256/814
f 1083/3257/815 1081/3258/815 1085/3259/815 1087/3260/815
f 1086/3261/816 1082/3262/816 1084/3263/816 1088/3264/816
f 1090/3265/817 1089/3266/817 1091/3267/817 1092/3268/817
f 1095/3269/818 1093/3270/818 1094/3271/818 1096/3272/818
f 1093/3273/819 1089/3274/819 1090/3275/819 1094/3276/819
f 1092/3277/820 1091/3278/820 1095/3279/820 1096/3280/820
f 1091/3281/821 1089/3282/821 1093/3283/821 1095/3284/821
f 1094/3285/822 1090/3286/822 1092/3287/822 1096/3288/822
f 1098/3289/823 1097/3290/823 1099/3291/823 1100/3292/823
f 1103/3293/824 1101/3294/824 1102/3295/824 1104/3296/824
f 1101/3297/825 1097/3298/825 1098/3299/825 1102/3300/825
f 1100/3301/826 1099/3302/826 1103/3303/826 1104/3304/826
f 1099/3305/827 1097/3306/827 1101/3307/827 1103/3308/827
f 1102/3309/828 1098/3310/828 1100/3311/828 1104/3312/828
f 1106/3313/829 1105/3314/829 1107/3315/829 1108/3316/829
f 1111/3317/830 1109/3318/830 1110/3319/830 1112/3320/830
f 1109/3321/831 1105/3322/831 1106/3323/831 1110/3324/831
f 1108/3325/832 1107/3326/832 1111/3327/832 1112/3328/832
f 1107/3329/833 1105/3330/833 1109/3331/833 1111/3332/833
f 1110/3333/834 1106/3334/834 1108/3335/834 1112/3336/834
f 1114/3337/835 1113/3338/835 1115/3339/835 1116/3340/835
f 1119/3341/836 1117/3342/836 1118/3343/836 1120/3344/836
f 1117/3345/837 1113/3346/837 1114/3347/837 1118/3348/837
f 1116/3349/838 1115/3350/838 1119/3351/838 1120/3352/838
f 1115/3353/839 1113/3354/839 1117/3355/839 1119/3356/839
f 1118/3357/840 1114/3358/840 1116/3359/840 1120/3360/840
f 1122/3361/841 1121/3362/841 1123/3363/841 1124/3364/841
f 1127/3365/842 1125/3366/842 1126/3367/842 1128/3368/842
f 1125/3369/843 1121/3370/843 1122/3371/843 1126/3372/843
f 1124/3373/844 1123/3374/844 1127/3375/844 1128/3376/844
f 1123/3377/845 1121/3378/845 1125/3379/845 1127/3380/845
f 1126/3381/846 1122/3382/846 1124/3383/846 1128/3384/846
f 1130/3385/847 1129/3386/847 1131/3387/847 1132/3388/847
f 1135/3389/848 1133/3390/848 1134/3391/848 1136/3392/848
f 1133/3393/849 1129/3394/849 1130/3395/849 1134/3396/849
f 1132/3397/850 1131/3398/850 1135/3399/850 1136/3400/850
f 1131/3401/851 1129/3402/851 1133/3403/851 1135/3404/851
f 1134/3405/852 1130/3406/852 1132/3407/852 1136/3408/852
f 1138/3409/853 1137/3410/853 1139/3411/853 1140/3412/853
f 1143/3413/854 1141/3414/854 1142/3415/854 1144/3416/854
f 1141/3417/855 1137/3418/855 1138/3419/855 1142/3420/855
f 1140/3421/856 1139/3422/856 1143/3423/856 1144/3424/856
f 1139/3425/857 1137/3426/857 1141/3427/857 1143/3428/857
f 1142/3429/858 1138/3430/858 1140/3431/858 1144/3432/858
f 1147/3433/859 1145/3434/859 1146/3435/859 1148/3436/859
f 1150/3437/860 1149/3438/860 1151/3439/860 1152/3440/860
f 1146/3441/861 1145/3442/861 1149/3443/861 1150/3444/861
f 1151/3445/862 1147/3446/862 1148/3447/862 1152/3448/862
f 1149/3449/863 1145/3450/863 1147/3451/863 1151/3452/863
f 1148/3453/864 1146/3454/864 1150/3455/864 1152/3456/864
f 1155/3457/865 1153/3458/865 1154/3459/865 1156/3460/865
f 1158/3461/866 1157/3462/866 1159/3463/866 1160/3464/866
f 1154/3465/867 1153/3466/867 1157/3467/867 1158/3468/867
f 1159/3469/868 1155/3470/868 1156/3471/868 1160/3472/868
f 1157/3473/869 1153/3474/869 1155/3475/869 1159/3476/869
f 1156/3477/870 1154/3478/870 1158/3479/870 1160/3480/870
f 1163/3481/871 1161/3482/871 1162/3483/871 1164/3484/871
f 1166/3485/872 1165/3486/872 1167/3487/872 1168/3488/872
f 1162/3489/873 1161/3490/873 1165/3491/873 1166/3492/873
f 1167/3493/874 1163/3494/874 1164/3495/874 1168/3496/874
f 1165/3497/875 1161/3498/875 1163/3499/875 1167/3500/875
f 1164/3501/876 1162/3502/876 1166/3503/876 1168/3504/876
f 1171/3505/877 1169/3506/877 1170/3507/877 1172/3508/877
f 1174/3509/878 1173/3510/878 1175/3511/878 1176/3512/878
f 1170/3513/879 1169/3514/879 1173/3515/879 1174/3516/879
f 1175/3517/880 1171/3518/880 1172/3519/880 1176/3520/880
f 1173/3521/881 1169/3522/881 1171/3523/881 1175/3524/881
f 1172/3525/882 1170/3526/882 1174/3527/882 1176/3528/882
f 1179/3529/883 1177/3530/883 1178/3531/883 1180/3532/883
f 1182/3533/884 1181/3534/884 1183/3535/884 1184/3536/884
f 1178/3537/885 1177/3538/885 1181/3539/885 1182/3540/885
f 1183/3541/886 1179/3542/886 1180/3543/886 1184/3544/886
f 1181/3545/887 1177/3546/887 1179/3547/887 1183/3548/887
f 1180/3549/888 1178/3550/888 1182/3551/888 1184/3552/888
f 1187/3553/889 1185/3554/889 1186/3555/889 1188/3556/889
f 1190/3557/890 1189/3558/890 1191/3559/890 1192/3560/890
f 1186/3561/891 1185/3562/891 1189/3563/891 1190/3564/891
f 1191/3565/892 1187/3566/892 1188/3567/892 1192/3568/892
f 1189/3569/893 1185/3570/893 1187/3571/893 1191/3572/893
f 1188/3573/894 1186/3574/894 1190/3575/894 1192/3576/894
f 1194/3577/895 1193/3578/895 1195/3579/895 1196/3580/895
f 1199/3581/896 1197/3582/896 1198/3583/896 1200/3584/896
f 1197/3585/897 1193/3586/897 1194/3587/897 1198/3588/897
f 1196/3589/898 1195/3590/898 1199/3591/898 1200/3592/898
f 1195/3593/899 1193/3594/899 1197/3595/899 1199/3596/899
f 1198/3597/900 1194/3598/900 1196/3599/900 1200/3600/900
f 1202/3601/901 1201/3602/901 1203/3603/901 1204/3604/901
f 1207/3605/902 1205/3606/902 1206/3607/902 1208/3608/902
f 1205/3609/903 1201/3610/903 1202/3611/903 1206/3612/903
f 1204/3613/904 1203/3614/904 1207/3615/904 1208/3616/904
f 1203/3617/905 1201/3618/905 1205/3619/905 1207/3620/905
f 1206/3621/906 1202/3622/906 1204/3623/906 1208/3624/906
f 1210/3625/907 1209/3626/907 1211/3627/907 1212/3628/907
f 1215/3629/908 1213/3630/908 1214/3631/908 1216/3632/908
f 1213/3633/909 1209/3634/909 1210/3635/909 1214/3636/909
f 1212/3637/910 1211/3638/910 1215/3639/910 1216/3640/910
f 1211/3641/911 1209/3642/911 1213/3643/911 1215/3644/911
f 1214/3645/912 1210/3646/912 1212/3647/912 1216/3648/912
f 1218/3649/913 1217/3650/913 1219/3651/913 1220/3652/913
f 1223/3653/914 1221/3654/914 1222/3655/914 1224/3656/914
f 1221/3657/915 1217/3658/915 1218/3659/915 1222/3660/915
f 1220/3661/916 1219/3662/916 1223/3663/916 1224/3664/916
f 1219/3665/917 1217/3666/917 1221/3667/917 1223/3668/917
f 1222/3669/918 1218/3670/918 1220/3671/918 1224/3672/918
f 1226/3673/919 1225/3674/919 1227/3675/919 1228/3676/919
f 1231/3677/920 1229/3678/920 1230/3679/920 1232/3680/920
f 1229/3681/921 1225/3682/921 1226/3683/921 1230/3684/921
f 1228/3685/922 1227/3686/922 1231/3687/922 1232/3688/922
f 1227/3689/923 1225/3690/923 1229/3691/923 1231/3692/923
f 1230/3693/924 1226/3694/924 1228/3695/924 1232/3696/924
f 1234/3697/925 1233/3698/925 1235/3699/925 1236/3700/925
f 1239/3701/926 1237/3702/926 1238/3703/926 1240/3704/926
f 1237/3705/927 1233/3706/927 1234/3707/927 1238/3708/927
f 1236/3709/928 1235/3710/928 1239/3711/928 1240/3712/928
f 1235/3713/929 1233/3714/929 1237/3715/929 1239/3716/929
f 1238/3717/930 1234/3718/930 1236/3719/930 1240/3720/930
f 1242/3721/931 1241/3722/931 1243/3723/931 1244/3724/931
f 1247/3725/932 1245/3726/932 1246/3727/932 1248/3728/932
f 1245/3729/933 1241/3730/933 1242/3731/933 1246/3732/933
f 1244/3733/934 1243/3734/934 1247/3735/934 1248/3736/934
f 1243/3737/935 1241/3738/935 1245/3739/935 1247/3740/935
f 1246/3741/936 1242/3742/936 1244/3743/936 1248/3744/936
f 1250/3745/937 1249/3746/937 1251/3747/937 1252/3748/937
f 1255/3749/938 1253/3750/938 1254/3751/938 1256/3752/938
f 1253/3753/939 1249/3754/939 1250/3755/939 1254/3756/939
f 1252/3757/940 1251/3758/940 1255/3759/940 1256/3760/940
f 1251/3761/941 1249/3762/941 1253/3763/941 1255/3764/941
f 1254/3765/942 1250/3766/942 1252/3767/942 1256/3768/942
f 1258/3769/943 1257/3770/943 1259/3771/943 1260/3772/943
f 1263/3773/944 1261/3774/944 1262/3775/944 1264/3776/944
f 1261/3777/945 1257/3778/945 1258/3779/945 1262/3780/945
f 1260/3781/946 1259/3782/946 1263/3783/946 1264/3784/946
f 1259/3785/947 1257/3786/947 1261/3787/947 1263/3788/947
f 1262/3789/948 1258/3790/948 1260/3791/948 1264/3792/948
f 1266/3793/949 1265/3794/949 1267/3795/949 1268/3796/949
f 1271/3797/950 1269/3798/950 1270/3799/950 1272/3800/950
f 1269/3801/951 1265/3802/951 1266/3803/951 1270/3804/951
f 1268/3805/952 1267/3806/952 1271/3807/952 1272/3808/952
f 1267/3809/953 1265/3810/953 1269/3811/953 1271/3812/953
f 1270/3813/954 1266/3814/954 1268/3815/954 1272/3816/954
f 1274/3817/955 1273/3818/955 1275/3819/955 1276/3820/955
f 1279/3821/956 1277/3822/956 1278/3823/956 1280/3824/956
f 1277/3825/957 1273/3826/957 1274/3827/957 1278/3828/957
f 1276/3829/958 1275/3830/958 1279/3831/958 1280/3832/958
f 1275/3833/959 1273/3834/959 1277/3835/959 1279/3836/959
f 1278/3837/960 1274/3838/960 1276/3839/960 1280/3840/960
f 1282/3841/961 1281/3842/961 1283/3843/961 1284/3844/961
f 1287/3845/962 1285/3846/962 1286/3847/962 1288/3848/962
f 1285/3849/963 1281/3850/963 1282/3851/963 1286/3852/963
f 1284/3853/964 1283/3854/964 1287/3855/964 1288/3856/964
f 1283/3857/965 1281/3858/965 1285/3859/965 1287/3860/965
f 1286/3861/966 1282/3862/966 1284/3863/966 1288/3864/966
f 1290/3865/967 1289/3866/967 1291/3867/967 1292/3868/967
f 1295/3869/968 1293/3870/968 1294/3871/968 1296/3872/968
f 1293/3873/969 1289/3874/969 1290/3875/969 1294/3876/969
f 1292/3877/970 1291/3878/970 1295/3879/970 1296/3880/970
f 1291/3881/971 1289/3882/971 1293/3883/971 1295/3884/971
f 1294/3885/972 1290/3886/972 1292/3887/972 1296/3888/972
f 1298/3889/973 1297/3890/973 1299/3891/973 1300/3892/973
f 1303/3893/974 1301/3894/974 1302/3895/974 1304/3896/974
f 1301/3897/975 1297/3898/975 1298/3899/975 1302/3900/975
f 1300/3901/976 1299/3902/976 1303/3903/976 1304/3904/976
f 1299/3905/977 1297/3906/977 1301/3907/977 1303/3908/977
f 1302/3909/978 1298/3910/978 1300/3911/978 1304/3912/978
f 1306/3913/979 1305/3914/979 1307/3915/979 1308/3916/979
f 1311/3917/980 1309/3918/980 1310/3919/980 1312/3920/980
f 1309/3921/981 1305/3922/981 1306/3923/981 1310/3924/981
f 1308/3925/982 1307/3926/982 1311/3927/982 1312/3928/982
f 1307/3929/983 1305/3930/983 1309/3931/983 1311/3932/983
f 1310/3933/984 1306/3934/984 1308/3935/984 1312/3936/984
f 1314/3937/985 1313/3938/985 1315/3939/985 1316/3940/985
f 1319/3941/986 1317/3942/986 1318/3943/986 1320/3944/986
f 1317/3945/987 1313/3946/987 1314/3947/987 1318/3948/987
f 1316/3949/988 1315/3950/988 1319/3951/988 1320/3952/988
f 1315/3953/989 1313/3954/989 1317/3955/989 1319/3956/989
f 1318/3957/990 1314/3958/990 1316/3959/990 1320/3960/990
f 1322/3961/991 1321/3962/991 1323/3963/991 1324/3964/991
f 1327/3965/992 1325/3966/992 1326/3967/992 1328/3968/992
f 1325/3969/993 1321/3970/993 1322/3971/993 1326/3972/993
f 1324/3973/994 1323/3974/994 1327/3975/994 1328/3976/994
f 1323/3977/995 1321/3978/995 1325/3979/995 1327/3980/995
f 1326/3981/996 1322/3982/996 1324/3983/996 1328/3984/996
f 1330/3985/997 1329/3986/997 1331/3987/997 1332/3988/997
f 1335/3989/998 1333/3990/998 1334/3991/998 1336/3992/998
f 1333/3993/999 1329/3994/999 1330/3995/999 1334/3996/999
f 1332/3997/1000 1331/3998/1000 1335/3999/1000 1336/4000/1000
f 1331/4001/1001 1329/4002/1001 1333/4003/1001 1335/4004/1001
f 1334/4005/1002 1330/4006/1002 1332/4007/1002 1336/4008/1002
f 1338/4009/1003 1337/4010/1003 1339/4011/1003 1340/4012/1003
f 1343/4013/1004 1341/4014/1004 1342/4015/1004 1344/4016/1004
f 1341/4017/1005 1337/4018/1005 1338/4019/1005 1342/4020/1005
f 1340/4021/1006 1339/4022/1006 1343/4023/1006 1344/4024/1006
f 1339/4025/1007 1337/4026/1007 1341/4027/1007 1343/4028/1007
f 1342/4029/1008 1338/4030/1008 1340/4031/1008 1344/4032/1008
f 1346/4033/1009 1345/4034/1009 1347/4035/1009 1348/4036/1009
f 1351/4037/1010 1349/4038/1010 1350/4039/1010 1352/4040/1010
f 1349/4041/1011 1345/4042/1011 1346/4043/1011 1350/4044/1011
f 1348/4045/1012 1347/4046/1012 1351/4047/1012 1352/4048/1012
f 1347/4049/1013 1345/4050/1013 1349/4051/1013 1351/4052/1013
f 1350/4053/1014 1346/4054/1014 1348/4055/1014 1352/4056/1014
f 1354/4057/1015 1353/4058/1015 1355/4059/1015 1356/4060/1015
f 1359/4061/1016 1357/4062/1016 1358/4063/1016 1360/4064/1016
f 1357/4065/1017 1353/4066/1017 1354/4067/1017 1358/4068/1017
f 1356/4069/1018 1355/4070/1018 1359/4071/1018 1360/4072/1018
f 1355/4073/1019 1353/4074/1019 1357/4075/1019 1359/4076/1019
f 1358/4077/1020 1354/4078/1020 1356/4079/1020 1360/4080/1020
f 1362/4081/1021 1361/4082/1021 1363/4083/1021 1364/4084/1021
f 1367/4085/1022 1365/4086/1022 1366/4087/1022 1368/4088/1022
f 1365/4089/1023 1361/4090/1023 1362/4091/1023 1366/4092/1023
f 1364/4093/1024 1363/4094/1024 1367/4095/1024 1368/4096/1024
f 1363/4097/1025 1361/4098/1025 1365/4099/1025 1367/4100/1025
f 1366/4101/1026 1362/4102/1026 1364/4103/1026 1368/4104/1026
f 1370/4105/1027 1369/4106/1027 1371/4107/1027 1372/4108/1027
f 1375/4109/1028 1373/4110/1028 1374/4111/1028 1376/4112/1028
f 1373/4113/1029 1369/4114/1029 1370/4115/1029 1374/4116/1029
f 1372/4117/1030 1371/4118/1030 1375/4119/1030 1376/4120/1030
f 1371/4121/1031 1369/4122/1031 1373/4123/1031 1375/4124/1031
f 1374/4125/1032 1370/4126/1032 1372/4127/1032 1376/4128/1032
f 1378/4129/1033 1377/4130/1033 1379/4131/1033 1380/4132/1033
f 1383/4133/1034 1381/4134/1034 1382/4135/1034 1384/4136/1034
f 1381/4137/1035 1377/4138/1035 1378/4139/1035 1382/4140/1035
f 1380/4141/1036 1379/4142/1036 1383/4143/1036 1384/4144/1036
f 1379/4145/1037 1377/4146/1037 1381/4147/1037 1383/4148/1037
f 1382/4149/1038 1378/4150/1038 1380/4151/1038 1384/4152/1038
f 1386/4153/1039 1385/4154/1039 1387/4155/1039 1388/4156/1039
f 1391/4157/1040 1389/4158/1040 1390/4159/1040 1392/4160/1040
f 1389/4161/1041 1385/4162/1041 1386/4163/1041 1390/4164/1041
f 1388/4165/1042 1387/4166/1042 1391/4167/1042 1392/4168/1042
f 1387/4169/1043 1385/4170/1043 1389/4171/1043 1391/4172/1043
f 1390/4173/1044 1386/4174/1044 1388/4175/1044 1392/4176/1044
f 1394/4177/1045 1393/4178/1045 1395/4179/1045 1396/4180/1045
f 1399/4181/1046 1397/4182/1046 1398/4183/1046 1400/4184/1046
f 1397/4185/1047 1393/4186/1047 1394/4187/1047 1398/4188/1047
f 1396/4189/1048 1395/4190/1048 1399/4191/1048 1400/4192/1048
f 1395/4193/1049 1393/4194/1049 1397/4195/1049 1399/4196/1049
f 1398/4197/1050 1394/4198/1050 1396/4199/1050 1400/4200/1050
f 1402/4201/1051 1401/4202/1051 1403/4203/1051 1404/4204/1051
f 1407/4205/1052 1405/4206/1052 1406/4207/1052 1408/4208/1052
f 1405/4209/1053 1401/4210/1053 1402/4211/1053 1406/4212/1053
f 1404/4213/1054 1403/4214/1054 1407/4215/1054 1408/4216/1054
f 1403/4217/1055 1401/4218/1055 1405/4219/1055 1407/4220/1055
f 1406/4221/1056 1402/4222/1056 1404/4223/1056 1408/4224/1056
f 1410/4225/1057 1409/4226/1057 1411/4227/1057 1412/4228/1057
f 1415/4229/1058 1413/4230/1058 1414/4231/1058 1416/4232/1058
f 1413/4233/1059 1409/4234/1059 1410/4235/1059 1414/4236/1059
f 1412/4237/1060 1411/4238/1060 1415/4239/1060 1416/4240/1060
f 1411/4241/1061 1409/4242/1061 1413/4243/1061 1415/4244/1061
f 1414/4245/1062 1410/4246/1062 1412/4247/1062 1416/4248/1062
f 1418/4249/1063 1417/4250/1063 1419/4251/1063 1420/4252/1063
f 1423/4253/1064 1421/4254/1064 1422/4255/1064 1424/4256/1064
f 1421/4257/1065 1417/4258/1065 1418/4259/1065 1422/4260/1065
f 1420/4261/1066 1419/4262/1066 1423/4263/1066 1424/4264/1066
f 1419/4265/1067 1417/4266/1067 1421/4267/1067 1423/4268/1067
f 1422/4269/1068 1418/4270/1068 1420/4271/1068 1424/4272/1068
f 1426/4273/1069 1425/4274/1069 1427/4275/1069 1428/4276/1069
f 1431/4277/1070 1429/4278/1070 1430/4279/1070 1432/4280/1070
f 1429/4281/1071 1425/4282/1071 1426/4283/1071 1430/4284/1071
f 1428/4285/1072 1427/4286/1072 1431/4287/1072 1432/4288/1072
f 1427/4289/1073 1425/4290/1073 1429/4291/1073 1431/4292/1073
f 1430/4293/1074 1426/4294/1074 1428/4295/1074 1432/4296/1074
f 1434/4297/1075 1433/4298/1075 1435/4299/1075 1436/4300/1075
f 1439/4301/1076 1437/4302/1076 1438/4303/1076 1440/4304/1076
f 1437/4305/1077 1433/4306/1077 1434/4307/1077 1438/4308/1077
f 1436/4309/1078 1435/4310/1078 1439/4311/1078 1440/4312/1078
f 1435/4313/1079 1433/4314/1079 1437/4315/1079 1439/4316/1079
f 1438/4317/1080 1434/4318/1080 1436/4319/1080 1440/4320/1080
f 1442/4321/1081 1441/4322/1081 1443/4323/1081 1444/4324/1081
f 1447/4325/1082 1445/4326/1082 1446/4327/1082 1448/4328/1082
f 1445/4329/1083 1441/4330/1083 1442/4331/1083 1446/4332/1083
f 1444/4333/1084 1443/4334/1084 1447/4335/1084 1448/4336/1084
f 1443/4337/1085 1441/4338/1085 1445/4339/1085 1447/4340/1085
f 1446/4341/1086 1442/4342/1086 1444/4343/1086 1448/4344/1086
f 1450/4345/1087 1449/4346/1087 1451/4347/1087 1452/4348/1087
f 1455/4349/1088 1453/4350/1088 1454/4351/1088 1456/4352/1088
f 1453/4353/1089 1449/4354/1089 1450/4355/1089 1454/4356/1089
f 1452/4357/1090 1451/4358/1090 1455/4359/1090 1456/4360/1090
f 1451/4361/1091 1449/4362/1091 1453/4363/1091 1455/4364/1091
f 1454/4365/1092 1450/4366/1092 1452/4367/1092 1456/4368/1092
f 1458/4369/1093 1457/4370/1093 1459/4371/1093 1460/4372/1093
f 1463/4373/1094 1461/4374/1094 1462/4375/1094 1464/4376/1094
f 1461/4377/1095 1457/4378/1095 1458/4379/1095 1462/4380/1095
f 1460/4381/1096 1459/4382/1096 1463/4383/1096 1464/4384/1096
f 1459/4385/1097 1457/4386/1097 1461/4387/1097 1463/4388/1097
f 1462/4389/1098 1458/4390/1098 1460/4391/1098 1464/4392/1098
f 1466/4393/1099 1465/4394/1099 1467/4395/1099 1468/4396/1099
f 1471/4397/1100 1469/4398/1100 1470/4399/1100 1472/4400/1100
f 1469/4401/1101 1465/4402/1101 1466/4403/1101 1470/4404/1101
f 1468/4405/1102 1467/4406/1102 1471/4407/1102 1472/4408/1102
f 1467/4409/1103 1465/4410/1103 1469/4411/1103 1471/4412/1103
f 1470/4413/1104 1466/4414/1104 1468/4415/1104 1472/4416/1104
f 1474/4417/1105 1473/4418/1105 1475/4419/1105 1476/4420/1105
f 1479/4421/1106 1477/4422/1106 1478/4423/1106 1480/4424/1106
f 1477/4425/1107 1473/4426/1107 1474/4427/1107 1478/4428/1107
f 1476/4429/1108 1475/4430/1108 1479/4431/1108 1480/4432/1108
f 1475/4433/1109 1473/4434/1109 1477/4435/1109 1479/4436/1109
f 1478/4437/1110 1474/4438/1110 1476/4439/1110 1480/4440/1110
f 1482/4441/1111 1481/4442/1111 1483/4443/1111 1484/4444/1111
f 1487/4445/1112 1485/4446/1112 1486/4447/1112 1488/4448/1112
f 1485/4449/1113 1481/4450/1113 1482/4451/1113 1486/4452/1113
f 1484/4453/1114 1483/4454/1114 1487/4455/1114 1488/4456/1114
f 1483/4457/1115 1481/4458/1115 1485/4459/1115 1487/4460/1115
f 1486/4461/1116 1482/4462/1116 1484/4463/1116 1488/4464/1116
f 1490/4465/1117 1489/4466/1117 1491/4467/1117 1492/4468/1117
f 1495/4469/1118 1493/4470/1118 1494/4471/1118 1496/4472/1118
f 1493/4473/1119 1489/4474/1119 1490/4475/1119 1494/4476/1119
f 1492/4477/1120 1491/4478/1120 1495/4479/1120 1496/4480/1120
f 1491/4481/1121 1489/4482/1121 1493/4483/1121 1495/4484/1121
f 1494/4485/1122 1490/4486/1122 1492/4487/1122 1496/4488/1122
f 1498/4489/1123 1497/4490/1123 1499/4491/1123 1500/4492/1123
f 1503/4493/1124 1501/4494/1124 1502/4495/1124 1504/4496/1124
f 1501/4497/1125 1497/4498/1125 1498/4499/1125 1502/4500/1125
f 1500/4501/1126 1499/4502/1126 1503/4503/1126 1504/4504/1126
f 1499/4505/1127 1497/4506/1127 1501/4507/1127 1503/4508/1127
f 1502/4509/1128 1498/4510/1128 1500/4511/1128 1504/4512/1128
f 1506/4513/1129 1505/4514/1129 1507/4515/1129 1508/4516/1129
f 1511/4517/1130 1509/4518/1130 1510/4519/1130 1512/4520/1130
f 1509/4521/1131 1505/4522/1131 1506/4523/1131 1510/4524/1131
f 1508/4525/1132 1507/4526/1132 1511/4527/1132 1512/4528/1132
f 1507/4529/1133 1505/4530/1133 1509/4531/1133 1511/4532/1133
f 1510/4533/1134 1506/4534/1134 1508/4535/1134 1512/4536/1134
f 1514/4537/1135 1513/4538/1135 1515/4539/1135 1516/4540/1135
f 1519/4541/1136 1517/4542/1136 1518/4543/1136 1520/4544/1136
f 1517/4545/1137 1513/4546/1137 1514/4547/1137 1518/4548/1137
f 1516/4549/1138 1515/4550/1138 1519/4551/1138 1520/4552/1138
f 1515/4553/1139 1513/4554/1139 1517/4555/1139 1519/4556/1139
f 1518/4557/1140 1514/4558/1140 1516/4559/1140 1520/4560/1140
f 1522/4561/1141 1521/4562/1141 1523/4563/1141 1524/4564/1141
f 1527/4565/1142 1525/4566/1142 1526/4567/1142 1528/4568/1142
f 1525/4569/1143 1521/4570/1143 1522/4571/1143 1526/4572/1143
f 1524/4573/1144 1523/4574/1144 1527/4575/1144 1528/4576/1144
f 1523/4577/1145 1521/4578/1145 1525/4579/1145 1527/4580/1145
f 1526/4581/1146 1522/4582/1146 1524/4583/1146 1528/4584/1146
f 1530/4585/1147 1529/4586/1147 1531/4587/1147 1532/4588/1147
f 1535/4589/1148 1533/4590/1148 1534/4591/1148 1536/4592/1148
f 1533/4593/1149 1529/4594/1149 1530/4595/1149 1534/4596/1149
f 1532/4597/1150 1531/4598/1150 1535/4599/1150 1536/4600/1150
f 1531/4601/1151 1529/4602/1151 1533/4603/1151 1535/4604/1151
f 1534/4605/1152 1530/4606/1152 1532/4607/1152 1536/4608/1152
f 1538/4609/1153 1537/4610/1153 1539/4611/1153 1540/4612/1153
f 1543/4613/1154 1541/4614/1154 1542/4615/1154 1544/4616/1154
f 1541/4617/1155 1537/4618/1155 1538/4619/1155 1542/4620/1155
f 1540/4621/1156 1539/4622/1156 1543/4623/1156 1544/4624/1156
f 1539/4625/1157 1537/4626/1157 1541/4627/1157 1543/4628/1157
f 1542/4629/1158 1538/4630/1158 1540/4631/1158 1544/4632/1158
f 1546/4633/1159 1545/4634/1159 1547/4635/1159 1548/4636/1159
f 1551/4637/1160 1549/4638/1160 1550/4639/1160 1552/4640/1160
f 1549/4641/1161 1545/4642/1161 1546/4643/1161 1550/4644/1161
f 1548/4645/1162 1547/4646/1162 1551/4647/1162 1552/4648/1162
f 1547/4649/1163 1545/4650/1163 1549/4651/1163 1551/4652/1163
f 1550/4653/1164 1546/4654/1164 1548/4655/1164 1552/4656/1164
f 1554/4657/1165 1553/4658/1165 1555/4659/1165 1556/4660/1165
f 1559/4661/1166 1557/4662/1166 1558/4663/1166 1560/4664/1166
f 1557/4665/1167 1553/4666/1167 1554/4667/1167 1558/4668/1167
f 1556/4669/1168 1555/4670/1168 1559/4671/1168 1560/4672/1168
f 1555/4673/1169 1553/4674/1169 1557/4675/1169 1559/4676/1169
f 1558/4677/1170 1554/4678/1170 1556/4679/1170 1560/4680/1170
f 1562/4681/1171 1561/4682/1171 1563/4683/1171 1564/4684/1171
f 1567/4685/1172 1565/4686/1172 1566/4687/1172 1568/4688/1172
f 1565/4689/1173 1561/4690/1173 1562/4691/1173 1566/4692/1173
f 1564/4693/1174 1563/4694/1174 1567/4695/1174 1568/4696/1174
f 1563/4697/1175 1561/4698/1175 1565/4699/1175 1567/4700/1175
f 1566/4701/1176 1562/4702/1176 1564/4703/1176 1568/4704/1176
f 1570/4705/1177 1569/4706/1177 1571/4707/1177 1572/4708/1177
f 1575/4709/1178 1573/4710/1178 1574/4711/1178 1576/4712/1178
f 1573/4713/1179 1569/4714/1179 1570/4715/1179 1574/4716/1179
f 1572/4717/1180 1571/4718/1180 1575/4719/1180 1576/4720/1180
f 1571/4721/1181 1569/4722/1181 1573/4723/1181 1575/4724/1181
f 1574/4725/1182 1570/4726/1182 1572/4727/1182 1576/4728/1182